url,latest_timestamp,title,n_captures_200
https://www.haascnc.com/service/troubleshooting-and-how-to/troubleshooting/30t-40t-spindle-motor---troubleshooting-guide---ngc.html,20250715080424,30T/40T Spindle Motor - Troubleshooting Guide - NGC,3
https://www.haascnc.com/service/troubleshooting-and-how-to/troubleshooting/320v-power-supply--mmps----troubleshooting-guide---ngc.html,20221201195821,320V Power Supply (MMPS) - Troubleshooting Guide - NGC,2
https://www.haascnc.com/service/troubleshooting-and-how-to/troubleshooting/40t---gearbox---troubleshooting-guide---ngc.html,20250415183601,,5
https://www.haascnc.com/service/troubleshooting-and-how-to/troubleshooting/5-axis-troubleshooting-guide.html,20260214053735,,8
https://www.haascnc.com/service/troubleshooting-and-how-to/troubleshooting/50t---gearbox---troubleshooting-guide---chc.html,20250806153551,,5
https://www.haascnc.com/service/troubleshooting-and-how-to/troubleshooting/50t---gearbox---troubleshooting-guide---ngc.html,20220816155719,,1
https://www.haascnc.com/service/troubleshooting-and-how-to/troubleshooting/8m-pcb---troubleshooting-guide---chc.html,20250115170837,,3
https://www.haascnc.com/service/troubleshooting-and-how-to/troubleshooting/8m-pcb-troubleshooting-guide.html,20220528033957,,1
https://www.haascnc.com/service/troubleshooting-and-how-to/troubleshooting/acme-screw-tailstock----troubleshooting-guide.html,20250826034154,,3
https://www.haascnc.com/service/troubleshooting-and-how-to/troubleshooting/active-ballscrew-compensation---troubleshooting-guide.html,20240709045203,Active Ballscrew Compensation - Troubleshooting Guide,1
https://www.haascnc.com/service/troubleshooting-and-how-to/troubleshooting/analog-sensors---troubleshooting-guide---ngc.html,20250826034150,Analog Sensors - Troubleshooting Guide - NGC,5
https://www.haascnc.com/service/troubleshooting-and-how-to/troubleshooting/analog-sensors---troubleshooting-guide.html,20250826034150,,8
https://www.haascnc.com/service/troubleshooting-and-how-to/troubleshooting/apl---troubleshooting-guide---ngc.html,20241009194757,,5
https://www.haascnc.com/service/troubleshooting-and-how-to/troubleshooting/auger-system-troubleshooting-guide.html,20260211002028,Chip Auger System - Troubleshooting Guide - TG0049,8
https://www.haascnc.com/service/troubleshooting-and-how-to/troubleshooting/auto-air-gun-troubleshooting-guide.html,20230321150033,,4
https://www.haascnc.com/service/troubleshooting-and-how-to/troubleshooting/auto-window---troubleshooting-guide.html,20250710130441,,1
https://www.haascnc.com/service/troubleshooting-and-how-to/troubleshooting/automatic-tool-presetter--atp----troubleshooting-guide.html,20260308191111,Automatic Tool Presetter (ATP) - Troubleshooting Guide - TG0031,3
https://www.haascnc.com/service/troubleshooting-and-how-to/troubleshooting/Ballscrew_Troubleshooting_Guide.html,20250715223107,Ballscrew - Troubleshooting Guide,6
https://www.haascnc.com/service/troubleshooting-and-how-to/troubleshooting/bmt-65-75---turret-indexer-assembly---troubleshooting-guide.html,20260217123440,,2
https://www.haascnc.com/service/troubleshooting-and-how-to/troubleshooting/bmt-65-75--live-tooling-troubleshooting-guide.html,20260217123440,,3
https://www.haascnc.com/service/troubleshooting-and-how-to/troubleshooting/bmt-live-tooling-troubleshooting-guide.html,20221128034734,,5
https://www.haascnc.com/service/troubleshooting-and-how-to/troubleshooting/bmt45---live-tooling---troubleshooting-guide.html,20260217123440,,2
https://www.haascnc.com/service/troubleshooting-and-how-to/troubleshooting/bmt45---turret-indexer-assembly---troubleshooting-guide.html,20260217123440,,2
https://www.haascnc.com/service/troubleshooting-and-how-to/troubleshooting/broken-tool-detection---troubleshooting-guide.html,20250812235932,,2
https://www.haascnc.com/service/troubleshooting-and-how-to/troubleshooting/c-axis---st-15-30---ngc---troubleshooting-guide.alarm=general_9918-0000.html,20241211122152,,1
https://www.haascnc.com/service/troubleshooting-and-how-to/troubleshooting/c-axis---st-15-30---ngc---troubleshooting-guide.html,20250616184120,,5
https://www.haascnc.com/service/troubleshooting-and-how-to/troubleshooting/Cabinet-Cooler-TSG.html,20250711053547,Cabinet Cooler Troubleshooting Guide,4
https://www.haascnc.com/service/troubleshooting-and-how-to/troubleshooting/can-bus-systems---troubleshooting-guide.html,20250717003756,CAN Bus Systems - Troubleshooting Guide,4
https://www.haascnc.com/service/troubleshooting-and-how-to/troubleshooting/can-dc-autodoor-troubleshooting-guide---ngc.html,20250715034326,,3
https://www.haascnc.com/service/troubleshooting-and-how-to/troubleshooting/can-lube-panel-and-spindle-head---troubleshooting-guide.html,20241016034030,CAN Lube Panel and Spindle Head - Troubleshooting Guide,4
https://www.haascnc.com/service/troubleshooting-and-how-to/troubleshooting/chip-management---troubleshooting-guide.html,20260211002014,Chip Management - Troubleshooting Guide - TG0050,3
https://www.haascnc.com/service/troubleshooting-and-how-to/troubleshooting/circuit-breaker---troubleshooting-guide.html,20250715140948,Circuit Breaker - Troubleshooting Guide,2
https://www.haascnc.com/service/troubleshooting-and-how-to/troubleshooting/cl-1-bar-pusher-troubleshooting-guide.html,20250803091159,,4
https://www.haascnc.com/service/troubleshooting-and-how-to/troubleshooting/classic-haas-control---i-o-pcb---troubleshooting-guide.html,20250810093642,,5
https://www.haascnc.com/service/troubleshooting-and-how-to/troubleshooting/classic-haas-control---maincon---mocon---software-update-trouble.html,20241207111407,,9
https://www.haascnc.com/service/troubleshooting-and-how-to/troubleshooting/conveyor-system---troubleshooting-guide.html,20260211002018,Conveyor System - Troubleshooting Guide - TG0053,8
https://www.haascnc.com/service/troubleshooting-and-how-to/troubleshooting/coolant-refill-option-troubleshooting-guide.html,20250617203100,,2
https://www.haascnc.com/service/troubleshooting-and-how-to/troubleshooting/coolant-vfd---troubleshooting-guide-.html,20250815115110,,3
https://www.haascnc.com/service/troubleshooting-and-how-to/troubleshooting/dc-auto-door---troubleshooting-guide---chc.html,20250502222739,,2
https://www.haascnc.com/service/troubleshooting-and-how-to/troubleshooting/dc-auto-door-troubleshooting-guide.html,20240721033056,,5
https://www.haascnc.com/service/troubleshooting-and-how-to/troubleshooting/desktop-mill---troubleshooting-guide.html,20250813044904,,4
https://www.haascnc.com/service/troubleshooting-and-how-to/troubleshooting/drive-belt-troubleshooting-guide.html,20250804152805,,4
https://www.haascnc.com/service/troubleshooting-and-how-to/troubleshooting/ec-1600---rotary---troubleshooting-guide.html,20250713052731,,5
https://www.haascnc.com/service/troubleshooting-and-how-to/troubleshooting/ec-vc-rotary---troubleshooting-guide.html,20250826034150,,3
https://www.haascnc.com/service/troubleshooting-and-how-to/troubleshooting/electrical-safety-door-interlocks-troubleshooting-guide.html,20260302133437,Electrical Safety Door Interlocks - Troubleshooting Guide - TG0063,11
https://www.haascnc.com/service/troubleshooting-and-how-to/troubleshooting/enclosure-exhaust-troubleshooting-guide.html,20260302133436,,6
https://www.haascnc.com/service/troubleshooting-and-how-to/troubleshooting/foot-pedal---troubleshooting-guide---ngc.html,20250826034154,,2
https://www.haascnc.com/service/troubleshooting-and-how-to/troubleshooting/foot-pedal-troubleshooting-guide.html,20250720000348,,6
https://www.haascnc.com/service/troubleshooting-and-how-to/troubleshooting/gauges-pneumatic-hydraulic-troubleshooting-guide.html,20250720165250,Gauges (Pneumatic and Hydraulic) Troubleshooting Guide,6
https://www.haascnc.com/service/troubleshooting-and-how-to/troubleshooting/gearbox---troubleshooting-guide.html,20250804064211,,6
https://www.haascnc.com/service/troubleshooting-and-how-to/troubleshooting/gearbox---troubleshooting-guide.pdf,20190916082359,,1
https://www.haascnc.com/service/troubleshooting-and-how-to/troubleshooting/haas-axis-lubrication-oil---troubleshooting-guide.html,20260219041442,Haas Axis Lubrication Oil - Troubleshooting Guide - TG0075,8
https://www.haascnc.com/service/troubleshooting-and-how-to/troubleshooting/haas-bar-feeder---troubleshooting-guide.html,20250522194305,,5
https://www.haascnc.com/service/troubleshooting-and-how-to/troubleshooting/haas-cobot-package---troubleshooting-guide.html,20250506120523,,2
https://www.haascnc.com/service/troubleshooting-and-how-to/troubleshooting/haas-hydraulic-power-unit---troubleshooting-guide.html,20250826034150,,4
https://www.haascnc.com/service/troubleshooting-and-how-to/troubleshooting/haas-liquid-grease---troubleshooting-guide.html,20260306013646,Haas Liquid Grease - Troubleshooting Guide - TG0079,12
https://www.haascnc.com/service/troubleshooting-and-how-to/troubleshooting/haas-pneumatic-vise---umc-series----troubleshooting-guide.html,20230605111400,,1
https://www.haascnc.com/service/troubleshooting-and-how-to/troubleshooting/haas-robot---troubleshooting-guide.html,20241204084232,,5
https://www.haascnc.com/service/troubleshooting-and-how-to/troubleshooting/haasdrop---troubleshooting-guide---ngc.html,20220630131237,,4
https://www.haascnc.com/service/troubleshooting-and-how-to/troubleshooting/high-pressure-flood-coolant--hpfc----troubleshooting-guide---ngc.html,20250401005525,,2
https://www.haascnc.com/service/troubleshooting-and-how-to/troubleshooting/high-voltage-power-supply--mmps----troubleshooting-guide.html,20240909073419,,6
https://www.haascnc.com/service/troubleshooting-and-how-to/troubleshooting/hpc-300-1k---troubleshooting-guide---ngc.html,20240418192248,,3
https://www.haascnc.com/service/troubleshooting-and-how-to/troubleshooting/hpc-coolant-chc-troubleshooting-guide.html,20250623123646,,6
https://www.haascnc.com/service/troubleshooting-and-how-to/troubleshooting/hsk---spindle---troubleshooting-guide.html,20240418194107,,5
https://www.haascnc.com/service/troubleshooting-and-how-to/troubleshooting/hts400---troubleshooting-guide.html,20250815033858,,3
https://www.haascnc.com/service/troubleshooting-and-how-to/troubleshooting/hydraulic-actuator-troubleshooting-guide.html,20250826034150,,8
https://www.haascnc.com/service/troubleshooting-and-how-to/troubleshooting/hydraulic-chuck-troubleshooting-guide.html,20250826034150,,9
https://www.haascnc.com/service/troubleshooting-and-how-to/troubleshooting/hydraulic-counterbalance---troubleshooting-guide.html,20250713082317,,5
https://www.haascnc.com/service/troubleshooting-and-how-to/troubleshooting/hydraulic-rotary-brake-booster---troubleshooting-guide---chc.html,20241015222708,,6
https://www.haascnc.com/service/troubleshooting-and-how-to/troubleshooting/hydraulic-rotary-brake-booster-troubleshooting-guide.html,20260214053735,,8
https://www.haascnc.com/service/troubleshooting-and-how-to/troubleshooting/hydraulic-tailstock-troubleshooting-guide.html,20250826034155,,8
https://www.haascnc.com/service/troubleshooting-and-how-to/troubleshooting/hydraulic-vise---troubleshooting-guide.html,20250826034151,,1
https://www.haascnc.com/service/troubleshooting-and-how-to/troubleshooting/keypad-troubleshooting-guide.html,20250712140107,Keypad - Troubleshooting Guide,6
https://www.haascnc.com/service/troubleshooting-and-how-to/troubleshooting/lathe---live-tooling---troubleshooting-guide.html,20250620005347,,8
https://www.haascnc.com/service/troubleshooting-and-how-to/troubleshooting/lathe-chatter---troubleshooting.html,20240420190802,,3
https://www.haascnc.com/service/troubleshooting-and-how-to/troubleshooting/Lathe-Spindle-Troubleshooting-Guide.html,20250826034151,,9
https://www.haascnc.com/service/troubleshooting-and-how-to/troubleshooting/light-curtain---troubleshooting-guide.html,20240928032431,,2
https://www.haascnc.com/service/troubleshooting-and-how-to/troubleshooting/lighting-troubleshooting-guide.html,20250319191606,,4
https://www.haascnc.com/service/troubleshooting-and-how-to/troubleshooting/mechanical-limit-switch---troubleshooting-guide.html,20241113030135,Mechanical Limit Switch - Troubleshooting Guide,4
https://www.haascnc.com/service/troubleshooting-and-how-to/troubleshooting/mechanical_bijur_lube_pump_TSG.html,20260305120217,,12
https://www.haascnc.com/service/troubleshooting-and-how-to/troubleshooting/mill---spindle---troubleshooting-guide.html,20241206171450,Mill Spindle - Troubleshooting Guide,5
https://www.haascnc.com/service/troubleshooting-and-how-to/troubleshooting/mill-accuracy---troubleshooting-guide.html,20241212175510,Mill Accuracy - Troubleshooting guide,1
https://www.haascnc.com/service/troubleshooting-and-how-to/troubleshooting/mill-chatter---troubleshooting.html,20230325040955,Mill Chatter - Troubleshooting,1
https://www.haascnc.com/service/troubleshooting-and-how-to/troubleshooting/minimum-quantity-lubrication---troubleshooting-guide.html,20250709132116,,6
https://www.haascnc.com/service/troubleshooting-and-how-to/troubleshooting/mist-condenser-troubleshooting-guide.html,20241208120601,,1
https://www.haascnc.com/service/troubleshooting-and-how-to/troubleshooting/myhaas---troubleshooting-guide---ngc.html,20250624230220,,1
https://www.haascnc.com/service/troubleshooting-and-how-to/troubleshooting/networking-troubleshooting-guide---ngc.html,20250814073930,Networking - Troubleshooting Guide - NGC,5
https://www.haascnc.com/service/troubleshooting-and-how-to/troubleshooting/next-generation-control---i-o-pcb---troubleshooting-guide.html,20250720002316,I/O PCB - Troubleshooting Guide - NGC,8
https://www.haascnc.com/service/troubleshooting-and-how-to/troubleshooting/next-generation-control---maincon---software-update-troubleshoot.html,20250324001118,"15"" LCD Main Processor PCB - Troubleshooting Guide - NGC",6
https://www.haascnc.com/service/troubleshooting-and-how-to/troubleshooting/next-generation-control---power-distribution-pcb-and-pfdm---trou.html,20250909192005,PSUP PCB - Troubleshooting Guide - NGC,7
https://www.haascnc.com/service/troubleshooting-and-how-to/troubleshooting/next-generation-control---power-on-off-circuit--main-transformer.html,20210417122948,Power On/Off Circuit - Main Transformer - Troubleshooting Guide - NGC,1
https://www.haascnc.com/service/troubleshooting-and-how-to/troubleshooting/next-generation-control---skbif---lcd-monitor---troubleshooting-.html,20250428202055,SKBIF / LCD Monitor - Troubleshooting Guide - NGC,6
https://www.haascnc.com/service/troubleshooting-and-how-to/troubleshooting/ngc-software---troubleshooting-guide.html,20250328090837,NGC Software - Troubleshooting Guide,8
https://www.haascnc.com/service/troubleshooting-and-how-to/troubleshooting/oil-skimmer---how-it-works-and-troubleshooting-guide.html,20250719084831,,4
https://www.haascnc.com/service/troubleshooting-and-how-to/troubleshooting/pallet-changer---ngc---troubleshooting-guide.html,20250118160438,,7
https://www.haascnc.com/service/troubleshooting-and-how-to/troubleshooting/pallet-pool---ngc---troubleshooting-guide.html,20210416213757,,1
https://www.haascnc.com/service/troubleshooting-and-how-to/troubleshooting/parts-catcher--pcat----troubleshooting-guide.html,20241206011152,,1
https://www.haascnc.com/service/troubleshooting-and-how-to/troubleshooting/pneumatic-safety-door-interlocks-troubleshooting-guide.html,20260302133437,Pneumatic Safety Door Interlocks Troubleshooting Guide - TG0110,5
https://www.haascnc.com/service/troubleshooting-and-how-to/troubleshooting/pneumatic-vise---troubleshooting-guide.html,20230329134618,,1
https://www.haascnc.com/service/troubleshooting-and-how-to/troubleshooting/power-distribution-pcb-chc-troubleshooting-guide.html,20241009182621,,4
https://www.haascnc.com/service/troubleshooting-and-how-to/troubleshooting/power-fault-detect-module--pfdm---troubleshooting-guide--classic.html,20250121120833,,5
https://www.haascnc.com/service/troubleshooting-and-how-to/troubleshooting/programmable-coolant---troubleshooting-guide.html,20250717064503,P-COOL - Troubleshooting Guide,7
https://www.haascnc.com/service/troubleshooting-and-how-to/troubleshooting/programmable-pressure-adjustment-valve-troubleshooting-guide.html,20250826034151,,4
https://www.haascnc.com/service/troubleshooting-and-how-to/troubleshooting/proximity-sensor---troubleshooting-guide.html,20250808055439,,6
https://www.haascnc.com/service/troubleshooting-and-how-to/troubleshooting/pulsejet---troubleshooting-guide.html,20250319130547,,3
https://www.haascnc.com/service/troubleshooting-and-how-to/troubleshooting/regen---troubleshooting-guide.html,20220117171031,,1
https://www.haascnc.com/service/troubleshooting-and-how-to/troubleshooting/regen-vector-drive---troubleshooting-guide---ngc.html,20250808044543,Regen Vector Drive - Troubleshooting Guide - NGC,6
https://www.haascnc.com/service/troubleshooting-and-how-to/troubleshooting/remote-jog-handle---troubleshooting-guide---ngc.html,20240909091356,,6
https://www.haascnc.com/service/troubleshooting-and-how-to/troubleshooting/remote-jog-handle---troubleshooting-guide.html,20250119004351,,8
https://www.haascnc.com/service/troubleshooting-and-how-to/troubleshooting/rotary---troubleshooting-guide---ngc.html,20260214053736,,8
https://www.haascnc.com/service/troubleshooting-and-how-to/troubleshooting/rotary---troubleshooting-guide.html,20260214053736,,7
https://www.haascnc.com/service/troubleshooting-and-how-to/troubleshooting/rotary-servo-control-box---troubleshooting-guide.html,20260214053737,,4
https://www.haascnc.com/service/troubleshooting-and-how-to/troubleshooting/servo-amplifier---troubleshooting-guide---ngc.html,20250710102727,Servo Amplifier - Troubleshooting Guide - NGC,6
https://www.haascnc.com/service/troubleshooting-and-how-to/troubleshooting/servo-amplifier---troubleshooting-guide.html,20250112235524,,7
https://www.haascnc.com/service/troubleshooting-and-how-to/troubleshooting/servo-bar-300---troubleshooting-guide.html,20250719234642,,5
https://www.haascnc.com/service/troubleshooting-and-how-to/troubleshooting/side-mount-tool-changer---carousel-and-pocket---troubleshooting-.html,20260217123431,Side Mount Tool Changer (SMTC) - Carousel and Pocket - Troubleshooting Guide - TG0127,8
https://www.haascnc.com/service/troubleshooting-and-how-to/troubleshooting/Side_Mount_Tool_Changer_SMTC_Double_Arm_Troubleshooting_Guide.html,20260217123431,,9
https://www.haascnc.com/service/troubleshooting-and-how-to/troubleshooting/sigma-1---axis-servo-motor-and-cables---troubleshooting-guide.html,20241107100451,Sigma 1 - Axis Servo Motor and Cables - Troubleshooting Guide - CHC,7
https://www.haascnc.com/service/troubleshooting-and-how-to/troubleshooting/sigma-5---axis-servo-motor-and-cables---troubleshooting-guide---.html,20230605100237,Sigma 5 / 7 - Axis Servo Motor and Cables - Troubleshooting Guide - NGC,3
https://www.haascnc.com/service/troubleshooting-and-how-to/troubleshooting/sigma-5---axis-servo-motor-and-cables---troubleshooting-guide.html,20241029035829,Sigma 5 - Axis Servo Motor and Cables - Troubleshooting Guide - CHC,6
https://www.haascnc.com/service/troubleshooting-and-how-to/troubleshooting/skbif-lcd-monitor-chc-troubleshooting-guide.html,20250720103238,,6
https://www.haascnc.com/service/troubleshooting-and-how-to/troubleshooting/sl-10-20-30--st-10-15-turret-indexer-assembly--troubleshooting-g.html,20260217123441,,7
https://www.haascnc.com/service/troubleshooting-and-how-to/troubleshooting/solenoid---troubleshooting-guide.html,20250808043910,Solenoid - Troubleshooting Guide,6
https://www.haascnc.com/service/troubleshooting-and-how-to/troubleshooting/spindle---drawbar---troubleshooting-guide.html,20250717003842,Spindle - Drawbar - Troubleshooting Guide,7
https://www.haascnc.com/service/troubleshooting-and-how-to/troubleshooting/spindle-drive---how-it-works-and-troubleshooting-guide.html,20250119000053,Spindle Drive - Troubleshooting Guide - CHC,7
https://www.haascnc.com/service/troubleshooting-and-how-to/troubleshooting/spindle-encoder---troubleshooting-guide---chc.html,20231004085720,,2
https://www.haascnc.com/service/troubleshooting-and-how-to/troubleshooting/spindle-encoder---troubleshooting-guide.html,20220929174237,Spindle Encoder - Troubleshooting Guide - NGC,3
https://www.haascnc.com/service/troubleshooting-and-how-to/troubleshooting/spindle-head---troubleshooting-guide.html,20231003211502,H-5AX Spindle Head - Troubleshooting Guide,1
https://www.haascnc.com/service/troubleshooting-and-how-to/troubleshooting/spindle-minimum-lubrication-system---troubleshooting-guide.html,20260306013647,Spindle Minimum Lubrication System - Troubleshooting Guide - TG0135,12
https://www.haascnc.com/service/troubleshooting-and-how-to/troubleshooting/spindle-motor---troubleshooting-guide.html,20250115221451,,3
https://www.haascnc.com/service/troubleshooting-and-how-to/troubleshooting/st-20-25-30-35-y--ds-30-y-ss-ssy---turret-indexer-assembly---tro.html,20260217123441,,5
https://www.haascnc.com/service/troubleshooting-and-how-to/troubleshooting/standard--flood--coolant---system---troubleshooting-guide.html,20250406031528,,7
https://www.haascnc.com/service/troubleshooting-and-how-to/troubleshooting/standard-coolant---troubleshooting-guide---ngc.html,20250402234108,Standard Coolant - Troubleshooting Guide - NGC,7
https://www.haascnc.com/service/troubleshooting-and-how-to/troubleshooting/system-messages---notifications.html,20250328093211,,3
https://www.haascnc.com/service/troubleshooting-and-how-to/troubleshooting/tap-breakage-troubleshooting.html,20250805195517,,7
https://www.haascnc.com/service/troubleshooting-and-how-to/troubleshooting/through-tool-air-blast--tab----troubleshooting-guide.html,20250719173838,Through-Tool Air Blast (TAB) - Troubleshooting Guide,5
https://www.haascnc.com/service/troubleshooting-and-how-to/troubleshooting/tool-release-piston--trp----troubleshooting-guide.html,20241210021901,Tool Release Piston - Troubleshooting Guide,5
https://www.haascnc.com/service/troubleshooting-and-how-to/troubleshooting/tsc-1000-troubleshooting-guide.html,20250808042047,,4
https://www.haascnc.com/service/troubleshooting-and-how-to/troubleshooting/tsc-300-1k---troubleshooting-guide---ngc.html,20241113012120,TSC-300/1K - Troubleshooting Guide - NGC,4
https://www.haascnc.com/service/troubleshooting-and-how-to/troubleshooting/tsc-300-1k---troubleshooting-guide.html,20241212120132,,6
https://www.haascnc.com/service/troubleshooting-and-how-to/troubleshooting/tsc-union-troubleshooting-guide.html,20250119000303,TSC Compensating Union - Troubleshooting Guide,1
https://www.haascnc.com/service/troubleshooting-and-how-to/troubleshooting/umbrella-tool-changer---troubleshooting-guide.html,20260217123437,Umbrella Tool Changer - Troubleshooting Guide - TG0155,8
https://www.haascnc.com/service/troubleshooting-and-how-to/troubleshooting/umc---rotary---troubleshooting-guide.html,20250712101354,,5
https://www.haascnc.com/service/troubleshooting-and-how-to/troubleshooting/umc-750-geometry-troubleshooting.html,20240815113516,,3
https://www.haascnc.com/service/troubleshooting-and-how-to/troubleshooting/umc-applications-troubleshooting-guide.html,20250812003110,,10
https://www.haascnc.com/service/troubleshooting-and-how-to/troubleshooting/umc-pallet-pool---ngc---troubleshooting-guide.html,20250720004620,,4
https://www.haascnc.com/service/troubleshooting-and-how-to/troubleshooting/umc-workholding---troubleshooting-guide.html,20250713082449,,4
https://www.haascnc.com/service/troubleshooting-and-how-to/troubleshooting/usb---troubleshooting-guide---ngc.html,20240720122307,,2
https://www.haascnc.com/service/troubleshooting-and-how-to/troubleshooting/vector-drive---troubleshooting-guide---chc.html,20250323031934,,6
https://www.haascnc.com/service/troubleshooting-and-how-to/troubleshooting/vector-drive---troubleshooting-guide.html,20260227144130,Vector Drive - Troubleshooting Guide - NGC - TG0158,7
https://www.haascnc.com/service/troubleshooting-and-how-to/troubleshooting/vmc---pallet-pool---troubleshooting-guide.html,20250717224742,,1
https://www.haascnc.com/service/troubleshooting-and-how-to/troubleshooting/waycover-troubleshooting-guide.html,20260302133438,Way Cover - Troubleshooting Guide - TG0159,6
https://www.haascnc.com/service/troubleshooting-and-how-to/troubleshooting/wired-probe-system---troubleshooting-guide.html,20260308191103,Wired Probe System - Troubleshooting Guide - TG0160,7
https://www.haascnc.com/service/troubleshooting-and-how-to/troubleshooting/Wireless-Intuitive-Probe-System-WIPS-Troubleshooting-Guide.html,20260725164003,Wireless Intuitive Probe System - WIPS - IR - Troubleshooting Guide - TG0161,6
https://www.haascnc.com/service/troubleshooting-and-how-to/troubleshooting/wye-delta-contactor---troubleshooting-guide---chc.html,20250323155127,,5
https://www.haascnc.com/service/troubleshooting-and-how-to/troubleshooting/Wye_Delta_Contactor_Troubleshooting_Guide.html,20240723142509,,4
