file,title,url,wayback_timestamp,control_generation,n_chars,alarm_numbers_mentioned,has_symptom_table,has_electrical_safety_paragraph,new_this_run
tsg_320v_power_supply_ngc.html,320V Power Supply (MMPS) - Troubleshooting Guide - NGC,https://www.haascnc.com/service/troubleshooting-and-how-to/troubleshooting/320v-power-supply--mmps----troubleshooting-guide---ngc.html,"20221201195821 (latest in CDX; earlier copy, exact capture unknown)",NGC,6039,119;160;647;648;650,Y,Y,N
tsg_active_ballscrew_compensation.html,Active Ballscrew Compensation - Troubleshooting Guide,https://www.haascnc.com/service/troubleshooting-and-how-to/troubleshooting/active-ballscrew-compensation---troubleshooting-guide.html,20240709045203,unknown,6295,9105;9417;9701;9702;9703;9737;9798;9899,Y,N,Y
tsg_analog_sensors_ngc.html,Analog Sensors - Troubleshooting Guide - NGC,https://www.haascnc.com/service/troubleshooting-and-how-to/troubleshooting/analog-sensors---troubleshooting-guide---ngc.html,20250826034150,NGC,7847,120;151;160;253;254;937;966;2096;8134;8151;9916;9940;9941,Y,N,Y
tsg_auger_system.html,Chip Auger System - Troubleshooting Guide - TG0049,https://www.haascnc.com/service/troubleshooting-and-how-to/troubleshooting/auger-system-troubleshooting-guide.html,20260211002028,both,6689,9819;9848;9906,Y,N,Y
tsg_automatic_tool_presetter.html,Automatic Tool Presetter (ATP) - Troubleshooting Guide - TG0031,https://www.haascnc.com/service/troubleshooting-and-how-to/troubleshooting/automatic-tool-presetter--atp----troubleshooting-guide.html,20260308191111,NGC,7979,808;809;1081;1082;1083;1091;1092;1093;1099;9159;9974;9976,Y,N,Y
tsg_ballscrew.html,Ballscrew - Troubleshooting Guide,https://www.haascnc.com/service/troubleshooting-and-how-to/troubleshooting/Ballscrew_Troubleshooting_Guide.html,20250715223107,unknown,10233,103;104;105;108,Y,N,Y
tsg_cabinet_cooler.html,Cabinet Cooler Troubleshooting Guide,https://www.haascnc.com/service/troubleshooting-and-how-to/troubleshooting/Cabinet-Cooler-TSG.html,20250711053547,NGC,6720,,Y,N,Y
tsg_can_bus_systems.html,CAN Bus Systems - Troubleshooting Guide,https://www.haascnc.com/service/troubleshooting-and-how-to/troubleshooting/can-bus-systems---troubleshooting-guide.html,20250717003756,unknown,8986,966;9105;9700;9701;9702;9703;9706;9707;9713;9714;9798;9898.001;9899;9899.001;9899.003;9941,Y,N,Y
tsg_can_lube_panel_spindle_head.html,CAN Lube Panel and Spindle Head - Troubleshooting Guide,https://www.haascnc.com/service/troubleshooting-and-how-to/troubleshooting/can-lube-panel-and-spindle-head---troubleshooting-guide.html,20241016034030,unknown,9904,9105;9700;9701;9702;9703;9704;9705;9706;9707;9708;9709;9711;9712;9798;9898.001;9899;9899.001;9899.002;9899.003,Y,N,Y
tsg_chip_management.html,Chip Management - Troubleshooting Guide - TG0050,https://www.haascnc.com/service/troubleshooting-and-how-to/troubleshooting/chip-management---troubleshooting-guide.html,20260211002014,unknown,1504,,N,N,Y
tsg_circuit_breaker.html,Circuit Breaker - Troubleshooting Guide,https://www.haascnc.com/service/troubleshooting-and-how-to/troubleshooting/circuit-breaker---troubleshooting-guide.html,20250715140948,unknown,6730,552,N,N,Y
tsg_conveyor_system.html,Conveyor System - Troubleshooting Guide - TG0053,https://www.haascnc.com/service/troubleshooting-and-how-to/troubleshooting/conveyor-system---troubleshooting-guide.html,20260211002018,both,7319,9819;9848;9906,Y,N,Y
tsg_electrical_safety_door_interlocks.html,Electrical Safety Door Interlocks - Troubleshooting Guide - TG0063,https://www.haascnc.com/service/troubleshooting-and-how-to/troubleshooting/electrical-safety-door-interlocks-troubleshooting-guide.html,20260302133437,both,1813,223,Y,N,Y
tsg_gauges_pneumatic_hydraulic.html,Gauges (Pneumatic and Hydraulic) Troubleshooting Guide,https://www.haascnc.com/service/troubleshooting-and-how-to/troubleshooting/gauges-pneumatic-hydraulic-troubleshooting-guide.html,"20250720165250 (latest in CDX; earlier copy, exact capture unknown)",unknown,2446,,Y,N,N
tsg_haas_axis_lubrication_oil.html,Haas Axis Lubrication Oil - Troubleshooting Guide - TG0075,https://www.haascnc.com/service/troubleshooting-and-how-to/troubleshooting/haas-axis-lubrication-oil---troubleshooting-guide.html,"20260219041442 (latest in CDX; earlier copy, exact capture unknown)",both,17006,2073;2075,Y,N,N
tsg_io_pcb_ngc.html,I/O PCB - Troubleshooting Guide - NGC,https://www.haascnc.com/service/troubleshooting-and-how-to/troubleshooting/next-generation-control---i-o-pcb---troubleshooting-guide.html,20250720002316,NGC,23621,175;2001;9100;9105;9822;9899;9915;9924;9925;9933;20014.1,Y,Y,Y
tsg_keypad.html,Keypad - Troubleshooting Guide,https://www.haascnc.com/service/troubleshooting-and-how-to/troubleshooting/keypad-troubleshooting-guide.html,20250712140107,NGC,2514,546,Y,N,Y
tsg_liquid_grease.html,Haas Liquid Grease - Troubleshooting Guide - TG0079,https://www.haascnc.com/service/troubleshooting-and-how-to/troubleshooting/haas-liquid-grease---troubleshooting-guide.html,20260306013646,both,11068,2073;2075;2082,Y,N,Y
tsg_maincon_software_update_ngc.html,"15"" LCD Main Processor PCB - Troubleshooting Guide - NGC",https://www.haascnc.com/service/troubleshooting-and-how-to/troubleshooting/next-generation-control---maincon---software-update-troubleshoot.html,20250324001118,NGC,15863,488;9011;9012;9100.017;9100.018,Y,N,Y
tsg_mechanical_limit_switch.html,Mechanical Limit Switch - Troubleshooting Guide,https://www.haascnc.com/service/troubleshooting-and-how-to/troubleshooting/mechanical-limit-switch---troubleshooting-guide.html,20241113030135,unknown,1585,,Y,N,Y
tsg_mill_accuracy.html,Mill Accuracy - Troubleshooting guide,https://www.haascnc.com/service/troubleshooting-and-how-to/troubleshooting/mill-accuracy---troubleshooting-guide.html,20241212175510,unknown,285,,N,N,Y
tsg_mill_chatter.html,Mill Chatter - Troubleshooting,https://www.haascnc.com/service/troubleshooting-and-how-to/troubleshooting/mill-chatter---troubleshooting.html,20230325040955,unknown,5834,,N,N,Y
tsg_mill_spindle.html,Mill Spindle - Troubleshooting Guide,https://www.haascnc.com/service/troubleshooting-and-how-to/troubleshooting/mill---spindle---troubleshooting-guide.html,"20241206171450 (latest in CDX; earlier copy, exact capture unknown)",NGC,10392,174;966,Y,N,N
tsg_networking_ngc.html,Networking - Troubleshooting Guide - NGC,https://www.haascnc.com/service/troubleshooting-and-how-to/troubleshooting/networking-troubleshooting-guide---ngc.html,20250814073930,NGC,9005,,Y,N,Y
tsg_ngc_software.html,NGC Software - Troubleshooting Guide,https://www.haascnc.com/service/troubleshooting-and-how-to/troubleshooting/ngc-software---troubleshooting-guide.html,20250328090837,NGC,11670,108;116;120;174;311;339;370;549;861;981;9100.006;9100.018;9100.021;9101.011;9101.019;9107;9126;9191;9909;9915;9927;9933;9934;9971;9972;9981;9996,Y,N,Y
tsg_pneumatic_safety_door_interlocks.html,Pneumatic Safety Door Interlocks Troubleshooting Guide - TG0110,https://www.haascnc.com/service/troubleshooting-and-how-to/troubleshooting/pneumatic-safety-door-interlocks-troubleshooting-guide.html,20260302133437,both,3837,223,Y,N,Y
tsg_power_distribution_pcb_pfdm_ngc.html,PSUP PCB - Troubleshooting Guide - NGC,https://www.haascnc.com/service/troubleshooting-and-how-to/troubleshooting/next-generation-control---power-distribution-pcb-and-pfdm---trou.html,20250909192005,NGC,11505,175;552;840;9101;9803;9804;9902,Y,Y,Y
tsg_power_on_off_main_transformer_ngc.html,Power On/Off Circuit - Main Transformer - Troubleshooting Guide - NGC,https://www.haascnc.com/service/troubleshooting-and-how-to/troubleshooting/next-generation-control---power-on-off-circuit--main-transformer.html,20210417122948,NGC,9308,175;2095;9100.005,Y,Y,Y
tsg_programmable_coolant.html,P-COOL - Troubleshooting Guide,https://www.haascnc.com/service/troubleshooting-and-how-to/troubleshooting/programmable-coolant---troubleshooting-guide.html,20250717064503,both,4252,196;9806,Y,N,Y
tsg_regen_vector_drive_ngc.html,Regen Vector Drive - Troubleshooting Guide - NGC,https://www.haascnc.com/service/troubleshooting-and-how-to/troubleshooting/regen-vector-drive---troubleshooting-guide---ngc.html,"20250808044543 (latest in CDX; earlier copy, exact capture unknown)",NGC,6895,200;646;647;648;650;991;993;9894;9895;9896;9911;9912;9931;9955,Y,Y,N
tsg_servo_amplifier_ngc.html,Servo Amplifier - Troubleshooting Guide - NGC,https://www.haascnc.com/service/troubleshooting-and-how-to/troubleshooting/servo-amplifier---troubleshooting-guide---ngc.html,"20250710102727 (latest in CDX; earlier copy, exact capture unknown)",NGC,8689,986;991;992;993;994;2040;9911;9921,Y,Y,N
tsg_sigma1_axis_servo_motor_cables.html,Sigma 1 - Axis Servo Motor and Cables - Troubleshooting Guide - CHC,https://www.haascnc.com/service/troubleshooting-and-how-to/troubleshooting/sigma-1---axis-servo-motor-and-cables---troubleshooting-guide.html,"20241107100451 (latest in CDX; earlier copy, exact capture unknown)",classic,6691,103;105;135;137;139;142;153;156;161;164;182;185;194;217;218;219;224;228;270;278;709;993,Y,Y,N
tsg_sigma5_axis_servo_motor_cables.html,Sigma 5 - Axis Servo Motor and Cables - Troubleshooting Guide - CHC,https://www.haascnc.com/service/troubleshooting-and-how-to/troubleshooting/sigma-5---axis-servo-motor-and-cables---troubleshooting-guide.html,"20241029035829 (latest in CDX; earlier copy, exact capture unknown)",classic,8294,103;105;161;164;193;270;276;645;709;828;839;992,Y,Y,N
tsg_sigma5_axis_servo_motor_cables_ngc.html,Sigma 5 / 7 - Axis Servo Motor and Cables - Troubleshooting Guide - NGC,https://www.haascnc.com/service/troubleshooting-and-how-to/troubleshooting/sigma-5---axis-servo-motor-and-cables---troubleshooting-guide---.html,"20230605100237 (latest in CDX; earlier copy, exact capture unknown)",NGC,17523,103;161;217;552;645;993;9719;9720;9804;9918;9922;9923;9930;9948;9949;9950;9951;9959;9960,Y,Y,N
tsg_skbif_lcd_monitor_ngc.html,SKBIF / LCD Monitor - Troubleshooting Guide - NGC,https://www.haascnc.com/service/troubleshooting-and-how-to/troubleshooting/next-generation-control---skbif---lcd-monitor---troubleshooting-.html,20250428202055,NGC,15166,546;825;967;2001,Y,N,Y
tsg_smtc_carousel_pocket.html,Side Mount Tool Changer (SMTC) - Carousel and Pocket - Troubleshooting Guide - TG0127,https://www.haascnc.com/service/troubleshooting-and-how-to/troubleshooting/side-mount-tool-changer---carousel-and-pocket---troubleshooting-.html,"20260217123431 (latest in CDX; earlier copy, exact capture unknown)",both,14886,622;625;626;2066,Y,N,N
tsg_solenoid.html,Solenoid - Troubleshooting Guide,https://www.haascnc.com/service/troubleshooting-and-how-to/troubleshooting/solenoid---troubleshooting-guide.html,20250808043910,unknown,14040,126;131,N,N,Y
tsg_spindle_drawbar.html,Spindle - Drawbar - Troubleshooting Guide,https://www.haascnc.com/service/troubleshooting-and-how-to/troubleshooting/spindle---drawbar---troubleshooting-guide.html,20250717003842,unknown,4200,130;134;9970,Y,N,Y
tsg_spindle_drive.html,Spindle Drive - Troubleshooting Guide - CHC,https://www.haascnc.com/service/troubleshooting-and-how-to/troubleshooting/spindle-drive---how-it-works-and-troubleshooting-guide.html,20250119000053,classic,4261,116;123;149;186,Y,N,Y
tsg_spindle_encoder.html,Spindle Encoder - Troubleshooting Guide - NGC,https://www.haascnc.com/service/troubleshooting-and-how-to/troubleshooting/spindle-encoder---troubleshooting-guide.html,20220929174237,NGC,13073,103;116;153;182;9918;9930;9959,Y,N,Y
tsg_spindle_head.html,H-5AX Spindle Head - Troubleshooting Guide,https://www.haascnc.com/service/troubleshooting-and-how-to/troubleshooting/spindle-head---troubleshooting-guide.html,20231003211502,NGC,14831,103;130;134;182;217;224;9003;9922;9932;9959,N,N,Y
tsg_spindle_minimum_lubrication.html,Spindle Minimum Lubrication System - Troubleshooting Guide - TG0135,https://www.haascnc.com/service/troubleshooting-and-how-to/troubleshooting/spindle-minimum-lubrication-system---troubleshooting-guide.html,20260306013647,both,3585,805,Y,N,Y
tsg_spindle_motor_30t_40t_ngc.html,30T/40T Spindle Motor - Troubleshooting Guide - NGC,https://www.haascnc.com/service/troubleshooting-and-how-to/troubleshooting/30t-40t-spindle-motor---troubleshooting-guide---ngc.html,20250715080424,NGC,7886,123;236;254;4136;9975,Y,N,Y
tsg_standard_coolant_ngc.html,Standard Coolant - Troubleshooting Guide - NGC,https://www.haascnc.com/service/troubleshooting-and-how-to/troubleshooting/standard-coolant---troubleshooting-guide---ngc.html,"20250402234108 (latest in CDX; earlier copy, exact capture unknown)",NGC,11870,552;9823;9824,Y,N,N
tsg_through_tool_air_blast.html,Through-Tool Air Blast (TAB) - Troubleshooting Guide,https://www.haascnc.com/service/troubleshooting-and-how-to/troubleshooting/through-tool-air-blast--tab----troubleshooting-guide.html,20250719173838,unknown,7086,2081,Y,N,Y
tsg_tool_release_piston.html,Tool Release Piston - Troubleshooting Guide,https://www.haascnc.com/service/troubleshooting-and-how-to/troubleshooting/tool-release-piston--trp----troubleshooting-guide.html,20241210021901,both,7500,130;131;134,Y,N,Y
tsg_tsc_300_1k_ngc.html,TSC-300/1K - Troubleshooting Guide - NGC,https://www.haascnc.com/service/troubleshooting-and-how-to/troubleshooting/tsc-300-1k---troubleshooting-guide---ngc.html,20241113012120,NGC,20772,130;134;151;552;9970,Y,N,Y
tsg_tsc_union.html,TSC Compensating Union - Troubleshooting Guide,https://www.haascnc.com/service/troubleshooting-and-how-to/troubleshooting/tsc-union-troubleshooting-guide.html,20250119000303,both,2779,,N,N,Y
tsg_umbrella_tool_changer.html,Umbrella Tool Changer - Troubleshooting Guide - TG0155,https://www.haascnc.com/service/troubleshooting-and-how-to/troubleshooting/umbrella-tool-changer---troubleshooting-guide.html,"20260217123437 (latest in CDX; earlier copy, exact capture unknown)",both,12714,113;114;115;125;127;143;854;856;859;942;2066;9809,Y,N,N
tsg_vector_drive.html,Vector Drive - Troubleshooting Guide - NGC - TG0158,https://www.haascnc.com/service/troubleshooting-and-how-to/troubleshooting/vector-drive---troubleshooting-guide.html,20260227144130,NGC,10789,119;123;160;182;200;444;647;648;993;9911;9931,Y,Y,Y
tsg_waycover.html,Way Cover - Troubleshooting Guide - TG0159,https://www.haascnc.com/service/troubleshooting-and-how-to/troubleshooting/waycover-troubleshooting-guide.html,20260302133438,unknown,6353,,Y,N,Y
tsg_wips_probe.html,Wireless Intuitive Probe System - WIPS - IR - Troubleshooting Guide - TG0161,https://www.haascnc.com/service/troubleshooting-and-how-to/troubleshooting/Wireless-Intuitive-Probe-System-WIPS-Troubleshooting-Guide.html,20260725164003,both,16470,329;808;1010;1011;1086;1088;1089;1091;1092;1093;1099;1101;1104;1106;1107,Y,N,Y
tsg_wired_probe_system.html,Wired Probe System - Troubleshooting Guide - TG0160,https://www.haascnc.com/service/troubleshooting-and-how-to/troubleshooting/wired-probe-system---troubleshooting-guide.html,20260308191103,unknown,5912,1086;1088;1089;1091;1092;1093;1099;1101,Y,N,Y
