file,doc_id,status,root,orig_html_chars,body_text_chars,retained_ratio,md_lines,headings,tables,images,relative_images,nav_markers,key_phrases,missing_phrases,warnings,converter,created_at
01_알람코드체계/ngc-alarms/ngc_103__norev__20261003.html,ngc_103,ok,div.print-only,183262,380,0.751,27,1,0,0,0,,0,,,markitdown 0.1.8,2026-10-03T18:48:25
01_알람코드체계/ngc-alarms/ngc_108__norev__20261003.html,ngc_108,ok,div.print-only,183171,300,0.704,27,1,0,0,0,,0,,,markitdown 0.1.8,2026-10-03T18:48:25
01_알람코드체계/ngc-alarms/ngc_120__norev__20261003.html,ngc_120,ok,div.print-only,183244,368,0.745,27,1,0,0,0,,1,,,markitdown 0.1.8,2026-10-03T18:48:25
01_알람코드체계/ngc-alarms/ngc_135__norev__20261003.html,ngc_135,ok,div.print-only,207164,168,0.097,27,2,0,0,0,,1,,,markitdown 0.1.8,2026-10-03T18:48:25
01_알람코드체계/ngc-alarms/ngc_160__norev__20261003.html,ngc_160,ok,div.print-only,183123,242,0.658,27,1,0,0,0,,0,,,markitdown 0.1.8,2026-10-03T18:48:26
01_알람코드체계/ngc-alarms/ngc_174__norev__20261003.html,ngc_174,ok,div.print-only,183450,564,0.817,27,1,0,0,0,,0,,,markitdown 0.1.8,2026-10-03T18:48:26
01_알람코드체계/ngc-alarms/ngc_179__norev__20261003.html,ngc_179,ok,div.print-only,207164,168,0.097,27,2,0,0,0,,1,,,markitdown 0.1.8,2026-10-03T18:48:26
01_알람코드체계/ngc-alarms/ngc_2073__norev__20261003.html,ngc_2073,ok,div.print-only,183179,254,0.668,27,1,0,0,0,,1,,,markitdown 0.1.8,2026-10-03T18:48:26
01_알람코드체계/ngc-alarms/ngc_2075__norev__20261003.html,ngc_2075,ok,div.print-only,183285,366,0.744,27,1,0,0,0,,0,,,markitdown 0.1.8,2026-10-03T18:48:26
01_알람코드체계/ngc-alarms/ngc_254__norev__20261003.html,ngc_254,ok,div.print-only,183326,452,0.782,27,1,0,0,0,,0,,,markitdown 0.1.8,2026-10-03T18:48:26
01_알람코드체계/ngc-alarms/ngc_314__norev__20261003.html,ngc_314,ok,div.print-only,183421,544,0.812,27,1,0,0,0,,0,,,markitdown 0.1.8,2026-10-03T18:48:26
01_알람코드체계/ngc-alarms/ngc_362__norev__20261003.html,ngc_362,ok,div.print-only,183340,459,0.785,27,1,0,0,0,,0,,,markitdown 0.1.8,2026-10-03T18:48:26
01_알람코드체계/ngc-alarms/ngc_4001__norev__20261003.html,ngc_4001,ok,div.print-only,183678,726,0.852,27,1,0,0,0,,0,,,markitdown 0.1.8,2026-10-03T18:48:26
01_알람코드체계/ngc-alarms/ngc_966__norev__20261003.html,ngc_966,ok,div.print-only,183609,729,0.853,29,1,0,0,0,,0,,,markitdown 0.1.8,2026-10-03T18:48:26
01_알람코드체계/ngc-alarms/ngc_991__norev__20261003.html,ngc_991,ok,div.print-only,183367,483,0.793,27,1,0,0,0,,0,,,markitdown 0.1.8,2026-10-03T18:48:26
01_알람코드체계/ngc-alarms/ngc_992__norev__20261003.html,ngc_992,ok,div.print-only,183320,446,0.78,27,1,0,0,0,,1,,,markitdown 0.1.8,2026-10-03T18:48:26
01_알람코드체계/ngc-alarms/ngc_993__norev__20261003.html,ngc_993,ok,div.print-only,183220,344,0.732,27,1,0,0,0,,0,,,markitdown 0.1.8,2026-10-03T18:48:26
01_알람코드체계/ngc-alarms/ngc_994__norev__20261003.html,ngc_994,ok,div.print-only,183387,516,0.804,27,1,0,0,0,,0,,,markitdown 0.1.8,2026-10-03T18:48:26
01_알람코드체계/RD0002_alarm-search-help/RD0002__norev__20261003.html,RD0002,ok,div.print-only,170077,1632,0.916,42,2,0,1,0,,1,,,markitdown 0.1.8,2026-10-03T18:48:26
02_서보축_알람대응/NGC-ESM-10_servo-motors-axis-cables/NGC-ESM-10__norev__20261003.html,NGC-ESM-10,ok,div.print-only,296549,28044,0.96,518,30,5,21,0,,1,,,markitdown 0.1.8,2026-10-03T18:48:26
02_서보축_알람대응/NGC-ESM-12_servo-amplifiers/NGC-ESM-12__norev__20261003.html,NGC-ESM-12,ok,div.print-only,260874,16571,0.932,412,28,2,16,0,,1,,,markitdown 0.1.8,2026-10-03T18:48:27
02_서보축_알람대응/NGC-ESM-13_vector-drive/NGC-ESM-13__norev__20261003.html,NGC-ESM-13,ok,div.print-only,306858,25795,0.956,665,51,1,29,0,,2,,,markitdown 0.1.8,2026-10-03T18:48:27
02_서보축_알람대응/NGC-ESM-15_320v-power-supply/NGC-ESM-15__norev__20261003.html,NGC-ESM-15,ok,div.print-only,230544,10150,0.899,261,14,1,8,0,,1,,,markitdown 0.1.8,2026-10-03T18:48:27
02_서보축_알람대응/TG0033_axis-servo-motor-cables-tg-ngc/TG0033__RevA-2026-07__20261003.html,TG0033,ok,div.print-only,245776,20391,0.994,271,11,3,13,0,,2,,,markitdown 0.1.8,2026-10-03T18:48:27
02_서보축_알람대응/TG0125_servo-amplifier-tg-ngc/TG0125__RevF-2026-08__20261003.html,TG0125,ok,div.print-only,221627,10815,0.982,216,13,2,10,0,,2,,,markitdown 0.1.8,2026-10-03T18:48:27
02_서보축_알람대응/VFVM-SM-07_axis-motion/VFVM-SM-07__norev__20261003.html,VFVM-SM-07,ok,div.print-only,297751,33695,0.98,553,30,9,21,0,,1,,,markitdown 0.1.8,2026-10-03T18:48:28
03_센서·공압·진단/NGC-ESM-00_root-introduction/NGC-ESM-00__norev__20261003.html,NGC-ESM-00,no-body,없음,175851,44,0,18,0,0,0,0,,0,,본문 영역 없음(동적 페이지),markitdown 0.1.8,2026-10-03T18:48:28
03_센서·공압·진단/NGC-ESM-00_root-introduction/NGC-ESM-01__norev__20261003.html,NGC-ESM-01,ok,div.print-only,200362,1664,0.601,75,1,0,1,0,,0,,,markitdown 0.1.8,2026-10-03T18:48:28
03_센서·공압·진단/NGC-ESM-06_error-report-backup/NGC-ESM-06__norev__20261003.html,NGC-ESM-06,ok,div.print-only,219875,5821,0.836,205,14,0,4,0,,0,,,markitdown 0.1.8,2026-10-03T18:48:28
03_센서·공압·진단/NGC-ESM-08_io-tc-pcb/NGC-ESM-08__norev__20261003.html,NGC-ESM-08,ok,div.print-only,334496,36867,0.968,788,55,3,40,0,,2,,,markitdown 0.1.8,2026-10-03T18:48:28
03_센서·공압·진단/NGC-ESM-29_sensors-switches/NGC-ESM-29__norev__20261003.html,NGC-ESM-29,ok,div.print-only,303734,19473,0.944,363,33,9,13,0,,2,,,markitdown 0.1.8,2026-10-03T18:48:28
04_전원·차단기/NGC-ESM-17_circuit-breaker-transformer/NGC-ESM-17__norev__20261003.html,NGC-ESM-17,ok,div.print-only,304087,26757,0.957,626,47,7,23,0,,1,,,markitdown 0.1.8,2026-10-03T18:48:29
05_윤활/LUBE-SM-02_haas-axis-lubrication-oil/LUBE-SM-02__norev__20261003.html,LUBE-SM-02,ok,div.print-only,378344,42837,0.995,1036,68,4,47,0,,2,,,markitdown 0.1.8,2026-10-03T18:48:29
06_스핀들·기어박스/VFVM-SM-09_40t-spindle/VFVM-SM-09__norev__20261003.html,VFVM-SM-09,ok,div.print-only,354503,29340,0.975,834,75,2,50,0,,0,,,markitdown 0.1.8,2026-10-03T18:48:30
06_스핀들·기어박스/VFVM-SM-10_40t-spindle-motor/VFVM-SM-10__norev__20261003.html,VFVM-SM-10,ok,div.print-only,265820,18108,0.961,516,41,3,19,0,,0,,,markitdown 0.1.8,2026-10-03T18:48:30
07_예방정비/RD0080_vmc-maintenance-schedule/RD0080__RevB-2025-05__20261003.html,RD0080,ok,div.print-only,194597,3998,0.965,183,2,19,0,0,,1,,,markitdown 0.1.8,2026-10-03T18:48:30
07_예방정비/RD0080_vmc-maintenance-schedule/RD0080__RevB-2025-05__20261003__archive.html,RD0080,ok,div.print-only,329268,3998,0.965,183,2,19,0,0,,1,,,markitdown 0.1.8,2026-10-03T18:48:30
07_예방정비/VFVM-SM-18_maintenance/VFVM-SM-18__norev__20261003.html,VFVM-SM-18,ok,div.print-only,208556,6663,0.908,249,6,19,1,0,,1,,,markitdown 0.1.8,2026-10-03T18:48:30
09_설비사양·설치/VF-2-preinstall_pre-install-guide/VF-2-preinstall__norev__20261003.html,VF-2-preinstall,ok,div.print-only,263015,14698,0.991,296,8,4,1,0,,1,,,markitdown 0.1.8,2026-10-03T18:48:31
09_설비사양·설치/VF-2-spec_vf-2-product-page/VF-2-spec__norev__20261003.html,VF-2-spec,ok,div.specsdimsContainer,586629,2034,1.0,93,0,10,0,0,,2,,,markitdown 0.1.8,2026-10-03T18:48:31
09_설비사양·설치/VF-2-spec_vf-2-product-page/VF-2-spec__norev__20261003__archive.html,VF-2-spec,ok,div.specsdimsContainer,343711,2008,1.0,93,0,10,0,0,,2,,,markitdown 0.1.8,2026-10-03T18:48:31
09_설비사양·설치/VFVM-SM-01_introduction/VFVM-SM-01__norev__20261003.html,VFVM-SM-01,ok,div.print-only,191917,1230,0.651,60,2,0,1,0,,0,,,markitdown 0.1.8,2026-10-03T18:48:31
09_설비사양·설치/VFVM-SM-02_specifications/VFVM-SM-02__norev__20261003.html,VFVM-SM-02,ok,div.print-only,228768,5558,0.893,206,14,5,10,0,,0,,,markitdown 0.1.8,2026-10-03T18:48:32
09_설비사양·설치/VFVM-SM-03_installation/VFVM-SM-03__norev__20261003.html,VFVM-SM-03,ok,div.print-only,370360,33876,0.979,985,70,3,51,0,,0,,,markitdown 0.1.8,2026-10-03T18:48:32
