Date,Productcode,StopGroup,Stop,StopType,StopLocation,ExtraText,StopStartTime,StopEndTime,StopDuration(min)
9/22/25,KK200-1,OPERATIONAL,NO PRODUCTION SCHEDULE,Planned - Not included in OEE,EXTRUDER PRESS,-,2025-09-22 07:15,2025-09-22 10:31,196.9
9/22/25,KK200-1,SETUPS-CHANGEOVERS,WIRE ROLL REPLACEMENT,Unplanned,CUTTER,,2025-09-22 10:58,2025-09-22 11:01,3.8
9/22/25,KK200-1,MATERIALS,MANUAL BRICK HANDLING,Unplanned,HACKING STATION,-,2025-09-22 11:19,2025-09-22 11:26,7.4
9/22/25,KK250,SETUPS-CHANGEOVERS,MATERIAL CHANGEOVER,Planned - Included in OEE,EXTRUDER PRESS,-,2025-09-22 13:50,2025-09-22 13:59,9.6
9/22/25,KK250,OPERATIONAL,CLEANING,Planned - Included in OEE,EXTRUDER PRESS,-,2025-09-22 15:18,2025-09-22 15:30,12.0
9/23/25,KK250,MATERIALS,MANUAL BRICK HANDLING,Unplanned,EXTRUDER PRESS,ΕΣΚΙΖΑΝ ΤΟΥΒΛΑ,2025-09-23 07:15,2025-09-23 07:20,5.8
9/23/25,KK250,MATERIALS,MATERIAL STARVATION,Unplanned,SILO,ΧΑΜΗΛΗ ΣΤΑΘΜΗ ΣΙΛΟ,2025-09-23 07:43,2025-09-23 07:49,6.4
9/23/25,7KK25,SETUPS-CHANGEOVERS,MATERIAL CHANGEOVER,Planned - Included in OEE,EXTRUDER PRESS,-,2025-09-23 09:33,2025-09-23 09:43,10.6
9/23/25,7KK25,MATERIALS,MANUAL BRICK HANDLING,Unplanned,HACKING STATION,ΤΟΥΒΛΑ ΕΣΠΑΖΑΝ ,2025-09-23 10:41,2025-09-23 11:22,41.9
9/23/25,7KK25,FAILURE,MECHANICAL FAILURE,Unplanned,HACKING STATION,ΓΩΝΙΑ ΡΟΛΟΥ,2025-09-23 11:32,2025-09-23 11:38,6.6
9/23/25,7KK25,MATERIALS,RACKS,Unplanned,HACKING STATION,-,2025-09-23 11:42,2025-09-23 11:46,4.3
9/23/25,7KK25,MATERIALS,RACKS,Unplanned,HACKING STATION,-,2025-09-23 11:56,2025-09-23 12:02,6.5
9/23/25,7KK25,FAILURE,MECHANICAL FAILURE,Unplanned,HACKING STATION,ΓΩΝΙΑ ΡΟΛΟΥ,2025-09-23 13:18,2025-09-23 13:31,13.1
9/23/25,7KK25,FAILURE,MECHANICAL FAILURE,Unplanned,CUTTER,WIRE FAILURE,2025-09-23 13:35,2025-09-23 13:38,3.1
9/23/25,7KK25,MATERIALS,MANUAL BRICK HANDLING,Unplanned,HACKING STATION,ΤΟΥΒΛΑ ΕΣΠΑΖΑΝ ,2025-09-23 13:48,2025-09-23 14:25,37.9
9/23/25,7KK25,MATERIALS,MANUAL BRICK HANDLING,Unplanned,EXTRUDER PRESS,ΕΣΚΙΖΑΝ ΤΟΥΒΛΑ,2025-09-23 14:26,2025-09-23 14:30,4.3
9/23/25,7KK25,MATERIALS,RACK STARVATION,Unplanned,HACKING STATION,ΕΞΑΓΩΓΗ ΤΕΛΑΡΩΝ ΑΠΟ ΠΑΚΑΤΑΔΟΡΟ,2025-09-23 14:44,2025-09-23 15:30,46.0
9/24/25,7KK25,OPERATIONAL,CLEANING,Planned - Included in OEE,EXTRUDER PRESS,-,2025-09-24 07:15,2025-09-24 07:20,5.6
9/24/25,7KK25,FAILURE,AUTOMATION FAILURE,Unplanned,SILO,ΔΕΝ ΕΚΚΙΝΟΥΣΕ ΤΟ ΣΙΛΟ (ΕΜΒΟΛΑ),2025-09-24 07:23,2025-09-24 07:34,11.3
9/24/25,7KK25,FAILURE,AUTOMATION FAILURE,Unplanned,ROBOT (EXTRUDER PRESS), ΣΩΛΗΝΑΚΙ ΤΟΥ ΑΕΡΑ,2025-09-24 08:09,2025-09-24 08:21,12.1
9/24/25,7KK25,MATERIALS,RACK STARVATION,Unplanned,HACKING STATION,-,2025-09-24 09:23,2025-09-24 09:27,4.6
9/24/25,7KK25,MATERIALS,KILN CAR STARVATION,Unplanned,HACKING STATION,ΔΕΝ ΕΠΙΑΝΕ ΤΟ ΒΑΓΟΝΙ Ο ΩΘΗΤΗΡΑΣ,2025-09-24 10:20,2025-09-24 10:35,15.4
9/24/25,9KK30,SETUPS-CHANGEOVERS,MATERIAL CHANGEOVER,Planned - Included in OEE,EXTRUDER PRESS,-,2025-09-24 10:55,2025-09-24 11:06,11.3
9/24/25,9KK30,FAILURE,MECHANICAL FAILURE,Unplanned,CUTTER,WIRE FAILURE,2025-09-24 13:12,2025-09-24 13:18,6.7
9/24/25,9KK30,OPERATIONAL,CLEANING,Planned - Included in OEE,EXTRUDER PRESS,-,2025-09-24 14:38,2025-09-24 15:10,32.9
9/24/25,9KK30,OPERATIONAL,CLEANING,Planned - Included in OEE,ROBOT (EXTRUDER PRESS),-,2025-09-24 15:11,2025-09-24 15:15,4.0
9/25/25,9KK30,OPERATIONAL,CLEANING,Planned - Included in OEE,EXTRUDER PRESS,-,2025-09-25 07:15,2025-09-25 07:19,4.4
9/25/25,9KK25,SETUPS-CHANGEOVERS,MATERIAL CHANGEOVER,Planned - Included in OEE,EXTRUDER PRESS,-,2025-09-25 08:02,2025-09-25 08:20,18.5
9/25/25,9KK25,MATERIALS,RACK STARVATION,Unplanned,DRYER,ΔΕΝ ΦΟΡΤΩΣΕ ΣΩΣΤΑ ΤΟ ΤΕΛΑΡΟ Ο ΜΕΤΑΦΟΡΕΑΣ,2025-09-25 08:58,2025-09-25 09:08,10.9
9/25/25,9KK25,MATERIALS,RACK STARVATION,Unplanned,HACKING STATION,ΑΝΑΜΟΝΗ ΤΕΛΑΡΩΝ,2025-09-25 09:36,2025-09-25 09:40,4.7
9/25/25,9KK25,FAILURE,MECHANICAL FAILURE,Unplanned,HACKING STATION,ΚΑΔΕΝΕΣ ΜΕΤΑΦΟΡΑΣ ΤΟΥΒΛΩΝ,2025-09-25 09:55,2025-09-25 10:38,43.8
9/25/25,9KK25,MATERIALS,RACK STARVATION,Unplanned,HACKING STATION,ΑΝΑΜΟΝΗ ΤΕΛΑΡΩΝ,2025-09-25 11:00,2025-09-25 11:03,3.7
9/25/25,9KK25,MATERIALS,RACK STARVATION,Unplanned,HACKING STATION,ΑΝΑΜΟΝΗ ΤΕΛΑΡΩΝ,2025-09-25 11:13,2025-09-25 11:17,4.3
9/25/25,9KK25,FAILURE,AUTOMATION FAILURE,Unplanned,HACKING STATION,ΑΙΣΘΗΤΗΡΑΣ (ΜΑΤΙ),2025-09-25 11:37,2025-09-25 11:45,8.4
9/25/25,9KK25,SETUPS-CHANGEOVERS,MATERIAL CHANGEOVER,Planned - Included in OEE,HACKING STATION,-,2025-09-25 12:16,2025-09-25 12:31,15.7
9/25/25,9KK25,OPERATIONAL,NO PRODUCTION SCHEDULE,Planned - Not included in OEE,-,ΔΕΝ ΕΙΧΕ ΞΕΡΑ ΤΟΥΒΛΑ,2025-09-25 14:00,2025-09-25 15:30,90.0
9/26/25,9KK25,FAILURE,AUTOMATION FAILURE,Unplanned,SILO,ΔΕΝ ΕΚΚΙΝΟΥΣΕ ΤΟ ΣΙΛΟ (ΕΜΒΟΛΑ),2025-09-26 07:27,2025-09-26 07:36,9.3
9/26/25,9KK25,MATERIALS,MANUAL BRICK HANDLING,Unplanned,HACKING STATION,ΣΠΑΣΜΕΝΑ ΤΟΥΒΛΑ,2025-09-26 10:17,2025-09-26 10:24,7.4
9/26/25,9KK25,MATERIALS,MANUAL BRICK HANDLING,Unplanned,HACKING STATION,ΣΠΑΣΜΕΝΑ ΤΟΥΒΛΑ,2025-09-26 10:45,2025-09-26 10:53,8.7
9/26/25,9KK25,FAILURE,OTHER FAILURE,Unplanned,PACKAGING,ΕΣΚΙΖΕ ΤΟ ΦΙΛΜ,2025-09-26 11:44,2025-09-26 11:59,15.5
9/26/25,KK200-1,SETUPS-CHANGEOVERS,MATERIAL CHANGEOVER,Planned - Included in OEE,EXTRUDER PRESS,-,2025-09-26 12:09,2025-09-26 12:25,16.7
9/26/25,KK200-1,MATERIALS,KILN CAR STARVATION,Unplanned,HACKING STATION,ΑΝΑΜΟΝΗ ΒΑΓΟΝΙΩΝ,2025-09-26 13:05,2025-09-26 13:20,15.3
9/26/25,KK200-1,OPERATIONAL,NO PRODUCTION SCHEDULE,Planned - Not included in OEE,-,ΤΕΛΟΣ ΑΔΕΙΩΝ ΒΑΓΟΝΙΩΝ,2025-09-26 13:37,2025-09-26 15:00,83.0
9/29/25,KK200-1,OPERATIONAL,CLEANING,Planned - Included in OEE,EXTRUDER PRESS,-,2025-09-29 07:15,2025-09-29 07:24,9.5
9/29/25,KK200-1,MATERIALS,MANUAL BRICK HANDLING,Unplanned,HACKING STATION,ΣΠΑΣΜΕΝΑ ΤΟΥΒΛΑ (9ΚΚ30),2025-09-29 07:39,2025-09-29 07:51,12.9
9/29/25,KK200-1,SETUPS-CHANGEOVERS,WIRE ROLL REPLACEMENT,Unplanned,CUTTER,-,2025-09-29 08:00,2025-09-29 08:13,14.0
9/29/25,KK200-1,FAILURE,AUTOMATION FAILURE,Unplanned,HACKING STATION,ΑΙΣΘΗΤΗΡΑΣ (ΜΑΤΙ). ΧΤΥΠΗΣΑΝ ΤΟΥΒΛΑ ΠΑΝΩ,2025-09-29 08:24,2025-09-29 08:27,3.5
9/29/25,KK200-1,FAILURE,MECHANICAL FAILURE,Unplanned,CUTTER,WIRE FAILURE,2025-09-29 09:01,2025-09-29 09:12,11.7
9/29/25,KK200-1,MATERIALS,MANUAL BRICK HANDLING,Unplanned,HACKING STATION,ΣΠΑΣΜΕΝΑ ΤΟΥΒΛΑ (9ΚΚ30),2025-09-29 10:22,2025-09-29 10:26,4.6
9/29/25,KK200-1,MATERIALS,MANUAL BRICK HANDLING,Unplanned,HACKING STATION,ΣΠΑΣΜΕΝΑ ΤΟΥΒΛΑ (9ΚΚ30),2025-09-29 10:32,2025-09-29 10:38,6.4
9/29/25,KK250,SETUPS-CHANGEOVERS,MATERIAL CHANGEOVER,Planned - Included in OEE,EXTRUDER PRESS,-,2025-09-29 11:22,2025-09-29 11:33,12.0
9/29/25,KK250,SETUPS-CHANGEOVERS,OTHER CALIBRATION,Unplanned,ROBOT (HACKING STATION),ΑΙΣΘΗΤΗΡΑΣ ΡΥΘΜΙΣΗ (ΕΠΕΣΑΝ ΤΟΥΒΛΑ ΠΑΝΩ),2025-09-29 12:37,2025-09-29 13:01,24.9
9/29/25,KK250,MATERIALS,RACK STARVATION,Unplanned,HACKING STATION,ΑΝΑΜΟΝΗ ΤΕΛΑΡΩΝ ΛΟΓΩ ΠΡΟΗΓΟΥΜΕΝΗΣ ΒΛΑΒΗΣ ,2025-09-29 13:07,2025-09-29 13:10,3.8
9/29/25,KK250,MATERIALS,MANUAL BRICK HANDLING,Unplanned,HACKING STATION,ΣΠΑΣΜΕΝΑ ΤΟΥΒΛΑ (9ΚΚ25),2025-09-29 13:45,2025-09-29 13:57,12.2
9/29/25,KK250,FAILURE,AUTOMATION FAILURE,Unplanned,DRYER,ΕΙΣΟΔΟ ΞΥΡΑΝΤ. ΔΕΝ ΦΟΡΤΩΣΕ ΤΕΛΑΡΟ,2025-09-29 14:08,2025-09-29 14:12,4.5
9/29/25,KK250,FAILURE,MECHANICAL FAILURE,Unplanned,HYDRAULIC ELEVATOR (LOADING),ΕΣΠΑΣΕ ΓΡΑΝΑΖΙ ΣΤΟ ΡΟΛΟ ΕΙΣΟΔΟΥ,2025-09-29 14:41,2025-09-29 15:30,49.0
9/30/25,KK250,OPERATIONAL,CLEANING,Planned - Included in OEE,CUTTER,-,2025-09-30 07:15,2025-09-30 07:22,8.0
9/30/25,KK250,FAILURE,MECHANICAL FAILURE,Unplanned,DRYER,ΤΡΟΧΟΣ ΜΕΤΑΦΟΡΕΑ ΕΙΣΟΔΟΥ (ΕΣΠΑΣΕ Η ΒΑΣΗ),2025-09-30 07:46,2025-09-30 07:49,3.8
9/30/25,KK250,FAILURE,MECHANICAL FAILURE,Unplanned,DRYER,ΤΡΟΧΟΣ ΜΕΤΑΦΟΡΕΑ ΕΙΣΟΔΟΥ (ΕΣΠΑΣΕ Η ΒΑΣΗ),2025-09-30 07:52,2025-09-30 09:09,78.0
9/30/25,7KK25,SETUPS-CHANGEOVERS,MATERIAL CHANGEOVER,Planned - Included in OEE,EXTRUDER PRESS,-,2025-09-30 09:24,2025-09-30 09:37,13.4
9/30/25,7KK25,SETUPS-CHANGEOVERS,WIRE ROLL REPLACEMENT,Unplanned,CUTTER,-,2025-09-30 11:14,2025-09-30 11:27,13.5
9/30/25,7KK25,FAILURE,MECHANICAL FAILURE,Unplanned,HYDRAULIC ELEVATOR (UNLOADING),ΚΑΔΕΝΑ,2025-09-30 11:54,2025-09-30 11:59,5.2
9/30/25,7KK25,FAILURE,MECHANICAL FAILURE,Unplanned,HYDRAULIC ELEVATOR (UNLOADING),ΚΑΔΕΝΑ,2025-09-30 12:02,2025-09-30 12:23,21.3
9/30/25,7KK25,FAILURE,MECHANICAL FAILURE,Unplanned,HYDRAULIC ELEVATOR (UNLOADING),ΚΑΔΕΝΑ,2025-09-30 12:25,2025-09-30 12:36,11.4
9/30/25,7KK25,FAILURE,MECHANICAL FAILURE,Unplanned,DRYER,ΣΠΑΣΜΕΝΟ ΦΡΕΝΟ ΤΕΛΑΡΟΥ ΣΤΟΝ ΜΕΤΑΦ. ΕΞΟΔΟΥ,2025-09-30 12:38,2025-09-30 13:00,22.4
9/30/25,7KK25,FAILURE,MECHANICAL FAILURE,Unplanned,HYDRAULIC ELEVATOR (UNLOADING),ΚΑΔΕΝΑ,2025-09-30 13:12,2025-09-30 13:49,37.3
9/30/25,7KK25,MATERIALS,RACK STARVATION,Unplanned,HACKING STATION,ΑΝΑΜΟΝΗ ΤΕΛΑΡΩΝ ,2025-09-30 14:18,2025-09-30 14:24,6.9
9/30/25,7KK25,OPERATIONAL,NO PRODUCTION SCHEDULE,Planned - Not included in OEE,-,-,2025-09-30 14:50,2025-09-30 15:30,40.0
10/2/25,7KK25,OPERATIONAL,CLEANING,Planned - Included in OEE,EXTRUDER PRESS,-,2025-10-02 07:15,2025-10-02 07:18,3.9
10/2/25,9KK25,SETUPS-CHANGEOVERS,MATERIAL CHANGEOVER,Planned - Included in OEE,EXTRUDER PRESS,-,2025-10-02 08:11,2025-10-02 08:25,14.5
10/2/25,9KK25,FAILURE,MECHANICAL FAILURE,Unplanned,DRYER,ΟΧΙ ΠΙΣΩ ΩΘΗΤΗΡΑΣ ΜΕΤΑΦ. ΕΞΟΔΟΥ,2025-10-02 10:38,2025-10-02 10:41,3.3
10/2/25,9KK25,FAILURE,MECHANICAL FAILURE,Unplanned,HYDRAULIC ELEVATOR (UNLOADING),ΓΩΝΙΑ ΡΟΛΟΥ,2025-10-02 10:52,2025-10-02 11:08,16.6
10/2/25,9KK25,FAILURE,MECHANICAL FAILURE,Unplanned,HYDRAULIC ELEVATOR (UNLOADING),ΓΩΝΙΑ ΡΟΛΟΥ,2025-10-02 11:40,2025-10-02 11:46,6.8
10/2/25,9KK25,FAILURE,AUTOMATION FAILURE,Unplanned,ROBOT (EXTRUDER PRESS),ΞΑΦΝΙΚΟ ΑΛΑΡΜ ΚΑΙ ΣΤΑΜΑΤΗΜΑ (ΕΠΑΝΑΦΟΡΑ ΡΕΥΜΑΤΟΣ ΓΙΑ ΕΠΙΛΥΣΗ),2025-10-02 12:01,2025-10-02 12:09,8.5
10/2/25,9KK25,OPERATIONAL,CLEANING,Planned - Included in OEE,EXTRUDER PRESS,-,2025-10-02 14:49,2025-10-02 15:30,41.0
10/3/25,KK250,FAILURE,MECHANICAL FAILURE,Unplanned,CUTTER,CONVAYOR PROBLEM,2025-10-03 07:19,2025-10-03 07:22,4.0
10/3/25,KK250,SETUPS-CHANGEOVERS,MATERIAL CHANGEOVER,Planned - Included in OEE,EXTRUDER PRESS,-,2025-10-03 07:23,2025-10-03 07:43,20.5
10/3/25,KK250,FAILURE,AUTOMATION FAILURE,Unplanned,DRYER,ΜΗ ΣΩΣΤΗ ΦΟΡΤΩΣΗ ΤΕΛΑΡΟΥ ΣΤΟ ΜΕΤΑΦ.ΕΙΣΟΔΟΥ,2025-10-03 08:01,2025-10-03 08:11,11.0
10/3/25,KK250,FAILURE,AUTOMATION FAILURE,Unplanned,HACKING STATION,ΜΠΑΡΑ ΩΘΗΤΗ (ΠΡΙΝ ΤΑ ΡΟΜΠΟΤ),2025-10-03 09:03,2025-10-03 09:29,27.0
10/3/25,KK250,FAILURE,AUTOMATION FAILURE,Unplanned,HACKING STATION,ΠΛΕΥΜΑΤΙΚΗ ΒΛΑΒΗ ΣΤΗΝ ΠΙΣΩ ΜΠΑΡΑ ΩΘΗΤΗ (ΑΛΛΑΧΘΗΚΕ ΚΑΡΤΑ ΚΑΙ ΒΑΛΒΙΔΑ),2025-10-03 09:33,2025-10-03 12:38,185.8
10/3/25,KK250,MATERIALS,MANUAL BRICK HANDLING,Unplanned,HACKING STATION,ΣΠΑΣΜΕΝΑ ΤΟΥΒΛΑ (ΚΚ250),2025-10-03 13:07,2025-10-03 13:10,3.7
10/3/25,KK250,OPERATIONAL,OTHER,Unplanned,HYDRAULIC ELEVATOR (UNLOADING),ΜΕΤΡΗΜΑ ΓΙΑ ΝΕΟ ΣΥΣΤΗΜΑ ΕΚΦΟΡΤΩΣΗΣ (ΚΡΚ),2025-10-03 13:26,2025-10-03 13:32,6.4
10/3/25,KK250,MATERIALS,MANUAL BRICK HANDLING,Unplanned,HACKING STATION,ΣΠΑΣΜΕΝΑ ΤΟΥΒΛΑ (ΚΚ250),2025-10-03 13:37,2025-10-03 13:42,5.6
10/3/25,KK250,MATERIALS,MANUAL BRICK HANDLING,Unplanned,HACKING STATION,ΣΠΑΣΜΕΝΑ ΤΟΥΒΛΑ (ΚΚ250),2025-10-03 13:51,2025-10-03 14:08,17.5
10/3/25,KK250,MATERIALS,MANUAL BRICK HANDLING,Unplanned,HACKING STATION,ΣΠΑΣΜΕΝΑ ΤΟΥΒΛΑ,2025-10-03 14:26,2025-10-03 14:30,4.4
10/3/25,KK250,OPERATIONAL,CLEANING,Planned - Included in OEE,HACKING STATION,-,2025-10-03 14:49,2025-10-03 15:00,11.0
10/6/25,KK250,OPERATIONAL,CLEANING,Planned - Included in OEE,EXTRUDER PRESS,-,2025-10-06 07:15,2025-10-06 07:19,5.0
10/6/25,KK250,OPERATIONAL,CLEANING,Planned - Included in OEE,EXTRUDER PRESS,-,2025-10-06 07:20,2025-10-06 07:23,3.2
10/6/25,KK250,FAILURE,AUTOMATION FAILURE,Unplanned,SILO,ΔΕΝ ΞΕΚΙΝΟΥΣΑΝ ΤΑ ΕΜΒΟΛΑ,2025-10-06 07:25,2025-10-06 07:28,3.2
10/6/25,KK250,MATERIALS,MANUAL BRICK HANDLING,Unplanned,HACKING STATION,ΣΠΑΣΜΕΝΑ ΤΟΥΒΛΑ (ΚΚ250),2025-10-06 07:55,2025-10-06 08:00,5.4
10/6/25,KK200-1,SETUPS-CHANGEOVERS,MATERIAL CHANGEOVER,Planned - Included in OEE,CUTTER,-,2025-10-06 08:19,2025-10-06 08:34,15.6
10/6/25,KK200-1,MATERIALS,MANUAL BRICK HANDLING,Unplanned,HACKING STATION,ΣΠΑΣΜΕΝΑ ΤΟΥΒΛΑ (7KK25),2025-10-06 10:34,2025-10-06 10:40,6.3
10/6/25,KK200-1,FAILURE,MECHANICAL FAILURE,Unplanned,CUTTER,WIRE FAILURE,2025-10-06 11:27,2025-10-06 11:45,18.2
10/6/25,KK200-1,FAILURE,AUTOMATION FAILURE,Unplanned,DRYER,Ο ΩΘΗΤΗΡΑΣ ΤΟΥ ΜΕΤΑΦ. ΕΞΟΔΟΥ ΔΕΝ ΕΠΙΑΣΕ ΤΟ ΤΕΛΑΡΟ ΚΑΤΑ ΤΗΝ ΦΟΡΤΩΣΗ,2025-10-06 11:49,2025-10-06 11:55,6.3
10/6/25,KK200-1,FAILURE,AUTOMATION FAILURE,Unplanned,HACKING STATION,ΩΘΗΤΗΡΑΣ ΑΔΕΙΩΝ ΒΑΓΟΝΙΩΝ,2025-10-06 12:01,2025-10-06 12:05,4.2
10/6/25,KK200-1,FAILURE,AUTOMATION FAILURE,Unplanned,DRYER,Ο ΩΘΗΤΗΡΑΣ ΤΟΥ ΜΕΤΑΦ. ΕΞΟΔΟΥ ΔΕΝ ΕΠΙΑΣΕ ΤΟ ΤΕΛΑΡΟ ΚΑΤΑ ΤΗΝ ΦΟΡΤΩΣΗ,2025-10-06 12:49,2025-10-06 12:55,6.7
10/6/25,KK200-1,FAILURE,MECHANICAL FAILURE,Unplanned,HYDRAULIC ELEVATOR (UNLOADING),ΓΩΝΙΕΣ ΡΟΛΛΩΝ,2025-10-06 13:13,2025-10-06 13:39,26.7
10/6/25,KK200-1,FAILURE,AUTOMATION FAILURE,Unplanned,DRYER,ΤΡΟΧΟΣ ΤΕΛΑΡΟΥ ΕΠΕΣΕ (ΣΗΚΩΘΗΚΕ ΜΕ ΓΡΥΛΟ),2025-10-06 15:05,2025-10-06 15:14,9.5
10/6/25,KK200-1,OPERATIONAL,CLEANING,Planned - Included in OEE,EXTRUDER PRESS,-,2025-10-06 15:17,2025-10-06 15:30,13.0
10/7/25,KK200-1,OPERATIONAL,CLEANING,Planned - Included in OEE,EXTRUDER PRESS,-,2025-10-07 07:15,2025-10-07 07:32,17.2
10/7/25,KK150,SETUPS-CHANGEOVERS,MATERIAL CHANGEOVER,Planned - Included in OEE,EXTRUDER PRESS,-,2025-10-07 07:38,2025-10-07 07:52,14.7
10/7/25,KK250,SETUPS-CHANGEOVERS,MATERIAL CHANGEOVER,Planned - Included in OEE,EXTRUDER PRESS,-,2025-10-07 13:48,2025-10-07 14:01,13.6
10/7/25,KK250,FAILURE,AUTOMATION FAILURE,Unplanned,EXTRUDER PRESS,ΘΕΡΜΙΚΟ ΑΝΤΛΙΑΣ ΚΕΝΟΥ,2025-10-07 15:14,2025-10-07 15:21,7.7
10/7/25,KK250,OPERATIONAL,CLEANING,Planned - Included in OEE,EXTRUDER PRESS,-,2025-10-07 15:23,2025-10-07 15:30,7.0
10/8/25,KK250,OPERATIONAL,CLEANING,Planned - Included in OEE,EXTRUDER PRESS,-,2025-10-08 07:15,2025-10-08 07:29,14.1
10/8/25,7KK25,SETUPS-CHANGEOVERS,MATERIAL CHANGEOVER,Planned - Included in OEE,EXTRUDER PRESS,-,2025-10-08 09:34,2025-10-08 09:49,15.6
10/8/25,7KK25,FAILURE,AUTOMATION FAILURE,Unplanned,HACKING STATION,ΩΘΗΤΗΡΑΣ ΑΔΕΙΩΝ ΒΑΓΟΝΙΩΝ,2025-10-08 11:33,2025-10-08 11:39,6.6
10/8/25,7KK25,MATERIALS,WATER SHORTAGE,Unplanned,SILO,ΧΑΜΗΛΗ ΣΤΑΘΜΗ ΠΥΛΟΥ,2025-10-08 12:17,2025-10-08 12:31,14.2
10/8/25,7KK25,OPERATIONAL,NO PRODUCTION SCHEDULE,Planned - Not included in OEE,-,-,2025-10-08 13:36,2025-10-08 14:31,55.9
10/8/25,7KK25,OPERATIONAL,CLEANING,Planned - Included in OEE,EXTRUDER PRESS,-,2025-10-08 14:35,2025-10-08 14:39,5.0
10/8/25,7KK25,OPERATIONAL,NO PRODUCTION SCHEDULE,Planned - Not included in OEE,-,ΑΡΚΕΤΗ ΥΓΡΑΣΙΑ ΣΤΟ ΞΥΡΑΝΤΗΡΙΟ,2025-10-08 14:43,2025-10-08 15:15,32.0
10/9/25,7KK25,OPERATIONAL,CLEANING,Planned - Included in OEE,EXTRUDER PRESS,-,2025-10-09 07:15,2025-10-09 07:19,4.8
10/9/25,9ΚΚ25Η,SETUPS-CHANGEOVERS,MATERIAL CHANGEOVER,Planned - Included in OEE,EXTRUDER PRESS,-,2025-10-09 08:10,2025-10-09 08:59,49.3
10/9/25,9ΚΚ25Η,MATERIALS,MATERIAL STARVATION,Unplanned,CONVAYOR BELTS,ΓΕΜΙΣΕ ΧΩΜΑ Η ΤΑΙΝΙΑ 3 ΤΩΝ ΣΚΑΡΤΩΝ ΚΑΙ ΜΠΛΟΚΑΡΕ,2025-10-09 09:03,2025-10-09 09:12,9.2
10/9/25,9ΚΚ25Η,FAILURE,AUTOMATION FAILURE,Unplanned,CUTTER,ΜΕΤΑ ΑΠΌ ΑΛΛΑΓΗ ΠΕΝΣΩΝ ΑΛΑΡΜ: attended signal from cutting machine,2025-10-09 09:16,2025-10-09 09:19,3.8
10/9/25,9ΚΚ25Η,FAILURE,AUTOMATION FAILURE,Unplanned,CUTTER,ΜΕΤΑ ΑΠΌ ΑΛΛΑΓΗ ΠΕΝΣΩΝ ΑΛΑΡΜ: attended signal from cutting machine,2025-10-09 09:38,2025-10-09 09:42,4.9
10/9/25,9ΚΚ25Η,FAILURE,AUTOMATION FAILURE,Unplanned,CUTTER,ΜΕΤΑ ΑΠΌ ΑΛΛΑΓΗ ΠΕΝΣΩΝ ΑΛΑΡΜ: attended signal from cutting machine,2025-10-09 09:48,2025-10-09 09:53,6.0
10/9/25,9ΚΚ25Η,FAILURE,AUTOMATION FAILURE,Unplanned,CUTTER,ΜΕΤΑ ΑΠΌ ΑΛΛΑΓΗ ΠΕΝΣΩΝ ΑΛΑΡΜ: attended signal from cutting machine,2025-10-09 09:56,2025-10-09 09:59,4.0
10/9/25,9ΚΚ25Η,SETUPS-CHANGEOVERS,OTHER CALIBRATION,Unplanned,CUTTER,ΔΕΝ ΕΚΟΒΕ ΣΩΣΤΑ ΤΟ 2ο ΣΥΡΜΑ (ΡΥΘΜΙΣΗ),2025-10-09 10:01,2025-10-09 10:05,5.0
10/9/25,9ΚΚ25Η,SETUPS-CHANGEOVERS,OTHER CALIBRATION,Unplanned,CUTTER,ΔΕΝ ΕΚΟΒΕ ΣΩΣΤΑ ΤΟ 2ο ΣΥΡΜΑ (ΡΥΘΜΙΣΗ),2025-10-09 10:23,2025-10-09 10:28,5.6
10/9/25,9ΚΚ25Η,FAILURE,MECHANICAL FAILURE,Unplanned,CUTTER,WIRE FAILURE,2025-10-09 10:44,2025-10-09 10:56,12.5
10/9/25,9ΚΚ25Η,MATERIALS,RACK STARVATION,Unplanned,DRYER,,2025-10-09 11:11,2025-10-09 11:16,5.4
10/9/25,9ΚΚ25Η,FAILURE,MECHANICAL FAILURE,Unplanned,DRYER,ΜΟΤΕΡ 3ο ΚΑΡΕΛΙΝΟΥ ΠΡΙΝ ΤΗΝ ΕΙΔΟΔΟ ΞΥΡΑΝΤΗΡΙΟΥ ΕΚΟΨΕ ΤΗΝ ΚΑΔΕΝΑ,2025-10-09 12:18,2025-10-09 13:03,45.8
10/9/25,9ΚΚ25Η,SETUPS-CHANGEOVERS,MATERIAL CHANGEOVER,Planned - Included in OEE,HACKING STATION,-,2025-10-09 13:19,2025-10-09 13:24,5.9
10/9/25,9KK25,SETUPS-CHANGEOVERS,MATERIAL CHANGEOVER,Planned - Included in OEE,EXTRUDER PRESS,-,2025-10-09 14:24,2025-10-09 14:48,24.6
10/9/25,9KK25,OPERATIONAL,NO PRODUCTION SCHEDULE,Planned - Not included in OEE,EXTRUDER PRESS,-,2025-10-09 15:04,2025-10-09 15:30,26.0
10/10/25,9KK25,OPERATIONAL,CLEANING,Planned - Included in OEE,EXTRUDER PRESS,-,2025-10-10 07:15,2025-10-10 07:26,11.7
10/10/25,9KK25,FAILURE,AUTOMATION FAILURE,Unplanned,SILO,ΔΕΝ ΞΕΚΙΝΟΥΣΑΝ ΤΑ ΕΜΒΟΛΑ,2025-10-10 07:29,2025-10-10 07:34,5.6
10/10/25,9KK25,MATERIALS,MANUAL BRICK HANDLING,Unplanned,HACKING STATION,ΣΠΑΣΜΕΝΑ ΤΟΥΒΛΑ/ΕΣΚΙΖΕ ΣΤΗ ΠΡΕΣΑ,2025-10-10 09:25,2025-10-10 09:30,5.2
10/10/25,9KK25,FAILURE,AUTOMATION FAILURE,Unplanned,DRYER,ΔΕΝ ΞΕΦΟΡΤΩΣΕ ΤΕΛΛΑΡΟ Ο ΜΕΤΑΦ. ΕΙΣΟΔΟΥ,2025-10-10 10:24,2025-10-10 10:34,10.6
10/10/25,KK250,SETUPS-CHANGEOVERS,MATERIAL CHANGEOVER,Planned - Included in OEE,EXTRUDER PRESS,-,2025-10-10 11:06,2025-10-10 11:18,12.3
10/10/25,KK250,MATERIALS,MANUAL BRICK HANDLING,Unplanned,HACKING STATION,ΣΠΑΣΜΕΝΑ ΤΟΥΒΛΑ (ΚΚ250),2025-10-10 11:38,2025-10-10 11:53,15.2
10/10/25,KK250,FAILURE,AUTOMATION FAILURE,Unplanned,DRYER,ΠΑΤΙΝΑΡΕΙ Ο ΜΕΤΑΦ. ΕΞΟΔΟΥ ΣΤΗ ΓΡΑΜΜΗ 5 (ΧΩΜΑ),2025-10-10 14:03,2025-10-10 14:06,4.0
10/10/25,KK250,FAILURE,AUTOMATION FAILURE,Unplanned,DRYER,ΠΑΤΙΝΑΡΕΙ Ο ΜΕΤΑΦ. ΕΞΟΔΟΥ ΣΤΗ ΓΡΑΜΜΗ 6 (ΧΩΜΑ),2025-10-10 14:29,2025-10-10 14:32,3.1
10/10/25,KK250,OPERATIONAL,CLEANING,Planned - Included in OEE,EXTRUDER PRESS,-,2025-10-10 14:35,2025-10-10 15:00,25.0
10/13/25,KK250,OPERATIONAL,CLEANING,Planned - Included in OEE,EXTRUDER PRESS,-,2025-10-13 07:15,2025-10-13 07:21,6.3
10/13/25,KK250,FAILURE,AUTOMATION FAILURE,Unplanned,SILO,ΔΕΝ ΕΚΚΙΝΟΥΣΑΝ ΤΑ ΕΜΒΟΛΑ,2025-10-13 07:24,2025-10-13 07:27,3.7
10/13/25,KK200-1,SETUPS-CHANGEOVERS,MATERIAL CHANGEOVER,Planned - Included in OEE,EXTRUDER PRESS,-,2025-10-13 07:36,2025-10-13 07:54,19.0
10/13/25,KK200-1,FAILURE,MECHANICAL FAILURE,Unplanned,HYDRAULIC ELEVATOR (UNLOADING),ΣΠΑΣΜΕΝΟ ΛΑΣΤΙΧΟ ΛΑΔΙΟΥ (ΜΑΡΚΟΥΤΣΙ),2025-10-13 08:17,2025-10-13 08:33,16.2
10/13/25,KK200-1,FAILURE,MECHANICAL FAILURE,Unplanned,HYDRAULIC ELEVATOR (UNLOADING),ΣΠΑΣΜΕΝΟ ΛΑΣΤΙΧΟ ΛΑΔΙΟΥ (ΜΑΡΚΟΥΤΣΙ),2025-10-13 08:35,2025-10-13 10:09,94.8
10/13/25,KK200-1,SETUPS-CHANGEOVERS,MATERIAL CHANGEOVER,Planned - Included in OEE,HACKING STATION,,2025-10-13 14:06,2025-10-13 14:12,6.5
10/13/25,KK200-1,MATERIALS,MANUAL BRICK HANDLING,Unplanned,HACKING STATION,ΣΠΑΣΜΕΝΑ ΤΟΥΒΛΑ (9KK25H),2025-10-13 14:21,2025-10-13 14:36,15.7
10/13/25,KK200-1,MATERIALS,MANUAL BRICK HANDLING,Unplanned,HACKING STATION,ΣΠΑΣΜΕΝΑ ΤΟΥΒΛΑ (9KK25H),2025-10-13 14:46,2025-10-13 14:53,7.3
10/13/25,KK200-1,OPERATIONAL,CLEANING,Planned - Included in OEE,EXTRUDER PRESS,-,2025-10-13 15:16,2025-10-13 15:30,14.0
10/14/25,KK200-1,OPERATIONAL,CLEANING,Planned - Included in OEE,EXTRUDER PRESS,-,2025-10-14 07:15,2025-10-14 07:20,5.1
10/14/25,7KK25,SETUPS-CHANGEOVERS,MATERIAL CHANGEOVER,Planned - Included in OEE,EXTRUDER PRESS,-,2025-10-14 07:58,2025-10-14 08:11,13.3
10/14/25,7KK25,MATERIALS,MANUAL BRICK HANDLING,Unplanned,HACKING STATION,ΣΠΑΣΜΕΝΑ ΤΟΥΒΛΑ (9ΚΚ25),2025-10-14 09:45,2025-10-14 09:53,8.8
10/14/25,7KK25,MATERIALS,RACKS,Unplanned,HYDRAULIC ELEVATOR (UNLOADING),ΣΤΡΑΒΟ ΤΕΛΑΡΟ,2025-10-14 10:24,2025-10-14 10:33,9.2
10/14/25,7KK25,MATERIALS,MANUAL BRICK HANDLING,Unplanned,HACKING STATION,ΣΠΑΣΜΕΝΑ ΤΟΥΒΛΑ,2025-10-14 11:31,2025-10-14 11:34,3.7
10/14/25,7KK25,FAILURE,AUTOMATION FAILURE,Unplanned,DRYER,Ο ΩΘΗΤΗΡΑΣ ΤΟΥ ΜΕΤΑΦ. ΕΞΟΔΟΥ ΔΕΝ ΕΠΙΑΣΕ ΤΟ ΤΕΛΑΡΟ ΚΑΤΑ ΤΗΝ ΦΟΡΤΩΣΗ,2025-10-14 11:45,2025-10-14 11:50,5.5
10/14/25,7KK25,FAILURE,MECHANICAL FAILURE,Unplanned,CUTTER,WIRE FAILURE,2025-10-14 12:01,2025-10-14 12:04,3.3
10/14/25,KK250,SETUPS-CHANGEOVERS,MATERIAL CHANGEOVER,Planned - Included in OEE,EXTRUDER PRESS,,2025-10-14 12:40,2025-10-14 12:55,15.3
10/14/25,KK250,FAILURE,AUTOMATION FAILURE,Unplanned,DRYER,ΔΕΝ ΦΟΡΤΩΣΕ ΤΕΛΛΑΡΟ Ο ΜΕΤΑΦ. ΕΙΣΟΔΟΥ,2025-10-14 13:54,2025-10-14 13:58,4.7
10/14/25,KK250,MATERIALS,MANUAL BRICK HANDLING,Unplanned,HACKING STATION,ΣΠΑΣΜΕΝΑ ΤΟΥΒΛΑ (ΚΚ250),2025-10-14 14:12,2025-10-14 14:18,6.9
10/14/25,KK250,OPERATIONAL,CLEANING,Planned - Included in OEE,EXTRUDER PRESS,-,2025-10-14 15:10,2025-10-14 15:30,20.0
10/15/25,KK250,OPERATIONAL,CLEANING,Planned - Included in OEE,EXTRUDER PRESS,-,2025-10-15 07:15,2025-10-15 07:23,8.2
10/15/25,KK250,FAILURE,AUTOMATION FAILURE,Unplanned,HACKING STATION,ΣΠΑΣΜΕΝΟ ΣΩΛΗΝΑΚΙ ΤΟΥ ΑΕΡΑ,2025-10-15 07:32,2025-10-15 07:44,12.7
10/15/25,KK250,FAILURE,MECHANICAL FAILURE,Unplanned,CUTTER,CONVAYOR PROBLEM,2025-10-15 07:56,2025-10-15 07:59,3.4
10/15/25,KK250,FAILURE,MECHANICAL FAILURE,Unplanned,CUTTER,CONVAYOR REPLACEMENT,2025-10-15 08:34,2025-10-15 13:10,276.8
10/15/25,7KK25,SETUPS-CHANGEOVERS,MATERIAL CHANGEOVER,Planned - Included in OEE,EXTRUDER PRESS,-,2025-10-15 13:38,2025-10-15 13:49,11.1
10/15/25,7KK25,OPERATIONAL,NO PRODUCTION SCHEDULE,Planned - Not included in OEE,-,-,2025-10-15 14:45,2025-10-15 15:15,30.0
10/16/25,7KK25,OPERATIONAL,CLEANING,Planned - Included in OEE,EXTRUDER PRESS,-,2025-10-16 07:15,2025-10-16 07:20,5.7
10/16/25,7KK25,MATERIALS,MANUAL BRICK HANDLING,Unplanned,HACKING STATION,ΑΝΑΜΟΝΗ ΤΕΛΑΡΩΝ ΛΟΓΟ ΛΑΘΟΥΣ ΚΩΔΙΚΟΥ ΣΤΗ ΓΡΑΜΜΗ ΤΩΝ ΚΑΡΕΛΙΝΩΝ,2025-10-16 07:55,2025-10-16 08:06,11.8
10/16/25,7KK25,MATERIALS,MANUAL BRICK HANDLING,Unplanned,HACKING STATION,ΣΠΑΣΜΕΝΑ ΤΟΥΒΛΑ (ΚΚ200-1),2025-10-16 09:32,2025-10-16 09:36,4.1
10/16/25,7KK25,FAILURE,AUTOMATION FAILURE,Unplanned,HACKING STATION,ΕΠΑΝΑΠΡΟΓΡΑΜΜΑΤΙΣΜΟΣ ΤΟΥ ΜΕΤΑΦ. ΕΙΣΟΔΟΥ (ΕΒΓΑΛΕ ΑΛΑΡΜ ΣΕ ΛΑΘΟΣ ΓΡΑΜΜΗ),2025-10-16 10:02,2025-10-16 10:23,21.5
10/16/25,7KK25,MATERIALS,MANUAL BRICK HANDLING,Unplanned,HACKING STATION,ΣΠΑΣΜΕΝΑ ΤΟΥΒΛΑ,2025-10-16 11:09,2025-10-16 11:12,3.9
10/16/25,7KK25,FAILURE,AUTOMATION FAILURE,Unplanned,DRYER,"ΠΑΤΙΝΑΡΕΙ Ο ΜΕΤΑΦ. ΕΞΟΔΟΥ ΣΤΗ ΓΡΑΜΜΗ 5,6 (ΧΩΜΑ)",2025-10-16 11:49,2025-10-16 11:58,9.3
10/16/25,9KK25,SETUPS-CHANGEOVERS,MATERIAL CHANGEOVER,Planned - Included in OEE,EXTRUDER PRESS,,2025-10-16 12:06,2025-10-16 12:17,11.2
10/16/25,9KK25,FAILURE,AUTOMATION FAILURE,Unplanned,DRYER,ΓΡΑΜΜΗ ΚΑΡΕΛΙΝΩΝ ΚΟΛΗΜΜΕΝΟ LIMIT SWITCH,2025-10-16 13:57,2025-10-16 14:03,6.8
10/16/25,9KK25,FAILURE,AUTOMATION FAILURE,Unplanned,DRYER,ΓΡΑΜΜΗ ΚΑΡΕΛΙΝΩΝ ΚΟΛΗΜΜΕΝΟ LIMIT SWITCH,2025-10-16 14:04,2025-10-16 14:17,13.8
10/16/25,9KK25,MATERIALS,MANUAL BRICK HANDLING,Unplanned,HACKING STATION,ΠΕΣΜΕΝΑ ΤΟΥΒΛΑ ΣΕ ΒΑΓΟΝΙ ΣΤΗΝ ΕΞΟΔΟ ΤΟΥ ΦΟΥΡΝΟΥ,2025-10-16 14:20,2025-10-16 14:42,22.7
10/16/25,9KK25,OPERATIONAL,NO PRODUCTION SCHEDULE,Planned - Not included in OEE,-,-,2025-10-16 14:46,2025-10-16 15:30,44.0
10/17/25,9KK25,OPERATIONAL,CLEANING,Planned - Included in OEE,EXTRUDER PRESS,-,2025-10-17 07:15,2025-10-17 07:18,3.8
10/17/25,9KK25,FAILURE,AUTOMATION FAILURE,Unplanned,DRYER,ΠΑΤΙΝΑΡΕΙ ΤΟ 2Ο ΚΑΡΕΛΙΝΟ ΣΤΗ ΓΡΑΜΜΗ ΚΑΡΕΛΙΝΩΝ (ΣΦΙΞΙΜΟ),2025-10-17 10:00,2025-10-17 10:05,5.1
10/17/25,KK250,SETUPS-CHANGEOVERS,MATERIAL CHANGEOVER,Planned - Included in OEE,EXTRUDER PRESS,,2025-10-17 10:14,2025-10-17 10:30,16.7
10/17/25,KK250,FAILURE,AUTOMATION FAILURE,Unplanned,DRYER,ΓΡΑΜΜΗ ΚΑΡΕΛΙΝΩΝ ΜΠΗΚΑΝ 2 ΤΕΛΑΡΑ ΜΕΣΑ,2025-10-17 10:43,2025-10-17 10:49,6.0
10/17/25,KK250,FAILURE,AUTOMATION FAILURE,Unplanned,DRYER,ΓΡΑΜΜΗ ΚΑΡΕΛΙΝΩΝ ΜΠΗΚΑΝ 2 ΤΕΛΑΡΑ ΜΕΣΑ,2025-10-17 11:06,2025-10-17 11:12,6.3
10/17/25,KK250,FAILURE,AUTOMATION FAILURE,Unplanned,DRYER,ΔΕΝ ΦΟΡΤΩΘΗΚΕ ΚΑΛΑ ΤΟ ΤΕΛΑΡΟ ΣΤΟ ΜΕΤΑΦ. ΕΙΣΟΔΟΥ,2025-10-17 11:13,2025-10-17 11:17,4.6
10/17/25,KK250,FAILURE,AUTOMATION FAILURE,Unplanned,DRYER,"ΠΑΤΙΝΑΡΕΙ Ο ΜΕΤΑΦ. ΕΞΟΔΟΥ ΣΤΗ ΓΡΑΜΜΗ 5,6 (ΧΩΜΑ)",2025-10-17 11:41,2025-10-17 11:46,5.5
10/17/25,KK250,MATERIALS,MANUAL BRICK HANDLING,Unplanned,HACKING STATION,ΣΠΑΣΜΕΝΑ ΤΟΥΒΛΑ,2025-10-17 11:59,2025-10-17 12:10,11.1
10/17/25,KK250,FAILURE,MECHANICAL FAILURE,Unplanned,CUTTER,WIRE FAILURE,2025-10-17 12:31,2025-10-17 12:38,7.2
10/17/25,KK250,MATERIALS,MANUAL BRICK HANDLING,Unplanned,HACKING STATION,WIRE FAILURE,2025-10-17 13:46,2025-10-17 13:57,11.9
10/17/25,KK250,OPERATIONAL,NO PRODUCTION SCHEDULE,Planned - Not included in OEE,-,WIRE FAILURE,2025-10-17 14:15,2025-10-17 15:00,45.0
10/20/25,KK250,OPERATIONAL,CLEANING,Planned - Included in OEE,EXTRUDER PRESS,WIRE FAILURE,2025-10-20 07:15,2025-10-20 07:29,14.7
10/20/25,KK250,FAILURE,MECHANICAL FAILURE,Unplanned,CUTTER,WIRE FAILURE,2025-10-20 07:33,2025-10-20 07:37,4.6
10/20/25,KK200-1,SETUPS-CHANGEOVERS,MATERIAL CHANGEOVER,Planned - Included in OEE,EXTRUDER PRESS,,2025-10-20 07:47,2025-10-20 07:59,12.9
10/20/25,KK200-1,FAILURE,AUTOMATION FAILURE,Unplanned,DRYER,"ΠΑΤΙΝΑΡΕΙ Ο ΜΕΤΑΦ. ΕΞΟΔΟΥ ΣΤΗ ΓΡΑΜΜΗ 5,6 (ΧΩΜΑ)",2025-10-20 10:38,2025-10-20 10:43,5.8
10/20/25,KK200-1,FAILURE,MECHANICAL FAILURE,Unplanned,HYDRAULIC ELEVATOR (LOADING),ΓΩΝΙΑ,2025-10-20 11:54,2025-10-20 11:58,4.3
10/20/25,KK200-1,FAILURE,AUTOMATION FAILURE,Unplanned,DRYER,ΕΙΣΟΔΟ ΞΥΡΑΝΤΗΡΙΟΥ ΤΕΛΑΡΟ ΠΑΝΩ ΣΤΗ ΠΟΡΤΑ,2025-10-20 12:14,2025-10-20 12:19,5.5
10/20/25,KK200-1,FAILURE,AUTOMATION FAILURE,Unplanned,HACKING STATION,ΩΘΗΤΗΡΑΣ ΑΔΕΙΩΝ ΒΑΓΟΝΙΩΝ,2025-10-20 13:06,2025-10-20 13:17,11.3
10/20/25,KK200-1,FAILURE,AUTOMATION FAILURE,Unplanned,DRYER,ΕΙΣΟΔΟ ΞΥΡΑΝΤΗΡΙΟΥ ΤΕΛΑΡΟ ΠΑΝΩ ΣΤΗ ΠΟΡΤΑ,2025-10-20 13:37,2025-10-20 13:43,6.1
10/20/25,KK200-1,FAILURE,AUTOMATION FAILURE,Unplanned,DRYER,Ο ΩΘΗΤΗΡΑΣ ΤΟΥ ΜΕΤΑΦ. ΕΞΟΔΟΥ ΔΕΝ ΕΠΙΑΣΕ ΤΟ ΤΕΛΑΡΟ ΚΑΤΑ ΤΗΝ ΦΟΡΤΩΣΗ,2025-10-20 14:39,2025-10-20 14:45,6.6
10/20/25,KK200-1,OPERATIONAL,CLEANING,Planned - Included in OEE,EXTRUDER PRESS,-,2025-10-20 15:15,2025-10-20 15:30,15.0
10/21/25,KK200-1,OPERATIONAL,CLEANING,Planned - Included in OEE,EXTRUDER PRESS,-,2025-10-21 07:15,2025-10-21 07:18,4.0
10/21/25,KK200-1,FAILURE,AUTOMATION FAILURE,Unplanned,DRYER,ΔΕΝ ΦΟΡΤΩΘΗΚΕ ΤΕΛΑΡΟ ΣΤΟ ΜΕΤΑΦ. ΕΙΣΟΔΟΥ,2025-10-21 08:31,2025-10-21 08:37,6.1
10/21/25,KK250,SETUPS-CHANGEOVERS,MATERIAL CHANGEOVER,Planned - Included in OEE,EXTRUDER PRESS,,2025-10-21 10:13,2025-10-21 10:26,13.5
10/21/25,KK250,MATERIALS,MANUAL BRICK HANDLING,Unplanned,HACKING STATION,ΣΠΑΣΜΕΝΑ ΤΟΥΒΛΑ (ΚΚ250),2025-10-21 11:35,2025-10-21 11:54,19.2
10/21/25,KK250,MATERIALS,MANUAL BRICK HANDLING,Unplanned,HACKING STATION,ΣΠΑΣΜΕΝΑ ΤΟΥΒΛΑ (ΚΚ250),2025-10-21 12:16,2025-10-21 12:44,28.1
10/21/25,KK250,FAILURE,AUTOMATION FAILURE,Unplanned,LINE 52,ΩΘΗΤΗΡΑΣ ΑΔΕΙΩΝ ΒΑΓΟΝΙΩΝ,2025-10-21 13:26,2025-10-21 13:39,13.9
10/21/25,KK250,FAILURE,AUTOMATION FAILURE,Unplanned,LINE 52,ΩΘΗΤΗΡΑΣ ΑΔΕΙΩΝ ΒΑΓΟΝΙΩΝ,2025-10-21 13:58,2025-10-21 14:11,13.2
10/21/25,KK250,FAILURE,AUTOMATION FAILURE,Unplanned,DRYER,ΠΑΤΙΝΑΡΕΙ Ο ΜΕΤΑΦ. ΕΙΣΟΔΟΥ ΣΤΗ ΓΡΑΜΜΗ 6,2025-10-21 14:39,2025-10-21 14:44,5.5
10/21/25,KK250,OPERATIONAL,CLEANING,Planned - Included in OEE,EXTRUDER PRESS,-,2025-10-21 14:52,2025-10-21 15:30,38.0
10/22/25,KK250,OPERATIONAL,CLEANING,Planned - Included in OEE,EXTRUDER PRESS,-,2025-10-22 07:15,2025-10-22 07:29,14.2
10/22/25,7KK25,FAILURE,AUTOMATION FAILURE,Unplanned,SILO,ΔΕΝ ΕΚΚΙΝΟΥΣΑΝ ΤΑ ΕΜΒΟΛΑ,2025-10-22 07:32,2025-10-22 08:59,88.0
10/22/25,7KK25,FAILURE,MECHANICAL FAILURE,Unplanned,HYDRAULIC ELEVATOR (LOADING),ΣΤΡΑΒΩΜΕΝΟ ΤΕΛΑΡΟ,2025-10-22 09:37,2025-10-22 09:44,7.3
10/22/25,7KK25,MATERIALS,MANUAL BRICK HANDLING,Unplanned,HACKING STATION,ΣΠΑΣΜΕΝΑ ΤΟΥΒΛΑ,2025-10-22 10:18,2025-10-22 10:21,3.2
10/22/25,7KK25,FAILURE,AUTOMATION FAILURE,Unplanned,LINE 52,ΩΘΗΤΗΡΑΣ ΑΔΕΙΩΝ ΒΑΓΟΝΙΩΝ,2025-10-22 10:59,2025-10-22 11:13,14.7
10/22/25,7KK25,MATERIALS,AUTOMATION FAILURE,Unplanned,DRYER,ΠΑΤΙΝΑΡΕΙ Ο ΜΕΤΑΦ. ΕΞΟΔΟΥ ΣΤΗ ΓΡΑΜΜΗ 5-6,2025-10-22 11:39,2025-10-22 11:42,3.8
10/22/25,7KK25,OPERATIONAL,QUALITY CONTROL,Planned - Included in OEE,EXTRUDER PRESS,"ΕΛΕΓΧΟΣ ΡΕΟΥΛΩΝ ΚΑΙ ΑΛΛΑΓΗ ΑΡΙΣΤΕΡΗ 11,5 ΔΕΞΙΑ 12,0",2025-10-22 11:50,2025-10-22 11:58,8.8
10/22/25,7KK25,OPERATIONAL,QUALITY CONTROL,Planned - Included in OEE,EXTRUDER PRESS,"ΕΛΕΓΧΟΣ ΡΕΟΥΛΩΝ ΚΑΙ ΑΛΛΑΓΗ ΑΡΙΣΤΕΡΗ 11,5 ΔΕΞΙΑ 12,0",2025-10-22 12:11,2025-10-22 12:19,8.5
10/22/25,7KK25,OPERATIONAL,QUALITY CONTROL,Planned - Included in OEE,EXTRUDER PRESS,"ΕΛΕΓΧΟΣ ΡΕΟΥΛΩΝ ΚΑΙ ΑΛΛΑΓΗ ΑΡΙΣΤΕΡΗ 11,5 ΔΕΞΙΑ 12,0",2025-10-22 12:33,2025-10-22 12:36,3.9
10/22/25,7KK25,MATERIALS,RACKS,Unplanned,HYDRAULIC ELEVATOR (UNLOADING),ΣΤΡΑΒΩΜΕΝΟ ΤΕΛΑΡΟ,2025-10-22 12:41,2025-10-22 12:54,13.2
10/22/25,7KK25,MATERIALS,RACKS,Unplanned,HYDRAULIC ELEVATOR (UNLOADING),ΣΤΡΑΒΩΜΕΝΟ ΤΕΛΑΡΟ,2025-10-22 12:56,2025-10-22 13:52,56.5
10/22/25,7KK25,MATERIALS,RACKS,Unplanned,HYDRAULIC ELEVATOR (UNLOADING),ΣΤΡΑΒΩΜΕΝΟ ΤΕΛΑΡΟ,2025-10-22 13:55,2025-10-22 14:00,5.3
10/22/25,7KK25,MATERIALS,MANUAL BRICK HANDLING,Unplanned,HACKING STATION,ΣΠΑΣΜΕΝΑ,2025-10-22 14:16,2025-10-22 14:23,7.4
10/22/25,7KK25,OPERATIONAL,CLEANING,Planned - Included in OEE,EXTRUDER PRESS,-,2025-10-22 14:30,2025-10-22 15:15,45.0
10/23/25,7KK25,FAILURE,MECHANICAL FAILURE,Unplanned,ROBOT (EXTRUDER PRESS),ΕΣΠΑΣΕ ΒΑΣΗ ΑΠΟ ΠΙΑΣΤΡΑ,2025-10-23 07:26,2025-10-23 07:36,10.9
10/23/25,7KK25,FAILURE,MECHANICAL FAILURE,Unplanned,CUTTER,WIRE FAILURE,2025-10-23 08:10,2025-10-23 08:16,6.3
10/23/25,9KK25,SETUPS-CHANGEOVERS,MATERIAL CHANGEOVER,Planned - Included in OEE,EXTRUDER PRESS,,2025-10-23 10:10,2025-10-23 10:19,9.8
10/23/25,9KK25,FAILURE,MECHANICAL FAILURE,Unplanned,HYDRAULIC ELEVATOR (LOADING),ΓΩΝΙΑ,2025-10-23 12:09,2025-10-23 12:18,9.9
10/23/25,9KK25,FAILURE,MECHANICAL FAILURE,Unplanned,CUTTER,WIRE FAILURE,2025-10-23 12:42,2025-10-23 12:51,9.2
10/23/25,9KK25,FAILURE,MECHANICAL FAILURE,Unplanned,PAN MILL,ΞΥΣΤΡΑ,2025-10-23 13:23,2025-10-23 13:31,8.7
10/23/25,9KK25,OPERATIONAL,CLEANING,Planned - Included in OEE,EXTRUDER PRESS,WIRE FAILURE,2025-10-23 14:19,2025-10-23 15:30,71.0
10/24/25,9KK25,FAILURE,AUTOMATION FAILURE,Unplanned,SILO,ΔΕΝ ΕΚΚΙΝΟΥΣΑΝ ΤΑ ΕΜΒΟΛΑ,2025-10-24 07:20,2025-10-24 07:28,8.7
10/24/25,9KK30,SETUPS-CHANGEOVERS,MATERIAL CHANGEOVER,Planned - Included in OEE,EXTRUDER PRESS,,2025-10-24 07:35,2025-10-24 07:46,11.9
10/24/25,9KK30,FAILURE,AUTOMATION FAILURE,Unplanned,DRYER,ΚΟΠΗΚΕ Η ΚΑΔΕΝΑ ΤΟΥ ΩΘΗΤΗΡΑ ΤΟΥ ΜΕΤΑΦ. ΕΞΟΔΟΥ,2025-10-24 08:11,2025-10-24 08:37,26.6
10/24/25,9KK30,FAILURE,MECHANICAL FAILURE,Unplanned,CUTTER,WIRE FAILURE,2025-10-24 08:41,2025-10-24 08:44,3.8
10/24/25,9KK30,OPERATIONAL,QUALITY CONTROL,Planned - Included in OEE,EXTRUDER PRESS,WIRE FAILURE,2025-10-24 09:05,2025-10-24 09:12,7.3
10/24/25,9KK30,FAILURE,MECHANICAL FAILURE,Unplanned,CUTTER,WIRE FAILURE,2025-10-24 09:49,2025-10-24 09:52,3.7
10/24/25,9KK30,FAILURE,AUTOMATION FAILURE,Unplanned,LINE 52,WIRE FAILURE,2025-10-24 10:22,2025-10-24 10:36,14.3
10/24/25,9KK30,MATERIALS,MANUAL BRICK HANDLING,Unplanned,HACKING STATION,,2025-10-24 11:03,2025-10-24 11:17,14.9
10/24/25,9KK30,MATERIALS,MANUAL BRICK HANDLING,Unplanned,HACKING STATION,,2025-10-24 11:41,2025-10-24 11:46,5.3
10/24/25,9KK30,SETUPS-CHANGEOVERS,MATERIAL CHANGEOVER,Planned - Included in OEE,HACKING STATION,,2025-10-24 12:01,2025-10-24 12:17,16.8
10/24/25,9KK30,SETUPS-CHANGEOVERS,OTHER CALIBRATION,Unplanned,HACKING STATION,,2025-10-24 12:29,2025-10-24 12:37,8.8
10/24/25,KK200-1,SETUPS-CHANGEOVERS,MATERIAL CHANGEOVER,Planned - Included in OEE,EXTRUDER PRESS,-,2025-10-24 13:36,2025-10-24 13:49,13.7
10/24/25,KK200-1,OPERATIONAL,CLEANING,Planned - Included in OEE,EXTRUDER PRESS,-,2025-10-24 14:47,2025-10-24 15:00,13.0
10/27/25,KK200-1,FAILURE,MECHANICAL FAILURE,Unplanned,PAN MILL,ΑΛΛΑΓΗ ΞΥΣΤΡΑΣ ,2025-10-27 07:15,2025-10-27 07:32,17.7
10/27/25,KK200-1,MATERIALS,MANUAL BRICK HANDLING,Unplanned,HACKING STATION,ΣΠΑΣΜΕΝΑ ΤΟΥΒΛΑ (ΚΚ200-1),2025-10-27 09:16,2025-10-27 09:32,16.6
10/27/25,KK200-1,FAILURE,AUTOMATION FAILURE,Unplanned,LINE 52,ΩΘΗΤΗΡΑΣ ,2025-10-27 10:17,2025-10-27 10:22,5.8
10/27/25,KK200-1,FAILURE,AUTOMATION FAILURE,Unplanned,KILN,ΔΕΝ ΠΗΓΑΙΝΕΙ ΣΤΗ ΘΕΣΗ ΤΟΥ Ο ΜΕΤΑΦ. ΕΞΟΔΟΥ ΤΟΥ ΦΟΥΡΝΟΥ,2025-10-27 11:45,2025-10-27 11:48,3.8
10/27/25,KK200-1,FAILURE,AUTOMATION FAILURE,Unplanned,KILN,ΔΕΝ ΠΗΓΑΙΝΕΙ ΣΤΗ ΘΕΣΗ ΤΟΥ Ο ΜΕΤΑΦ. ΕΞΟΔΟΥ ΤΟΥ ΦΟΥΡΝΟΥ,2025-10-27 12:19,2025-10-27 12:22,3.5
10/27/25,KK200-1,FAILURE,AUTOMATION FAILURE,Unplanned,KILN,ΔΕΝ ΠΗΓΑΙΝΕΙ ΣΤΗ ΘΕΣΗ ΤΟΥ Ο ΜΕΤΑΦ. ΕΞΟΔΟΥ ΤΟΥ ΦΟΥΡΝΟΥ,2025-10-27 13:04,2025-10-27 13:11,7.8
10/27/25,KK200-1,OPERATIONAL,CLEANING,Planned - Included in OEE,EXTRUDER PRESS,-,2025-10-27 15:13,2025-10-27 15:30,17.0
10/29/25,KK200-1,OPERATIONAL,CLEANING,Planned - Included in OEE,EXTRUDER PRESS,-,2025-10-29 07:15,2025-10-29 07:24,9.2
10/29/25,KK200-1,FAILURE,AUTOMATION FAILURE,Unplanned,ROBOT (HACKING STATION),ΣΠΑΣΜΕΝΟ ΣΩΛΗΝΑΚΙ ΤΟΥ ΑΕΡΑ,2025-10-29 07:44,2025-10-29 08:51,68.0
10/29/25,KK200-1,FAILURE,AUTOMATION FAILURE,Unplanned,ROBOT (HACKING STATION),ΣΠΑΣΜΕΝΟ ΣΩΛΗΝΑΚΙ ΤΟΥ ΑΕΡΑ,2025-10-29 08:53,2025-10-29 09:13,20.2
10/29/25,KK250,SETUPS-CHANGEOVERS,MATERIAL CHANGEOVER,Planned - Included in OEE,EXTRUDER PRESS,-,2025-10-29 09:30,2025-10-29 09:44,14.3
10/29/25,KK250,FAILURE,MECHANICAL FAILURE,Unplanned,CUTTER,WIRE FAILURE,2025-10-29 10:05,2025-10-29 10:10,5.1
10/29/25,KK250,FAILURE,AUTOMATION FAILURE,Unplanned,DRYER,WIRE FAILURE,2025-10-29 10:30,2025-10-29 10:34,4.9
10/29/25,KK250,FAILURE,MECHANICAL FAILURE,Unplanned,CUTTER,WIRE FAILURE,2025-10-29 11:17,2025-10-29 11:20,3.7
10/29/25,KK250,FAILURE,AUTOMATION FAILURE,Unplanned,HACKING STATION,ΚΑΔΕΝΕΣ,2025-10-29 12:09,2025-10-29 12:13,4.5
10/29/25,KK250,FAILURE,AUTOMATION FAILURE,Unplanned,HACKING STATION,ΚΑΔΕΝΕΣ,2025-10-29 12:23,2025-10-29 12:33,10.4
10/29/25,KK250,FAILURE,AUTOMATION FAILURE,Unplanned,HACKING STATION,ΚΑΔΕΝΕΣ,2025-10-29 12:38,2025-10-29 12:43,5.9
10/29/25,7KK25,SETUPS-CHANGEOVERS,MATERIAL CHANGEOVER,Planned - Included in OEE,EXTRUDER PRESS,,2025-10-29 13:31,2025-10-29 14:09,38.3
10/29/25,7KK25,OPERATIONAL,CLEANING,Planned - Included in OEE,EXTRUDER PRESS,WIRE FAILURE,2025-10-29 14:34,2025-10-29 15:15,41.0
10/30/25,7KK25,FAILURE,AUTOMATION FAILURE,Unplanned,SILO,ΔΕΝ ΕΚΚΙΝΟΥΣΑΝ ΤΑ ΕΜΒΟΛΑ,2025-10-30 07:20,2025-10-30 07:29,9.0
10/30/25,7KK25,MATERIALS,MANUAL BRICK HANDLING,Unplanned,HACKING STATION,ΣΠΑΣΜΕΝΑ ΤΟΥΒΛΑ,2025-10-30 08:04,2025-10-30 08:07,3.9
10/30/25,7KK25,OPERATIONAL,OTHER,Unplanned,ROBOT (HACKING STATION),ΑΝΑΖΗΤΗΣΗ SN ,2025-10-30 09:38,2025-10-30 09:52,14.6
10/30/25,7KK25,FAILURE,MECHANICAL FAILURE,Unplanned,HYDRAULIC ELEVATOR (LOADING),ΣΤΡΑΒΟ ΡΑΦΙ ΣΕ ΤΕΛΑΡΟ ΕΚΑΝΕ ΖΗΜΙΑ ΣΕ ΡΟΛΟ,2025-10-30 10:33,2025-10-30 10:45,12.1
10/30/25,7KK25,FAILURE,MECHANICAL FAILURE,Unplanned,HYDRAULIC ELEVATOR (LOADING),ΣΤΡΑΒΟ ΡΑΦΙ ΣΕ ΤΕΛΑΡΟ ΕΚΑΝΕ ΖΗΜΙΑ ΣΕ ΡΟΛΟ,2025-10-30 10:47,2025-10-30 10:57,10.2
10/30/25,7KK25,SETUPS-CHANGEOVERS,MATERIAL CHANGEOVER,Planned - Included in OEE,EXTRUDER PRESS,ΜΠΗΚΕ ΤΟ 33ΑΡΙ ΚΑΛΟΥΠΙ ΠΑΝΩ ΣΤΟ ΑΛΛΟ ΣΤΟΜΙΟ,2025-10-30 13:22,2025-10-30 13:25,3.3
10/30/25,7KK25,MATERIALS,MANUAL BRICK HANDLING,Unplanned,HACKING STATION,ΣΠΑΣΜΕΝΑ,2025-10-30 14:19,2025-10-30 14:22,3.3
10/30/25,7KK25,OPERATIONAL,CLEANING,Planned - Included in OEE,EXTRUDER PRESS,-,2025-10-30 14:30,2025-10-30 15:30,60.0
10/31/25,13KK33,SETUPS-CHANGEOVERS,MATERIAL CHANGEOVER,Planned - Included in OEE,EXTRUDER PRESS,-,2025-10-31 07:33,2025-10-31 08:04,31.8
10/31/25,13KK33,SETUPS-CHANGEOVERS,WIRE ROLL REPLACEMENT,Unplanned,CUTTER,-,2025-10-31 08:24,2025-10-31 08:37,13.5
10/31/25,13KK33,FAILURE,MECHANICAL FAILURE,Unplanned,HYDRAULIC ELEVATOR (UNLOADING), ΣΠΑΣΜΕΝΟ ΡΟΛΛΟ ΣΤΟ ΑΣΑΝΣΕΡ ΕΚΦΟΡΤΩΣΗΣ ,2025-10-31 10:37,2025-10-31 11:03,26.8
10/31/25,13KK33,MATERIALS,RACKS,Unplanned,HYDRAULIC ELEVATOR (LOADING),ΠΡΟΒΛΉΜΑΤΙΚΟ ΤΕΛΕΡΟ ΔΕΝ ΤΟ ΠΗΡΕ ΣΩΣΤΑ ΤΟ ΑΣΑΝΣΕΡ,2025-10-31 11:10,2025-10-31 11:14,4.3
10/31/25,13KK33,MATERIALS,RACKS,Unplanned,HYDRAULIC ELEVATOR (LOADING),ΠΡΟΒΛΉΜΑΤΙΚΟ ΤΕΛΕΡΟ ΔΕΝ ΤΟ ΠΗΡΕ ΣΩΣΤΑ ΤΟ ΑΣΑΝΣΕΡ,2025-10-31 11:27,2025-10-31 11:32,5.3
10/31/25,KK250,SETUPS-CHANGEOVERS,MATERIAL CHANGEOVER,Planned - Included in OEE,EXTRUDER PRESS,-,2025-10-31 13:10,2025-10-31 13:31,21.9
10/31/25,KK250,OPERATIONAL,CLEANING,Planned - Included in OEE,EXTRUDER PRESS,-,2025-10-31 14:50,2025-10-31 15:00,10.0
11/3/25,KK250,OPERATIONAL,CLEANING,Planned - Included in OEE,EXTRUDER PRESS,-,2025-11-03 07:15,2025-11-03 07:19,4.4
11/3/25,KK250,MATERIALS,MATERIAL STARVATION,Unplanned,SILO,ΧΑΜΗΛΗ ΣΤΑΘΜΗ ΧΩΜΑΤΟΣ,2025-11-03 08:01,2025-11-03 08:12,11.8
11/3/25,KK250,MATERIALS,WATER SHORTAGE,Unplanned,EXTRUDER PRESS,-,2025-11-03 08:52,2025-11-03 08:56,4.3
11/3/25,KK200-1,SETUPS-CHANGEOVERS,MATERIAL CHANGEOVER,Planned - Included in OEE,EXTRUDER PRESS,-,2025-11-03 09:12,2025-11-03 09:25,13.8
11/3/25,KK200-1,MATERIALS,RACKS,Unplanned,DRYER,ΤΕΛΑΡΟ ΕΚΤΟΣ ΤΗΣ ΓΡΑΜΜΗΣ 4,2025-11-03 09:56,2025-11-03 10:05,9.5
11/3/25,KK200-1,MATERIALS,RACKS,Unplanned,DRYER,ΤΕΛΑΡΟ ΕΚΤΟΣ ΤΗΣ ΓΡΑΜΜΗΣ 4,2025-11-03 10:14,2025-11-03 10:25,11.8
11/3/25,KK200-1,OPERATIONAL,CLEANING,Planned - Included in OEE,EXTRUDER PRESS,-,2025-11-03 15:10,2025-11-03 15:30,20.0
11/4/25,KK200-1,FAILURE,MECHANICAL FAILURE,Unplanned,PAN MILL,ΑΛΛΑΓΗ ΞΥΣΤΡΑΣ ΣΤΟ PAN MIL ΚΑΙ LIMIT SWITCH ΣΤΟ ΞΥΡΑΝΤΗΡΙ,2025-11-04 07:15,2025-11-04 07:38,23.9
11/4/25,KK200-1,SETUPS-CHANGEOVERS,MATERIAL CHANGEOVER,Planned - Included in OEE,HACKING STATION,-,2025-11-04 09:06,2025-11-04 09:24,18.8
11/4/25,KK200-1,MATERIALS,MANUAL BRICK HANDLING,Unplanned,HACKING STATION,ΣΠΑΣΜΕΝΑ,2025-11-04 09:54,2025-11-04 09:57,3.4
11/4/25,KK200-1,MATERIALS,MANUAL BRICK HANDLING,Unplanned,HACKING STATION,ΣΠΑΣΜΕΝΑ ΤΟΥΒΛΑ (13KK33),2025-11-04 10:25,2025-11-04 10:42,17.5
11/4/25,KK200-1,FAILURE,MECHANICAL FAILURE,Unplanned,HYDRAULIC ELEVATOR (LOADING),ΠΡΟΒΛΉΜΑΤΙΚΟ ΤΕΛΕΡΟ ΔΕΝ ΤΟ ΠΗΡΕ ΣΩΣΤΑ ΤΟ ΑΣΑΝΣΕΡ ΕΣΠΑΣΕ ΡΟΛΟ,2025-11-04 10:49,2025-11-04 11:13,24.1
11/4/25,KK200-1,FAILURE,MECHANICAL FAILURE,Unplanned,HYDRAULIC ELEVATOR (UNLOADING),ΠΡΟΒΛΉΜΑΤΙΚΟ ΤΕΛΕΡΟ ΔΕΝ ΤΟ ΠΗΡΕ ΣΩΣΤΑ ΤΟ ΑΣΑΝΣΕΡ,2025-11-04 11:16,2025-11-04 11:20,4.7
11/4/25,KK200-1,MATERIALS,MANUAL BRICK HANDLING,Unplanned,HACKING STATION,ΣΠΑΣΜΕΝΑ,2025-11-04 12:02,2025-11-04 12:31,29.6
11/4/25,KK250,SETUPS-CHANGEOVERS,MATERIAL CHANGEOVER,Planned - Included in OEE,EXTRUDER PRESS,-,2025-11-04 13:29,2025-11-04 13:42,13.5
11/4/25,KK250,OPERATIONAL,CLEANING,Planned - Included in OEE,EXTRUDER PRESS,-,2025-11-04 14:27,2025-11-04 14:40,13.2
11/4/25,KK250,FAILURE,AUTOMATION FAILURE,Unplanned,DRYER,ΠΑΤΙΝΑΡΕΙ Ο ΜΕΤΑΦ. ΕΙΣΟΔΟΥ ΣΤΗ ΓΡΑΜΜΗ 6,2025-11-04 14:53,2025-11-04 15:05,12.1
11/4/25,KK250,OPERATIONAL,CLEANING,Planned - Included in OEE,EXTRUDER PRESS,-,2025-11-04 15:12,2025-11-04 15:30,18.0
11/5/25,KK250,OPERATIONAL,CLEANING,Planned - Included in OEE,EXTRUDER PRESS,-,2025-11-05 07:15,2025-11-05 07:19,4.3
11/5/25,7KK25,SETUPS-CHANGEOVERS,MATERIAL CHANGEOVER,Planned - Included in OEE,EXTRUDER PRESS,-,2025-11-05 09:34,2025-11-05 09:46,12.8
11/5/25,7KK25,FAILURE,AUTOMATION FAILURE,Unplanned,DRYER,ΕΠΕΣΕ ΤΕΛΑΡΟ ΣΤΗΝ ΕΙΣΟΔΟ ΤΟΥ ΞΥΡΑΝ.,2025-11-05 09:56,2025-11-05 10:00,4.7
11/5/25,7KK25,FAILURE,MECHANICAL FAILURE,Unplanned,CUTTER,WIRE FAILURE,2025-11-05 10:44,2025-11-05 10:47,3.2
11/5/25,7KK25,FAILURE,MECHANICAL FAILURE,Unplanned,CUTTER,WIRE FAILURE,2025-11-05 10:58,2025-11-05 11:03,5.5
11/5/25,7KK25,MATERIALS,MANUAL BRICK HANDLING,Unplanned,HACKING STATION,ΣΠΑΣΜΕΝΑ,2025-11-05 11:38,2025-11-05 11:45,7.3
11/5/25,7KK25,MATERIALS,MANUAL BRICK HANDLING,Unplanned,HACKING STATION,ΣΠΑΣΜΕΝΑ,2025-11-05 12:06,2025-11-05 12:15,9.2
11/5/25,7KK25,MATERIALS,MANUAL BRICK HANDLING,Unplanned,HACKING STATION,ΣΠΑΣΜΕΝΑ,2025-11-05 12:34,2025-11-05 12:51,17.5
11/5/25,7KK25,OPERATIONAL,NO PRODUCTION SCHEDULE,Planned - Not included in OEE,-,-,2025-11-05 13:09,2025-11-05 15:15,126.0
11/6/25,7KK25,FAILURE,AUTOMATION FAILURE,Unplanned,DRYER,ΠΑΤΙΝΑΡΕΙ Ο ΜΕΤΑΦ. ΕΞΟΔΟΥ ΣΤΗ ΓΡΑΜΜΗ 5-6,2025-11-06 08:04,2025-11-06 08:13,9.7
11/6/25,7KK25,MATERIALS,MANUAL BRICK HANDLING,Unplanned,HACKING STATION,ΣΠΑΣΜΕΝΑ,2025-11-06 08:45,2025-11-06 08:50,5.8
11/6/25,7KK25,MATERIALS,MANUAL BRICK HANDLING,Unplanned,HACKING STATION,ΣΠΑΣΜΕΝΑ,2025-11-06 09:06,2025-11-06 09:16,10.6
11/6/25,7KK25,MATERIALS,MANUAL BRICK HANDLING,Unplanned,HACKING STATION,ΣΠΑΣΜΕΝΑ,2025-11-06 09:32,2025-11-06 09:44,12.4
11/6/25,7KK25,MATERIALS,MANUAL BRICK HANDLING,Unplanned,DRYER,ΣΠΑΣΜΕΝΑ,2025-11-06 10:03,2025-11-06 10:15,12.9
11/6/25,9KK25,SETUPS-CHANGEOVERS,MATERIAL CHANGEOVER,Planned - Included in OEE,EXTRUDER PRESS,-,2025-11-06 10:43,2025-11-06 11:11,28.8
11/6/25,9KK25,OPERATIONAL,CLEANING,Planned - Included in OEE,HYDRAULIC ELEVATOR (UNLOADING),ΑΔΕΙΑΣΜΑ ΑΠΟ ΤΟ ΝΕΡΟ,2025-11-06 12:10,2025-11-06 12:18,8.4
11/6/25,9KK25,MATERIALS,MANUAL BRICK HANDLING,Unplanned,HACKING STATION,ΣΠΑΣΜΕΝΑ,2025-11-06 12:55,2025-11-06 13:05,10.7
11/6/25,9KK25,OPERATIONAL,CLEANING,Planned - Included in OEE,EXTRUDER PRESS,-,2025-11-06 14:18,2025-11-06 15:30,72.0
11/7/25,9KK25,FAILURE,AUTOMATION FAILURE,Unplanned,DRYER,ΠΑΤΙΝΑΡΕΙ Ο ΜΕΤΑΦ. ΕΞΟΔΟΥ ΣΤΗ ΓΡΑΜΜΗ 5-6,2025-11-07 08:18,2025-11-07 08:23,5.5
11/7/25,KK250,SETUPS-CHANGEOVERS,MATERIAL CHANGEOVER,Planned - Included in OEE,EXTRUDER PRESS,-,2025-11-07 09:05,2025-11-07 09:37,32.6
11/7/25,KK250,SETUPS-CHANGEOVERS,OTHER CALIBRATION,Unplanned,ROLLER MILL C,ΡΥΘΜΙΣΗ ΞΥΣΤΡΑΣ,2025-11-07 09:45,2025-11-07 09:56,11.5
11/7/25,KK250,OPERATIONAL,QUALITY CONTROL,Planned - Included in OEE,EXTRUDER PRESS,ΚΑΛΟΥΠΙ,2025-11-07 10:01,2025-11-07 10:05,4.8
11/7/25,KK250,MATERIALS,MANUAL BRICK HANDLING,Unplanned,HACKING STATION,ΣΠΑΣΜΕΝΑ,2025-11-07 10:32,2025-11-07 11:02,30.5
11/7/25,KK250,SETUPS-CHANGEOVERS,WIRE ROLL REPLACEMENT,Unplanned,CUTTER,-,2025-11-07 11:29,2025-11-07 11:41,12.2
11/7/25,KK250,MATERIALS,MANUAL BRICK HANDLING,Unplanned,HACKING STATION,ΣΠΑΣΜΕΝΑ,2025-11-07 11:53,2025-11-07 11:57,4.5
11/7/25,KK250,MATERIALS,MANUAL BRICK HANDLING,Unplanned,HACKING STATION,ΣΠΑΣΜΕΝΑ,2025-11-07 12:13,2025-11-07 12:21,9.0
11/7/25,KK250,MATERIALS,MANUAL BRICK HANDLING,Unplanned,HACKING STATION,ΣΠΑΣΜΕΝΑ,2025-11-07 12:30,2025-11-07 13:01,31.7
11/7/25,KK250,FAILURE,MECHANICAL FAILURE,Unplanned,ROLLER MILL B,ΑΛΛΑΓΗ ΞΥΣΤΡΑΣ,2025-11-07 13:23,2025-11-07 13:58,35.0
11/7/25,KK250,OPERATIONAL,NO PRODUCTION SCHEDULE,Planned - Not included in OEE,-,-,2025-11-07 13:58,2025-11-07 15:00,62.0
11/10/25,KK250,OPERATIONAL,CLEANING,Planned - Included in OEE,EXTRUDER PRESS,-,2025-11-10 07:15,2025-11-10 07:30,15.3
11/10/25,KK250,FAILURE,AUTOMATION FAILURE,Unplanned,SILO,ΔΕΝ ΕΚΚΙΝΟΥΣΑΝ ΤΑ ΕΜΒΟΛΑ,2025-11-10 07:35,2025-11-10 07:45,10.7
11/10/25,KK250,SETUPS-CHANGEOVERS,OTHER CALIBRATION,Unplanned,BOX FEEDERS,ΡΥΘΜΙΣΗ ΤΟΥ ΙΜΑΝΤΑ Νο 4 ΛΟΓΟ ΜΕΤΑΚΙΝΗΣΗΣ,2025-11-10 08:35,2025-11-10 09:17,42.2
11/10/25,KK200-1,SETUPS-CHANGEOVERS,MATERIAL CHANGEOVER,Planned - Included in OEE,EXTRUDER PRESS,-,2025-11-10 09:50,2025-11-10 10:01,11.8
11/10/25,KK200-1,FAILURE,AUTOMATION FAILURE,Unplanned,DRYER,ΠΑΤΙΝΑΡΕΙ Ο ΜΕΤΑΦ. ΕΞΟΔΟΥ ΣΤΗ ΓΡΑΜΜΗ 5-6,2025-11-10 11:49,2025-11-10 11:53,4.9
11/10/25,KK200-1,FAILURE,MECHANICAL FAILURE,Unplanned,HYDRAULIC ELEVATOR (LOADING),ΣΥΣΦΙΞΗ ΚΑΔΕΝΑΣ ΣΤΑ 4 ΡΟΛΛΑ ,2025-11-10 12:52,2025-11-10 12:56,4.1
11/10/25,KK200-1,FAILURE,MECHANICAL FAILURE,Unplanned,HYDRAULIC ELEVATOR (LOADING),ΚΟΠΗ ΤΗΣ ΚΑΔΕΝΑΣ ΚΑΤΑ ΕΝΑ ΜΑΤΙ,2025-11-10 13:11,2025-11-10 13:30,20.0
11/10/25,KK200-1,FAILURE,AUTOMATION FAILURE,Unplanned,LINE 52,ΔΕΝ ΠΙΑΝΕΙ ΒΑΓΟΝΙ Ο ΩΘΗΤΗΡΑΣ,2025-11-10 14:35,2025-11-10 14:50,15.5
11/10/25,KK200-1,FAILURE,MECHANICAL FAILURE,Unplanned,HYDRAULIC ELEVATOR (LOADING),ΠΡΟΒΛΗΜΑΤΙΚΟ ΤΕΛΑΡΟ,2025-11-10 14:56,2025-11-10 14:59,3.2
11/10/25,KK200-1,OPERATIONAL,CLEANING,Planned - Included in OEE,EXTRUDER PRESS,-,2025-11-10 15:13,2025-11-10 15:30,17.0
11/11/25,KK200-1,MATERIALS,MANUAL BRICK HANDLING,Unplanned,HACKING STATION,ΣΠΑΣΜΕΝΑ ΤΟΥΒΛΑ/ΑΛΛΑΓΗ ΕΜΒΟΛΟΥ ΣΤΟΝ ΚΟΦΤΗ,2025-11-11 07:48,2025-11-11 08:00,12.1
11/11/25,KK200-1,MATERIALS,MANUAL BRICK HANDLING,Unplanned,HACKING STATION,ΣΠΑΣΜΕΝΑ ΤΟΥΒΛΑ,2025-11-11 08:09,2025-11-11 08:36,27.0
11/11/25,KK200-1,MATERIALS,MANUAL BRICK HANDLING,Unplanned,HACKING STATION,ΣΠΑΣΜΕΝΑ ΤΟΥΒΛΑ,2025-11-11 08:53,2025-11-11 09:03,10.8
11/11/25,KK200-1,MATERIALS,MANUAL BRICK HANDLING,Unplanned,HACKING STATION,ΣΠΑΣΜΕΝΑ ΤΟΥΒΛΑ,2025-11-11 09:53,2025-11-11 10:06,13.2
11/11/25,KK200-1,MATERIALS,MANUAL BRICK HANDLING,Unplanned,HACKING STATION,ΣΠΑΣΜΕΝΑ ΤΟΥΒΛΑ,2025-11-11 11:07,2025-11-11 11:15,8.9
11/11/25,KK200-1,MATERIALS,MANUAL BRICK HANDLING,Unplanned,HACKING STATION,ΣΠΑΣΜΕΝΑ ΤΟΥΒΛΑ,2025-11-11 11:30,2025-11-11 11:40,10.4
11/11/25,KK200-1,MATERIALS,MANUAL BRICK HANDLING,Unplanned,HACKING STATION,ΣΠΑΣΜΕΝΑ ΤΟΥΒΛΑ,2025-11-11 11:46,2025-11-11 11:53,7.4
11/11/25,KK200-1,MATERIALS,MANUAL BRICK HANDLING,Unplanned,HACKING STATION,ΣΠΑΣΜΕΝΑ ΤΟΥΒΛΑ,2025-11-11 11:55,2025-11-11 12:04,9.1
11/11/25,KK200-1,MATERIALS,MANUAL BRICK HANDLING,Unplanned,HACKING STATION,ΣΠΑΣΜΕΝΑ ΤΟΥΒΛΑ,2025-11-11 12:12,2025-11-11 12:15,3.1
11/11/25,KK200-1,MATERIALS,MANUAL BRICK HANDLING,Unplanned,HACKING STATION,ΣΠΑΣΜΕΝΑ ΤΟΥΒΛΑ,2025-11-11 12:16,2025-11-11 12:23,7.4
11/11/25,KK200-1,MATERIALS,MANUAL BRICK HANDLING,Unplanned,HACKING STATION,ΣΠΑΣΜΕΝΑ ΤΟΥΒΛΑ,2025-11-11 12:34,2025-11-11 13:15,41.7
11/11/25,KK200-1,MATERIALS,MANUAL BRICK HANDLING,Unplanned,HACKING STATION,ΣΠΑΣΜΕΝΑ ΤΟΥΒΛΑ ,2025-11-11 13:49,2025-11-11 14:21,32.9
11/11/25,KK200-1,MATERIALS,MANUAL BRICK HANDLING,Unplanned,HACKING STATION,ΣΠΑΣΜΕΝΑ ΤΟΥΒΛΑ ,2025-11-11 14:45,2025-11-11 14:53,8.4
11/11/25,KK200-1,MATERIALS,MANUAL BRICK HANDLING,Unplanned,HACKING STATION,ΣΠΑΣΜΕΝΑ ΤΟΥΒΛΑ ,2025-11-11 15:03,2025-11-11 15:16,13.9
11/11/25,KK200-1,OPERATIONAL,CLEANING,Planned - Included in OEE,EXTRUDER PRESS,-,2025-11-11 15:19,2025-11-11 15:30,11.0
11/12/25,KK200-1,OPERATIONAL,CLEANING,Planned - Included in OEE,EXTRUDER PRESS,-,2025-11-12 07:15,2025-11-12 07:30,15.8
11/12/25,KK200-1,MATERIALS,MANUAL BRICK HANDLING,Unplanned,HACKING STATION,ΣΠΑΣΜΕΝΑ,2025-11-12 07:56,2025-11-12 08:02,6.7
11/12/25,KK250,SETUPS-CHANGEOVERS,MATERIAL CHANGEOVER,Planned - Included in OEE,EXTRUDER PRESS,-,2025-11-12 08:05,2025-11-12 08:15,10.5
11/12/25,KK250,MATERIALS,MANUAL BRICK HANDLING,Unplanned,HACKING STATION,ΣΠΑΣΜΕΝΑ ΤΟΥΒΛΑ,2025-11-12 08:30,2025-11-12 08:35,5.1
11/12/25,KK250,MATERIALS,MANUAL BRICK HANDLING,Unplanned,HACKING STATION,ΣΠΑΣΜΕΝΑ ΤΟΥΒΛΑ,2025-11-12 08:44,2025-11-12 08:51,7.3
11/12/25,KK250,MATERIALS,MANUAL BRICK HANDLING,Unplanned,HACKING STATION,ΣΠΑΣΜΕΝΑ ΤΟΥΒΛΑ,2025-11-12 09:04,2025-11-12 09:33,29.5
11/12/25,KK250,MATERIALS,MANUAL BRICK HANDLING,Unplanned,HACKING STATION,ΣΠΑΣΜΕΝΑ ΤΟΥΒΛΑ,2025-11-12 09:55,2025-11-12 10:19,24.8
11/12/25,KK250,FAILURE,AUTOMATION FAILURE,Unplanned,DRYER,ΠΑΤΙΝΑΡΕΙ Ο ΜΕΤΑΦ. ΕΞΟΔΟΥ ΣΤΗ ΘΕΣΗ 5-6,2025-11-12 10:39,2025-11-12 10:52,13.2
11/12/25,KK250,FAILURE,MECHANICAL FAILURE,Unplanned,CUTTER,WIRE FAILURE,2025-11-12 10:53,2025-11-12 10:58,5.9
11/12/25,KK250,FAILURE,MECHANICAL FAILURE,Unplanned,CUTTER,WIRE FAILURE,2025-11-12 11:01,2025-11-12 11:05,4.1
11/12/25,KK250,MATERIALS,MANUAL BRICK HANDLING,Unplanned,HACKING STATION,ΣΠΑΣΜΕΝΑ ΤΟΥΒΛΑ,2025-11-12 11:42,2025-11-12 11:52,10.2
11/12/25,KK250,MATERIALS,MANUAL BRICK HANDLING,Unplanned,HACKING STATION,ΣΠΑΣΜΕΝΟ ΤΟΥΒΛΑ,2025-11-12 12:15,2025-11-12 12:33,18.8
11/12/25,KK250,MATERIALS,MANUAL BRICK HANDLING,Unplanned,HACKING STATION,ΣΠΑΣΜΕΝΟ ΤΟΥΒΛΑ,2025-11-12 12:57,2025-11-12 13:15,18.9
11/12/25,KK250,MATERIALS,MANUAL BRICK HANDLING,Unplanned,HACKING STATION,ΣΠΑΣΜΕΝΟ ΤΟΥΒΛΑ,2025-11-12 13:34,2025-11-12 13:46,12.7
11/12/25,7KK25,SETUPS-CHANGEOVERS,MATERIAL CHANGEOVER,Planned - Included in OEE,EXTRUDER PRESS,-,2025-11-12 13:59,2025-11-12 14:11,12.3
11/12/25,7KK25,OPERATIONAL,NO PRODUCTION SCHEDULE,Planned - Not included in OEE,-,-,2025-11-12 14:38,2025-11-12 15:15,37.0
11/13/25,7KK25,MATERIALS,MANUAL BRICK HANDLING,Unplanned,HACKING STATION,ΣΠΑΣΜΕΝΑ ΤΟΥΒΛΑ,2025-11-13 08:00,2025-11-13 08:13,13.5
11/13/25,7KK25,MATERIALS,MANUAL BRICK HANDLING,Unplanned,HACKING STATION,ΣΠΑΣΜΕΝΑ ΤΟΥΒΛΑ,2025-11-13 08:46,2025-11-13 09:10,24.5
11/13/25,7KK25,MATERIALS,MANUAL BRICK HANDLING,Unplanned,HACKING STATION,ΣΠΑΣΜΕΝΑ ΤΟΥΒΛΑ,2025-11-13 09:26,2025-11-13 09:31,5.1
11/13/25,7KK25,MATERIALS,MANUAL BRICK HANDLING,Unplanned,HACKING STATION,ΣΠΑΣΜΕΝΑ ΤΟΥΒΛΑ,2025-11-13 09:37,2025-11-13 09:43,6.5
11/13/25,7KK25,MATERIALS,MANUAL BRICK HANDLING,Unplanned,HACKING STATION,ΣΠΑΣΜΕΝΑ ΤΟΥΒΛΑ,2025-11-13 09:50,2025-11-13 10:02,12.2
11/13/25,7KK25,MATERIALS,MANUAL BRICK HANDLING,Unplanned,HACKING STATION,ΣΠΑΣΜΕΝΑ ΤΟΥΒΛΑ,2025-11-13 10:54,2025-11-13 11:05,11.9
11/13/25,7KK25,MATERIALS,MANUAL BRICK HANDLING,Unplanned,HACKING STATION,ΣΠΑΣΜΕΝΑ ΤΟΥΒΛΑ,2025-11-13 11:39,2025-11-13 11:55,16.4
11/13/25,7KK25,MATERIALS,MANUAL BRICK HANDLING,Unplanned,HACKING STATION,ΣΠΑΣΜΕΝΟ ΤΟΥΒΛΑ,2025-11-13 12:05,2025-11-13 12:28,23.9
11/13/25,7KK25,MATERIALS,MANUAL BRICK HANDLING,Unplanned,HACKING STATION,ΣΠΑΣΜΕΝΟ ΤΟΥΒΛΑ,2025-11-13 13:03,2025-11-13 13:22,19.3
11/13/25,9KK25,SETUPS-CHANGEOVERS,MATERIAL CHANGEOVER,Planned - Included in OEE,EXTRUDER PRESS,-,2025-11-13 13:47,2025-11-13 14:05,18.9
11/13/25,9KK25,MATERIALS,MANUAL BRICK HANDLING,Unplanned,HACKING STATION,ΣΠΑΣΜΕΝΟ ΤΟΥΒΛΑ,2025-11-13 14:42,2025-11-13 14:58,16.1
11/13/25,9KK25,OPERATIONAL,NO PRODUCTION SCHEDULE,Planned - Not included in OEE,-,-,2025-11-13 15:00,2025-11-13 15:30,30.0
11/14/25,9KK25,OPERATIONAL,CLEANING,Planned - Included in OEE,EXTRUDER PRESS,-,2025-11-14 07:15,2025-11-14 07:18,3.3
11/14/25,9KK25,MATERIALS,MANUAL BRICK HANDLING,Unplanned,HACKING STATION,ΣΠΑΣΜΕΝΑ ΤΟΥΒΛΑ,2025-11-14 07:59,2025-11-14 08:10,11.4
11/14/25,9KK25,FAILURE,AUTOMATION FAILURE,Unplanned,DRYER,ΠΑΤΙΝΑΡΕΙ Ο ΜΕΤΑΦ. ΕΞΟΔΟΥ ΣΤΗ ΘΕΣΗ 5-6,2025-11-14 09:05,2025-11-14 09:24,19.1
11/14/25,9KK25,FAILURE,AUTOMATION FAILURE,Unplanned,LINE 52,ΤΕΛΕΥΤΑΙΟ ΚΑΡΕΛΙΝΟ,2025-11-14 10:25,2025-11-14 10:41,16.5
11/14/25,9KK25,MATERIALS,MANUAL BRICK HANDLING,Unplanned,HACKING STATION,ΣΠΑΣΜΕΝΑ ΤΟΥΒΛΑ,2025-11-14 11:19,2025-11-14 11:26,7.6
11/14/25,9KK25,MATERIALS,MANUAL BRICK HANDLING,Unplanned,HACKING STATION,ΣΠΑΣΜΕΝΑ ΤΟΥΒΛΑ,2025-11-14 12:02,2025-11-14 12:14,12.5
11/14/25,KK250,SETUPS-CHANGEOVERS,MATERIAL CHANGEOVER,Planned - Included in OEE,EXTRUDER PRESS,-,2025-11-14 12:56,2025-11-14 13:10,14.2
11/14/25,KK250,MATERIALS,MANUAL BRICK HANDLING,Unplanned,HACKING STATION,ΣΠΑΣΜΕΝΟ ΤΟΥΒΛΑ,2025-11-14 13:15,2025-11-14 13:57,42.2
11/14/25,KK250,MATERIALS,MANUAL BRICK HANDLING,Unplanned,HACKING STATION,ΣΠΑΣΜΕΝΟ ΤΟΥΒΛΑ,2025-11-14 14:19,2025-11-14 14:33,14.7
11/14/25,KK250,OPERATIONAL,CLEANING,Planned - Included in OEE,EXTRUDER PRESS,-,2025-11-14 14:39,2025-11-14 15:00,21.0
11/17/25,KK250,OPERATIONAL,CLEANING,Planned - Included in OEE,EXTRUDER PRESS,-,2025-11-17 07:15,2025-11-17 07:18,3.4
11/17/25,KK250,MATERIALS,MANUAL BRICK HANDLING,Unplanned,HACKING STATION,ΣΠΑΣΜΕΝΑ,2025-11-17 07:31,2025-11-17 07:52,21.3
11/17/25,KK250,MATERIALS,MANUAL BRICK HANDLING,Unplanned,HACKING STATION,ΣΠΑΣΜΕΝΑ ΤΟΥΒΛΑ,2025-11-17 08:31,2025-11-17 08:47,16.6
11/17/25,KK250,MATERIALS,MANUAL BRICK HANDLING,Unplanned,HACKING STATION,ΣΠΑΣΜΕΝΑ ΤΟΥΒΛΑ,2025-11-17 09:03,2025-11-17 09:18,15.3
11/17/25,KK250,MATERIALS,MANUAL BRICK HANDLING,Unplanned,HACKING STATION,ΣΠΑΣΜΕΝΑ ΤΟΥΒΛΑ,2025-11-17 09:54,2025-11-17 10:14,20.9
11/17/25,KK250,MATERIALS,MANUAL BRICK HANDLING,Unplanned,HACKING STATION,ΣΠΑΣΜΕΝΑ ΤΟΥΒΛΑ,2025-11-17 10:31,2025-11-17 11:22,51.8
11/17/25,KK250,MATERIALS,MANUAL BRICK HANDLING,Unplanned,HACKING STATION,ΣΠΑΣΜΕΝΑ ΤΟΥΒΛΑ,2025-11-17 11:24,2025-11-17 11:33,9.3
11/17/25,KK250,MATERIALS,MANUAL BRICK HANDLING,Unplanned,HACKING STATION,ΣΠΑΣΜΕΝΑ ΤΟΥΒΛΑ,2025-11-17 11:59,2025-11-17 12:06,7.8
11/17/25,KK200-1,SETUPS-CHANGEOVERS,MATERIAL CHANGEOVER,Planned - Included in OEE,EXTRUDER PRESS,-,2025-11-17 12:14,2025-11-17 12:27,14.0
11/17/25,KK200-1,OPERATIONAL,CLEANING,Planned - Included in OEE,EXTRUDER PRESS,-,2025-11-17 15:18,2025-11-17 15:30,12.0
11/18/25,KK200-1,OPERATIONAL,CLEANING,Planned - Included in OEE,EXTRUDER PRESS,-,2025-11-18 07:15,2025-11-18 07:22,7.2
11/18/25,KK200-1,MATERIALS,RACKS,Unplanned,HYDRAULIC ELEVATOR (LOADING),ΠΡΟΒΛΗΜΑΤΙΚΟ ΤΕΛΑΡΟ,2025-11-18 09:01,2025-11-18 09:05,4.3
11/18/25,KK200-1,FAILURE,AUTOMATION FAILURE,Unplanned,DRYER,ΠΑΤΙΝΑΡΕΙ Ο ΜΕΤΑΦ. ΕΞΟΔΟΥ ΣΤΗ ΓΡΑΜΜΗ 5-6,2025-11-18 10:25,2025-11-18 10:31,6.5
11/18/25,KK200-1,FAILURE,AUTOMATION FAILURE,Unplanned,CUTTER,ΑΛΛΑΓΗ ΚΑΣΤΑΝΙΑ ΤΟΥ ΠΙΣΩ ΣΥΡΜΑΤΟΣ (ΔΟΚΙΜΗ),2025-11-18 11:06,2025-11-18 11:36,30.8
11/18/25,KK200-1,FAILURE,AUTOMATION FAILURE,Unplanned,CUTTER,ΑΛΛΑΓΗ ΚΑΣΤΑΝΙΑ ΤΟΥ ΠΙΣΩ ΣΥΡΜΑΤΟΣ (ΔΟΚΙΜΗ),2025-11-18 11:37,2025-11-18 11:40,4.0
11/18/25,KK200-1,FAILURE,AUTOMATION FAILURE,Unplanned,CUTTER,ΑΛΛΑΓΗ ΚΑΣΤΑΝΙΑ ΤΟΥ ΠΙΣΩ ΣΥΡΜΑΤΟΣ (ΔΟΚΙΜΗ),2025-11-18 11:44,2025-11-18 11:52,8.3
11/18/25,KK200-1,FAILURE,AUTOMATION FAILURE,Unplanned,CUTTER,ΑΛΛΑΓΗ ΚΑΣΤΑΝΙΑ ΤΟΥ ΠΙΣΩ ΣΥΡΜΑΤΟΣ (ΔΟΚΙΜΗ),2025-11-18 11:54,2025-11-18 12:02,8.8
11/18/25,KK200-1,MATERIALS,MANUAL BRICK HANDLING,Unplanned,HACKING STATION,ΣΠΑΣΜΕΝΟ ΤΟΥΒΛΑ,2025-11-18 13:15,2025-11-18 13:38,23.5
11/18/25,KK200-1,MATERIALS,MANUAL BRICK HANDLING,Unplanned,HACKING STATION,ΣΠΑΣΜΕΝΟ ΤΟΥΒΛΑ,2025-11-18 14:39,2025-11-18 14:51,12.9
11/18/25,KK200-1,MATERIALS,MANUAL BRICK HANDLING,Unplanned,HACKING STATION,ΣΠΑΣΜΕΝΟ ΤΟΥΒΛΑ,2025-11-18 15:03,2025-11-18 15:10,7.8
11/18/25,KK200-1,OPERATIONAL,CLEANING,Planned - Included in OEE,EXTRUDER PRESS,-,2025-11-18 15:13,2025-11-18 15:30,17.0
11/19/25,KK200-1,FAILURE,MECHANICAL FAILURE,Unplanned,HYDRAULIC ELEVATOR (LOADING),ΠΡΟΒΛΉΜΑΤΙΚΟ ΤΕΛΕΡΟ ΕΚΑΝΕ ΖΗΜΙΑ ΣΕ ΡΟΛΟ,2025-11-19 07:25,2025-11-19 07:31,6.7
11/19/25,KK200-1,FAILURE,MECHANICAL FAILURE,Unplanned,HYDRAULIC ELEVATOR (LOADING),ΠΡΟΒΛΉΜΑΤΙΚΟ ΤΕΛΕΡΟ ΕΚΑΝΕ ΖΗΜΙΑ ΣΕ ΡΟΛΟ. ΑΛΛΑΓΗ ΓΩΝΙΑΣ,2025-11-19 07:33,2025-11-19 07:59,26.9
11/19/25,KK200-1,SETUPS-CHANGEOVERS,MATERIAL CHANGEOVER,Planned - Included in OEE,EXTRUDER PRESS,-,2025-11-19 08:55,2025-11-19 09:08,13.3
11/19/25,KK250,SETUPS-CHANGEOVERS,WIRE ROLL REPLACEMENT,Unplanned,CUTTER,-,2025-11-19 09:27,2025-11-19 09:43,16.7
11/19/25,KK250,FAILURE,MECHANICAL FAILURE,Unplanned,CUTTER,WIRE FAILURE,2025-11-19 09:59,2025-11-19 10:06,7.5
11/19/25,KK250,FAILURE,MECHANICAL FAILURE,Unplanned,CUTTER,WIRE FAILURE,2025-11-19 10:08,2025-11-19 10:11,3.4
11/19/25,KK250,FAILURE,MECHANICAL FAILURE,Unplanned,CUTTER,WIRE FAILURE,2025-11-19 10:14,2025-11-19 10:19,5.5
11/19/25,KK250,FAILURE,MECHANICAL FAILURE,Unplanned,CUTTER,WIRE FAILURE,2025-11-19 10:21,2025-11-19 10:29,8.3
11/19/25,KK250,FAILURE,MECHANICAL FAILURE,Unplanned,CUTTER,WIRE FAILURE,2025-11-19 10:32,2025-11-19 10:36,4.6
11/19/25,KK250,FAILURE,MECHANICAL FAILURE,Unplanned,CUTTER,WIRE FAILURE,2025-11-19 10:41,2025-11-19 10:53,12.9
11/19/25,KK250,FAILURE,MECHANICAL FAILURE,Unplanned,CUTTER,WIRE FAILURE,2025-11-19 10:55,2025-11-19 11:11,16.9
11/19/25,KK250,FAILURE,MECHANICAL FAILURE,Unplanned,CUTTER,WIRE FAILURE,2025-11-19 11:22,2025-11-19 11:31,9.8
11/19/25,KK250,FAILURE,AUTOMATION FAILURE,Unplanned,DRYER,ΠΑΤΙΝΑΡΕΙ Ο ΜΕΤΑΦ. ΕΞΟΔΟΥ ΣΤΗ ΓΡΑΜΜΗ 5-6,2025-11-19 12:16,2025-11-19 12:20,4.5
11/19/25,KK250,FAILURE,AUTOMATION FAILURE,Unplanned,LINE 52,ΤΕΛΕΥΤΑΙΟ ΚΑΡΕΛΙΝΟ,2025-11-19 13:04,2025-11-19 13:11,7.5
11/19/25,KK250,MATERIALS,MANUAL BRICK HANDLING,Unplanned,HACKING STATION,ΣΠΑΣΜΕΝΟ ΤΟΥΒΛΑ,2025-11-19 13:25,2025-11-19 13:29,4.9
11/19/25,KK250,FAILURE,MECHANICAL FAILURE,Unplanned,CUTTER,WIRE FAILURE,2025-11-19 13:31,2025-11-19 13:35,4.9
11/19/25,KK250,FAILURE,MECHANICAL FAILURE,Unplanned,CUTTER,WIRE FAILURE,2025-11-19 14:13,2025-11-19 14:17,4.5
11/19/25,KK250,OPERATIONAL,CLEANING,Planned - Included in OEE,EXTRUDER PRESS,WIRE FAILURE,2025-11-19 14:35,2025-11-19 15:15,40.0
11/20/25,7KK25,FAILURE,AUTOMATION FAILURE,Unplanned,HYDRAULIC ELEVATOR (LOADING),WIRE FAILURE,2025-11-20 07:19,2025-11-20 08:15,56.3
11/20/25,7KK25,OPERATIONAL,QUALITY CONTROL,Planned - Included in OEE,EXTRUDER PRESS,WIRE FAILURE,2025-11-20 08:20,2025-11-20 08:23,3.2
11/20/25,7KK25,FAILURE,MECHANICAL FAILURE,Unplanned,ROBOT (EXTRUDER PRESS),WIRE FAILURE,2025-11-20 08:50,2025-11-20 08:59,9.9
11/20/25,7KK25,MATERIALS,MANUAL BRICK HANDLING,Unplanned,HACKING STATION,,2025-11-20 09:40,2025-11-20 09:52,12.6
11/20/25,7KK25,MATERIALS,MANUAL BRICK HANDLING,Unplanned,HACKING STATION,ΣΠΑΣΜΕΝΟ ΤΟΥΒΛΑ,2025-11-20 11:59,2025-11-20 12:06,7.3
11/20/25,7KK25,FAILURE,MECHANICAL FAILURE,Unplanned,SILO,ΑΝΤΙΚΑΤΑΣΤΑΣΗ ΡΟΛΟΓΙΟΥ ΠΙΕΣΕΩΣ ΛΑΔΙΟΥ,2025-11-20 12:36,2025-11-20 12:45,9.9
11/20/25,7KK25,FAILURE,MECHANICAL FAILURE,Unplanned,SILO,ΑΝΤΙΚΑΤΑΣΤΑΣΗ ΡΟΛΟΓΙΟΥ ΠΙΕΣΕΩΣ ΛΑΔΙΟΥ,2025-11-20 12:46,2025-11-20 13:07,21.1
11/20/25,7KK25,FAILURE,AUTOMATION FAILURE,Unplanned,HACKING STATION,ΡΟΛΟ ΤΑΠΕΤΟΥ,2025-11-20 14:36,2025-11-20 14:48,12.6
11/20/25,7KK25,OPERATIONAL,NO PRODUCTION SCHEDULE,Planned - Not included in OEE,-,-,2025-11-20 14:52,2025-11-20 15:30,38.0
11/21/25,13KK33,SETUPS-CHANGEOVERS,MATERIAL CHANGEOVER,Planned - Included in OEE,EXTRUDER PRESS,-,2025-11-21 07:29,2025-11-21 07:59,30.3
11/21/25,13KK33,MATERIALS,WATER SHORTAGE,Unplanned,EXTRUDER PRESS,-,2025-11-21 10:44,2025-11-21 10:48,4.3
11/21/25,13KK33,FAILURE,AUTOMATION FAILURE,Unplanned,HACKING STATION,ΣΠΑΣΜΕΝΟ ΛΑΣΤΙΧΟ ΑΕΡΑ,2025-11-21 12:30,2025-11-21 12:37,7.4
11/21/25,13KK33,SETUPS-CHANGEOVERS,OTHER CALIBRATION,Unplanned,HACKING STATION,ΡΥΘΜΙΣΗ ΚΑΔΕΝΑΣ,2025-11-21 12:55,2025-11-21 13:07,12.3
11/21/25,KK250,SETUPS-CHANGEOVERS,MATERIAL CHANGEOVER,Planned - Included in OEE,EXTRUDER PRESS,-,2025-11-21 13:41,2025-11-21 14:06,25.6
11/21/25,KK250,FAILURE,MECHANICAL FAILURE,Unplanned,CUTTER,WIRE FAILURE,2025-11-21 14:10,2025-11-21 14:13,3.4
11/21/25,KK250,FAILURE,MECHANICAL FAILURE,Unplanned,CUTTER,WIRE FAILURE,2025-11-21 14:55,2025-11-21 14:58,3.1
11/24/25,KK250,OPERATIONAL,CLEANING,Planned - Included in OEE,EXTRUDER PRESS,WIRE FAILURE,2025-11-24 07:15,2025-11-24 07:22,7.9
11/24/25,KK250,FAILURE,MECHANICAL FAILURE,Unplanned,CUTTER,WIRE FAILURE,2025-11-24 07:57,2025-11-24 08:01,4.3
11/24/25,KK200-1,SETUPS-CHANGEOVERS,MATERIAL CHANGEOVER,Planned - Included in OEE,EXTRUDER PRESS,,2025-11-24 10:12,2025-11-24 10:26,14.6
11/24/25,KK200-1,OPERATIONAL,QUALITY CONTROL,Planned - Included in OEE,EXTRUDER PRESS,WIRE FAILURE,2025-11-24 10:33,2025-11-24 10:36,3.1
11/24/25,KK200-1,FAILURE,AUTOMATION FAILURE,Unplanned,LINE 52,ΚΑΡΕΛΙΝΟ,2025-11-24 12:12,2025-11-24 12:20,8.6
11/24/25,KK200-1,FAILURE,AUTOMATION FAILURE,Unplanned,DRYER,ΠΑΤΙΝΑΡΕΙ Ο ΜΕΤΑΦ. ΕΞΟΔΟΥ ΣΤΗ ΓΡΑΜΜΗ 5-6,2025-11-24 12:33,2025-11-24 12:42,9.2
11/24/25,KK200-1,FAILURE,AUTOMATION FAILURE,Unplanned,LINE 52,ΚΑΡΕΛΙΝΟ,2025-11-24 12:50,2025-11-24 12:53,3.7
11/24/25,KK200-1,FAILURE,MECHANICAL FAILURE,Unplanned,HYDRAULIC ELEVATOR (LOADING),ΣΤΡΑΒΟ ΤΕΛΑΡΟ,2025-11-24 13:25,2025-11-24 13:29,4.4
11/24/25,KK200-1,MATERIALS,METAL DETECTOR,Unplanned,PAN MILL,-,2025-11-24 13:39,2025-11-24 13:43,4.5
11/24/25,KK200-1,MATERIALS,RACKS,Unplanned,HYDRAULIC ELEVATOR (UNLOADING),ΣΤΡΑΒΟ ΤΕΛΑΡΟ,2025-11-24 14:07,2025-11-24 14:11,4.8
11/24/25,KK200-1,FAILURE,AUTOMATION FAILURE,Unplanned,SCREEN FEEDER,ΕΠΙΣΚΕΥΗ ΜΑΓΝΗΤΗ ΠΡΙΝ ΤΟ ΖΥΜΩΤΗΡΙ,2025-11-24 14:49,2025-11-24 14:53,4.7
11/24/25,KK200-1,OPERATIONAL,CLEANING,Planned - Included in OEE,EXTRUDER PRESS,-,2025-11-24 15:17,2025-11-24 15:30,13.0
11/25/25,KK200-1,OPERATIONAL,CLEANING,Planned - Included in OEE,EXTRUDER PRESS,-,2025-11-25 07:15,2025-11-25 07:19,4.9
11/25/25,KK200-1,MATERIALS,RACKS,Unplanned,HYDRAULIC ELEVATOR (LOADING),ΣΤΡΑΒΟ ΤΕΛΑΡΟ,2025-11-25 07:23,2025-11-25 07:26,3.1
11/25/25,KK200-1,OPERATIONAL,OTHER,Unplanned,HYDRAULIC ELEVATOR (UNLOADING),ΛΑΘΟΣ ΧΕΙΡΙΣΤΗ ,2025-11-25 07:28,2025-11-25 07:42,15.0
11/25/25,KK200-1,OPERATIONAL,OTHER,Unplanned,HYDRAULIC ELEVATOR (UNLOADING),ΛΑΘΟΣ ΧΕΙΡΙΣΤΗ ,2025-11-25 07:43,2025-11-25 07:50,8.0
11/25/25,7KK25,SETUPS-CHANGEOVERS,MATERIAL CHANGEOVER,Planned - Included in OEE,EXTRUDER PRESS,-,2025-11-25 07:51,2025-11-25 08:20,29.6
11/25/25,7KK25,SETUPS-CHANGEOVERS,MATERIAL CHANGEOVER,Planned - Included in OEE,HACKING STATION,-,2025-11-25 09:49,2025-11-25 09:59,10.2
11/25/25,7KK25,MATERIALS,MANUAL BRICK HANDLING,Unplanned,HACKING STATION,ΣΠΑΣΜΕΝΑ ΤΟΥΒΛΑ,2025-11-25 10:14,2025-11-25 10:29,15.1
11/25/25,7KK25,FAILURE,AUTOMATION FAILURE,Unplanned,LINE 52,ΚΑΡΕΛΙΝΟ,2025-11-25 11:55,2025-11-25 12:04,9.3
11/25/25,7KK25,MATERIALS,RACKS,Unplanned,HYDRAULIC ELEVATOR (UNLOADING),ΣΤΡΑΒΟ ΤΕΛΑΡΟ,2025-11-25 12:51,2025-11-25 12:56,5.6
11/25/25,7KK25,MATERIALS,RACKS,Unplanned,HYDRAULIC ELEVATOR (LOADING),ΣΤΡΑΒΟ ΤΕΛΑΡΟ,2025-11-25 13:44,2025-11-25 13:48,4.7
11/25/25,KK250,SETUPS-CHANGEOVERS,MATERIAL CHANGEOVER,Planned - Included in OEE,EXTRUDER PRESS,-,2025-11-25 14:19,2025-11-25 14:30,11.7
11/25/25,KK250,SETUPS-CHANGEOVERS,MATERIAL CHANGEOVER,Planned - Included in OEE,EXTRUDER PRESS,-,2025-11-25 14:31,2025-11-25 14:38,7.9
11/25/25,KK250,OPERATIONAL,CLEANING,Planned - Included in OEE,EXTRUDER PRESS,-,2025-11-25 15:20,2025-11-25 15:30,10.0
11/26/25,KK250,OPERATIONAL,CLEANING,Planned - Included in OEE,EXTRUDER PRESS,-,2025-11-26 07:15,2025-11-26 07:22,7.8
11/26/25,KK250,FAILURE,MECHANICAL FAILURE,Unplanned,DRYER,ΓΡΑΜΜΗ ΚΑΡΕΛΙΝΩΝ ΕΣΠΑΣΕ Η ΚΑΔΕΝΑ ΤΟΥ 2ου ,2025-11-26 08:41,2025-11-26 09:21,40.3
11/26/25,KK250,MATERIALS,MANUAL BRICK HANDLING,Unplanned,HACKING STATION,ΣΠΑΣΜΕΝΑ ΤΟΥΒΛΑ,2025-11-26 09:48,2025-11-26 09:54,6.5
11/26/25,KK250,MATERIALS,MANUAL BRICK HANDLING,Unplanned,HACKING STATION,ΣΠΑΣΜΕΝΑ ΤΟΥΒΛΑ,2025-11-26 10:33,2025-11-26 10:38,5.3
11/26/25,KK150,SETUPS-CHANGEOVERS,MATERIAL CHANGEOVER,Planned - Included in OEE,EXTRUDER PRESS,-,2025-11-26 10:52,2025-11-26 11:09,17.2
11/26/25,KK150,OPERATIONAL,CLEANING,Planned - Included in OEE,EXTRUDER PRESS,-,2025-11-26 13:39,2025-11-26 15:15,96.0
11/27/25,9KK30,SETUPS-CHANGEOVERS,MATERIAL CHANGEOVER,Planned - Included in OEE,EXTRUDER PRESS,-,2025-11-27 07:26,2025-11-27 07:46,20.2
11/27/25,9KK30,FAILURE,MECHANICAL FAILURE,Unplanned,CUTTER,WIRE FAILURE,2025-11-27 08:07,2025-11-27 08:11,4.7
11/27/25,9KK25,SETUPS-CHANGEOVERS,MATERIAL CHANGEOVER,Planned - Included in OEE,EXTRUDER PRESS,,2025-11-27 10:44,2025-11-27 11:00,16.4
11/27/25,9KK25,OPERATIONAL,QUALITY CONTROL,Planned - Included in OEE,EXTRUDER PRESS,ΕΛΕΓΧΟΣ ΚΑΛΟΥΠΙΟΥ,2025-11-27 11:04,2025-11-27 11:07,3.1
11/27/25,9KK25,SETUPS-CHANGEOVERS,OTHER CALIBRATION,Unplanned,EXTRUDER PRESS,ΕΛΕΓΧΟΣ ΠΕΙΡΩΝ ΠΡΕΣΑΣ,2025-11-27 11:25,2025-11-27 11:41,16.3
11/27/25,9KK25,FAILURE,AUTOMATION FAILURE,Unplanned,DRYER,ΠΑΤΙΝΑΡΕΙ Ο ΜΕΤΑΦ. ΕΞΟΔΟΥ ΣΤΗ ΓΡΑΜΜΗ 5-6,2025-11-27 12:42,2025-11-27 12:51,9.6
11/27/25,9KK25,FAILURE,OTHER FAILURE,Unplanned,PAN MILL,ΞΕΚΡΕΜΑΣΤΗΚΕ ΕΝΑ ΑΠΟ ΤΑ ΠΛΑΣΤΙΚΑ ΑΠΟ ΚΑΤΩ,2025-11-27 12:56,2025-11-27 12:59,3.8
11/27/25,9KK25,OPERATIONAL,CLEANING,Planned - Included in OEE,EXTRUDER PRESS,-,2025-11-27 14:13,2025-11-27 15:30,77.0
11/28/25,9KK25,FAILURE,AUTOMATION FAILURE,Unplanned,HYDRAULIC ELEVATOR (LOADING),ΡΟΛΟ ΕΚΤΟΣ ΛΕΙΤΟΥΡΓΙΑΣ,2025-11-28 07:58,2025-11-28 08:23,25.6
11/28/25,9KK25,MATERIALS,KILN CAR STARVATION,Unplanned,PACKAGING,ΑΝΑΜΟΝΗ (ΠΑΛΙΟ ΔΕΤΙΚΟ),2025-11-28 09:00,2025-11-28 09:27,27.1
11/28/25,9KK25,FAILURE,AUTOMATION FAILURE,Unplanned,DRYER,ΔΕΝ ΦΟΡΤΩΣΕ ΤΟ ΤΕΛΑΡΟ Ο ΜΕΤΑΦ. ΕΞΟΔΟΥ,2025-11-28 10:06,2025-11-28 10:15,9.6
11/28/25,KK250,SETUPS-CHANGEOVERS,MATERIAL CHANGEOVER,Planned - Included in OEE,EXTRUDER PRESS,-,2025-11-28 11:03,2025-11-28 11:16,13.6
11/28/25,KK250,FAILURE,AUTOMATION FAILURE,Unplanned,ROBOT (HACKING STATION),ΑΚΙΝΗΤΟΠΟΙΗΣΗ ΤΟΥ ROBOT (ΛΥΣΗ: ΔΕΙΧΝΩ ΓΕΜΑΤΟ ΒΑΓΟΝΙ ΚΑΙ ΤΟ ΔΙΩΧΝΩ),2025-11-28 11:45,2025-11-28 11:54,9.9
11/28/25,KK250,MATERIALS,KILN CAR STARVATION,Unplanned,PACKAGING,ΑΝΑΜΟΝΗ (ΠΑΛΙΟ ΔΕΤΙΚΟ),2025-11-28 12:38,2025-11-28 13:12,34.7
11/28/25,KK250,MATERIALS,KILN CAR STARVATION,Unplanned,PACKAGING,ΑΝΑΜΟΝΗ(ΠΑΛΙΟ ΔΕΤΙΚΟ),2025-11-28 13:17,2025-11-28 13:43,26.8
11/28/25,KK250,MATERIALS,KILN CAR STARVATION,Unplanned,PACKAGING,ΑΝΑΜΟΝΗ,2025-11-28 14:01,2025-11-28 14:08,7.5
11/28/25,KK250,MATERIALS,KILN CAR STARVATION,Unplanned,PACKAGING,ΑΝΑΜΟΝΗ,2025-11-28 14:21,2025-11-28 14:24,4.0
11/28/25,KK250,OPERATIONAL,CLEANING,Planned - Included in OEE,EXTRUDER PRESS,-,2025-11-28 14:35,2025-11-28 15:00,25.0
12/1/25,KK250,OPERATIONAL,CLEANING,Planned - Included in OEE,EXTRUDER PRESS,-,2025-12-01 07:15,2025-12-01 07:24,9.5
12/1/25,KK250,FAILURE,AUTOMATION FAILURE,Unplanned,DRYER,ΠΑΤΙΝΑΡΕΙ Ο ΜΕΤΑΦ. ΕΞΟΔΟΥ ΣΤΗ ΘΕΣΗ 5-6,2025-12-01 08:07,2025-12-01 08:15,8.9
12/1/25,KK200-1,SETUPS-CHANGEOVERS,MATERIAL CHANGEOVER,Planned - Included in OEE,HACKING STATION,-,2025-12-01 08:54,2025-12-01 09:05,11.2
12/1/25,KK200-1,SETUPS-CHANGEOVERS,MATERIAL CHANGEOVER,Planned - Included in OEE,HACKING STATION,-,2025-12-01 09:07,2025-12-01 09:10,3.8
12/1/25,KK200-1,OPERATIONAL,QUALITY CONTROL,Planned - Included in OEE,EXTRUDER PRESS,ΕΛΕΓΧΟΣ ΚΑΛΟΥΠΙΟΥ,2025-12-01 09:18,2025-12-01 09:25,8.0
12/1/25,KK200-1,FAILURE,MECHANICAL FAILURE,Unplanned,HYDRAULIC ELEVATOR (UNLOADING),ΡΟΛΑ,2025-12-01 09:52,2025-12-01 10:15,23.4
12/1/25,KK200-1,FAILURE,MECHANICAL FAILURE,Unplanned,HYDRAULIC ELEVATOR (UNLOADING),ΡΟΛΑ,2025-12-01 10:21,2025-12-01 10:28,7.6
12/1/25,KK200-1,FAILURE,MECHANICAL FAILURE,Unplanned,HYDRAULIC ELEVATOR (UNLOADING),ΡΟΛΑ,2025-12-01 10:37,2025-12-01 10:48,11.7
12/1/25,KK200-1,SETUPS-CHANGEOVERS,MATERIAL CHANGEOVER,Planned - Included in OEE,HACKING STATION,-,2025-12-01 11:44,2025-12-01 11:47,3.8
12/1/25,KK200-1,SETUPS-CHANGEOVERS,OTHER CALIBRATION,Unplanned,ROBOT (HACKING STATION),ΡΥΘΜΙΣΗ ΣΥΝΤΕΤΑΓΜΕΝΩΝ ΡΟΜΠΟΤ ΓΙΑ 9ΚΚ30,2025-12-01 11:56,2025-12-01 14:32,156.1
12/1/25,KK200-1,OPERATIONAL,CLEANING,Planned - Included in OEE,EXTRUDER PRESS,-,2025-12-01 15:17,2025-12-01 15:30,13.0
12/2/25,KK200-1,OPERATIONAL,CLEANING,Planned - Included in OEE,EXTRUDER PRESS,-,2025-12-02 07:15,2025-12-02 07:21,6.2
12/2/25,KK200-1,SETUPS-CHANGEOVERS,MATERIAL CHANGEOVER,Planned - Included in OEE,HACKING STATION,-,2025-12-02 08:50,2025-12-02 09:06,16.7
12/2/25,KK200-1,MATERIALS,MANUAL BRICK HANDLING,Unplanned,HACKING STATION,ΣΠΑΣΜΕΝΑ,2025-12-02 09:22,2025-12-02 09:32,10.3
12/2/25,KK200-1,MATERIALS,MANUAL BRICK HANDLING,Unplanned,HACKING STATION,ΣΠΑΣΜΕΝΑ ΤΟΥΒΛΑ,2025-12-02 09:37,2025-12-02 09:40,3.3
12/2/25,KK200-1,MATERIALS,MANUAL BRICK HANDLING,Unplanned,HACKING STATION,ΣΠΑΣΜΕΝΑ ΤΟΥΒΛΑ,2025-12-02 10:08,2025-12-02 10:19,11.8
12/2/25,KK200-1,OPERATIONAL,OTHER,Unplanned,-,ΑΠΩΛΕΙΑ ΣΗΜΑΤΟΣ,2025-12-02 11:02,2025-12-02 11:50,48.2
12/2/25,7KK25,SETUPS-CHANGEOVERS,MATERIAL CHANGEOVER,Planned - Included in OEE,EXTRUDER PRESS,-,2025-12-02 11:55,2025-12-02 12:06,11.9
12/2/25,7KK25,FAILURE,AUTOMATION FAILURE,Unplanned,DRYER,ΠΑΤΙΝΑΡΕΙ Ο ΜΕΤΑΦ. ΕΞΟΔΟΥ ΣΤΗ ΘΕΣΗ 5-6,2025-12-02 14:25,2025-12-02 14:31,6.4
12/2/25,7KK25,OPERATIONAL,NO PRODUCTION SCHEDULE,Planned - Not included in OEE,-,-,2025-12-02 14:35,2025-12-02 15:30,55.0
12/3/25,KK250,SETUPS-CHANGEOVERS,MATERIAL CHANGEOVER,Planned - Included in OEE,EXTRUDER PRESS,-,2025-12-03 07:45,2025-12-03 07:56,11.2
12/3/25,KK250,FAILURE,MECHANICAL FAILURE,Unplanned,CUTTER,WIRE FAILURE,2025-12-03 08:05,2025-12-03 08:08,3.2
12/3/25,KK250,MATERIALS,MANUAL BRICK HANDLING,Unplanned,HACKING STATION,WIRE FAILURE,2025-12-03 10:15,2025-12-03 10:19,4.7
12/3/25,7KK25,SETUPS-CHANGEOVERS,MATERIAL CHANGEOVER,Planned - Included in OEE,EXTRUDER PRESS,-,2025-12-03 11:16,2025-12-03 11:30,14.5
12/3/25,7KK25,MATERIALS,MANUAL BRICK HANDLING,Unplanned,HACKING STATION,ΣΠΑΣΜΕΝΑ,2025-12-03 11:49,2025-12-03 11:59,10.3
12/3/25,7KK25,MATERIALS,MANUAL BRICK HANDLING,Unplanned,HACKING STATION,ΣΠΑΣΜΕΝΑ,2025-12-03 12:40,2025-12-03 12:44,4.3
12/3/25,7KK25,OPERATIONAL,OTHER,Unplanned,HYDRAULIC ELEVATOR (UNLOADING),ΕΙΣΟΔΟΣ ΤΟΥ ΝΕΟΥ ΣΥΣΤΗΜΑΤΟΣ ΕΚΦΟΡΤΩΣΗΣ (ΚΩΣΤΑΚΗ),2025-12-03 12:57,2025-12-03 13:10,13.9
12/3/25,7KK25,OPERATIONAL,CLEANING,Planned - Included in OEE,EXTRUDER PRESS,-,2025-12-03 13:26,2025-12-03 15:15,109.0
12/4/25,7KK25,FAILURE,AUTOMATION FAILURE,Unplanned,HYDRAULIC ELEVATOR (UNLOADING),ΡΟΛΟ ΕΚΤΟΣ ΛΕΙΤΟΥΡΓΙΑΣ,2025-12-04 08:16,2025-12-04 08:46,30.2
12/4/25,7KK25,FAILURE,AUTOMATION FAILURE,Unplanned,HYDRAULIC ELEVATOR (UNLOADING),ΡΟΛΟ ΕΚΤΟΣ ΛΕΙΤΟΥΡΓΙΑΣ,2025-12-04 09:12,2025-12-04 09:23,11.4
12/4/25,7KK25,MATERIALS,MANUAL BRICK HANDLING,Unplanned,HACKING STATION,ΣΠΑΣΜΕΝΑ,2025-12-04 09:43,2025-12-04 09:55,12.7
12/4/25,7KK25,MATERIALS,MANUAL BRICK HANDLING,Unplanned,HACKING STATION,ΣΠΑΣΜΕΝΑ ΤΟΥΒΛΑ,2025-12-04 09:57,2025-12-04 10:00,3.2
12/4/25,7KK25,MATERIALS,MANUAL BRICK HANDLING,Unplanned,HACKING STATION,ΣΠΑΣΜΕΝΑ ΤΟΥΒΛΑ,2025-12-04 10:39,2025-12-04 10:53,14.2
12/4/25,7KK25,MATERIALS,MANUAL BRICK HANDLING,Unplanned,HACKING STATION,ΣΠΑΣΜΕΝΑ ΤΟΥΒΛΑ,2025-12-04 10:56,2025-12-04 11:03,7.5
12/4/25,9KK25,SETUPS-CHANGEOVERS,MATERIAL CHANGEOVER,Planned - Included in OEE,EXTRUDER PRESS,-,2025-12-04 11:06,2025-12-04 11:18,12.9
12/4/25,9KK25,MATERIALS,MANUAL BRICK HANDLING,Unplanned,HACKING STATION,ΣΠΑΣΜΕΝΑ ΤΟΥΒΛΑ,2025-12-04 12:09,2025-12-04 12:40,31.5
12/4/25,9KK25,OPERATIONAL,CLEANING,Planned - Included in OEE,EXTRUDER PRESS,-,2025-12-04 12:44,2025-12-04 13:45,61.0
12/4/25,9KK25,OPERATIONAL,NO PRODUCTION SCHEDULE,Planned - Not included in OEE,-,-,2025-12-04 13:45,2025-12-04 15:30,105.0
12/5/25,9KK25,OPERATIONAL,CLEANING,Planned - Included in OEE,EXTRUDER PRESS,-,2025-12-05 07:15,2025-12-05 07:18,3.6
12/5/25,9KK25,SETUPS-CHANGEOVERS,MATERIAL CHANGEOVER,Planned - Included in OEE,HACKING STATION,-,2025-12-05 08:36,2025-12-05 08:40,4.6
12/5/25,9KK25,MATERIALS,RACKS,Unplanned,HYDRAULIC ELEVATOR (UNLOADING),ΣΤΡΑΒΟ ΤΕΛΑΡΟ,2025-12-05 09:10,2025-12-05 09:28,18.1
12/5/25,9KK25,FAILURE,AUTOMATION FAILURE,Unplanned,DRYER,ΠΑΤΙΝΑΡΕΙ Ο ΜΕΤΑΦ. ΕΞΟΔΟΥ ΣΤΗ ΘΕΣΗ 5-6,2025-12-05 09:55,2025-12-05 10:02,7.6
12/5/25,9KK25,FAILURE,AUTOMATION FAILURE,Unplanned,DRYER,ΠΑΤΙΝΑΡΕΙ Ο ΜΕΤΑΦ. ΕΞΟΔΟΥ ΣΤΗ ΘΕΣΗ 5-6,2025-12-05 10:06,2025-12-05 10:11,5.6
12/5/25,9KK25,MATERIALS,RACKS,Unplanned,HYDRAULIC ELEVATOR (UNLOADING),ΣΤΡΑΒΟ ΤΕΛΑΡΟ,2025-12-05 10:29,2025-12-05 10:34,5.2
12/5/25,9KK25,MATERIALS,RACKS,Unplanned,HYDRAULIC ELEVATOR (UNLOADING),ΣΤΡΑΒΟ ΤΕΛΑΡΟ,2025-12-05 10:49,2025-12-05 11:01,12.4
12/5/25,9KK25,MATERIALS,MANUAL BRICK HANDLING,Unplanned,HACKING STATION,ΣΠΑΣΜΕΝΑ ΤΟΥΒΛΑ,2025-12-05 12:05,2025-12-05 12:13,8.8
12/5/25,KK250,SETUPS-CHANGEOVERS,MATERIAL CHANGEOVER,Planned - Included in OEE,EXTRUDER PRESS,-,2025-12-05 12:41,2025-12-05 12:54,13.5
12/5/25,KK250,FAILURE,MECHANICAL FAILURE,Unplanned,CUTTER,WIRE FAILURE,2025-12-05 13:21,2025-12-05 13:25,4.5
12/5/25,KK250,FAILURE,MECHANICAL FAILURE,Unplanned,CUTTER,WIRE FAILURE,2025-12-05 13:27,2025-12-05 13:30,3.5
12/5/25,KK250,FAILURE,MECHANICAL FAILURE,Unplanned,CUTTER,WIRE FAILURE,2025-12-05 13:32,2025-12-05 13:35,3.2
12/5/25,KK250,FAILURE,MECHANICAL FAILURE,Unplanned,CUTTER,WIRE FAILURE,2025-12-05 13:39,2025-12-05 13:53,14.9
12/5/25,KK250,OPERATIONAL,CLEANING,Planned - Included in OEE,EXTRUDER PRESS,-,2025-12-05 14:38,2025-12-05 15:00,22.0
12/8/25,KK250,OPERATIONAL,CLEANING,Planned - Included in OEE,EXTRUDER PRESS,-,2025-12-08 07:15,2025-12-08 07:51,36.7
12/8/25,KK250,FAILURE,AUTOMATION FAILURE,Unplanned,HACKING STATION,ΗΛΕΚΤΡΟΛΟΓΙΚΗ,2025-12-08 07:53,2025-12-08 07:58,5.2
12/8/25,KK250,FAILURE,AUTOMATION FAILURE,Unplanned,HACKING STATION,ΚΟΜΜΕΝΟ ΚΑΛΩΔΙΟ ΣΤΗΝ ΕΡΠΥΣΤΡΙΑ PDP,2025-12-08 08:17,2025-12-08 09:35,78.9
12/8/25,KK250,FAILURE,AUTOMATION FAILURE,Unplanned,HACKING STATION,RESET INVERTER ,2025-12-08 09:42,2025-12-08 09:50,9.0
12/8/25,KK250,MATERIALS,MATERIAL STARVATION,Unplanned,SILO,ΛΙΓΟ ΧΩΜΑ,2025-12-08 10:08,2025-12-08 10:27,19.2
12/8/25,KK250,FAILURE,MECHANICAL FAILURE,Unplanned,CUTTER,WIRE FAILURE,2025-12-08 10:33,2025-12-08 10:36,3.7
12/8/25,KK250,FAILURE,MECHANICAL FAILURE,Unplanned,CUTTER,WIRE FAILURE,2025-12-08 11:25,2025-12-08 11:28,3.6
12/8/25,KK250,FAILURE,MECHANICAL FAILURE,Unplanned,CUTTER,WIRE FAILURE,2025-12-08 11:38,2025-12-08 11:43,5.7
12/8/25,KK200-1,SETUPS-CHANGEOVERS,MATERIAL CHANGEOVER,Planned - Included in OEE,EXTRUDER PRESS,-,2025-12-08 11:55,2025-12-08 12:06,11.6
12/8/25,KK200-1,FAILURE,AUTOMATION FAILURE,Unplanned,DRYER,ΠΑΤΙΝΑΡΕΙ Ο ΜΕΤΑΦ. ΕΞΟΔΟΥ ΣΤΗ ΘΕΣΗ 5-6,2025-12-08 13:19,2025-12-08 13:31,12.4
12/8/25,KK200-1,FAILURE,AUTOMATION FAILURE,Unplanned,EXTRUDER PRESS,ΑΝΤΙΚΑΤΑΣΤΑΣΗ ΔΟΧΕΙΟΥ ΠΙΕΣΕΩΣ ΣΤΙΣ ΑΝΤΛΙΕΣ ΝΕΡΟΥ ,2025-12-08 14:07,2025-12-08 14:20,14.0
12/8/25,KK200-1,OPERATIONAL,CLEANING,Planned - Included in OEE,EXTRUDER PRESS,-,2025-12-08 15:12,2025-12-08 15:30,18.0
12/9/25,KK200-1,OPERATIONAL,CLEANING,Planned - Included in OEE,EXTRUDER PRESS,-,2025-12-09 07:15,2025-12-09 07:21,6.6
12/9/25,7KK25,SETUPS-CHANGEOVERS,MATERIAL CHANGEOVER,Planned - Included in OEE,EXTRUDER PRESS,-,2025-12-09 08:44,2025-12-09 08:56,12.0
12/9/25,7KK25,FAILURE,AUTOMATION FAILURE,Unplanned,DRYER,ΠΑΤΙΝΑΡΕΙ Ο ΜΕΤΑΦ. ΕΞΟΔΟΥ ΣΤΗ ΘΕΣΗ 5-6,2025-12-09 09:12,2025-12-09 09:15,3.2
12/9/25,7KK25,FAILURE,AUTOMATION FAILURE,Unplanned,DRYER,ΠΑΤΙΝΑΡΕΙ Ο ΜΕΤΑΦ. ΕΞΟΔΟΥ ΣΤΗ ΘΕΣΗ 5-6,2025-12-09 09:29,2025-12-09 09:32,3.8
12/9/25,7KK25,MATERIALS,MANUAL BRICK HANDLING,Unplanned,HACKING STATION,,2025-12-09 09:40,2025-12-09 09:53,13.4
12/9/25,7KK25,MATERIALS,MANUAL BRICK HANDLING,Unplanned,HACKING STATION,,2025-12-09 09:54,2025-12-09 10:04,10.3
12/9/25,7KK25,FAILURE,AUTOMATION FAILURE,Unplanned,DRYER,ΠΑΤΙΝΑΡΕΙ Ο ΜΕΤΑΦ. ΕΞΟΔΟΥ ΣΤΗ ΘΕΣΗ 5-6,2025-12-09 11:20,2025-12-09 11:35,15.2
12/9/25,7KK25,SETUPS-CHANGEOVERS,WIRE ROLL REPLACEMENT,Unplanned,CUTTER,-,2025-12-09 12:10,2025-12-09 12:25,15.9
12/9/25,7KK25,MATERIALS,MANUAL BRICK HANDLING,Unplanned,HACKING STATION,,2025-12-09 12:35,2025-12-09 12:51,16.1
12/9/25,7KK25,FAILURE,AUTOMATION FAILURE,Unplanned,DRYER,ΠΑΤΙΝΑΡΕΙ Ο ΜΕΤΑΦ. ΕΞΟΔΟΥ ΣΤΗ ΘΕΣΗ 5-6,2025-12-09 13:25,2025-12-09 13:34,9.7
12/9/25,7KK25,FAILURE,AUTOMATION FAILURE,Unplanned,DRYER,ΠΑΤΙΝΑΡΕΙ Ο ΜΕΤΑΦ. ΕΞΟΔΟΥ ΣΤΗ ΓΡΑΜΜΗ 5-6,2025-12-09 13:52,2025-12-09 14:05,13.7
12/9/25,7KK25,OPERATIONAL,NO PRODUCTION SCHEDULE,Planned - Not included in OEE,-,-,2025-12-09 14:49,2025-12-09 15:30,41.0
12/10/25,KK250,SETUPS-CHANGEOVERS,MATERIAL CHANGEOVER,Planned - Included in OEE,EXTRUDER PRESS,-,2025-12-10 08:00,2025-12-10 08:18,18.5
12/10/25,KK250,FAILURE,AUTOMATION FAILURE,Unplanned,DRYER,ΠΑΤΙΝΑΡΕΙ Ο ΜΕΤΑΦ. ΕΞΟΔΟΥ ΣΤΗ ΓΡΑΜΜΗ 5-6,2025-12-10 08:54,2025-12-10 09:02,8.6
12/10/25,KK250,MATERIALS,MANUAL BRICK HANDLING,Unplanned,HACKING STATION,,2025-12-10 10:12,2025-12-10 10:15,3.9
12/10/25,KK250,MATERIALS,MANUAL BRICK HANDLING,Unplanned,HACKING STATION,,2025-12-10 10:32,2025-12-10 10:38,6.5
12/10/25,KK250,FAILURE,MECHANICAL FAILURE,Unplanned,DRYER,ΓΡΑΜΜΗ ΚΑΡΕΛΙΝΩΝ ΠΡΟΒΛΗΜΑΤΙΚΟ ΤΕΛΑΡΟ ΣΤΟΥΣ ΤΡΟΧΟΥΣ,2025-12-10 10:47,2025-12-10 11:07,20.3
12/10/25,KK250,OPERATIONAL,OTHER,Unplanned,DRYER,ΒΡΟΧΙΝΟ ΝΕΡΟ ΣΤΗΝ ΕΙΣΟΔΟ ΤΟΥ ΞΥΡΑΝΤΗΡΙΟΥ,2025-12-10 11:34,2025-12-10 11:51,17.5
12/10/25,KK200-1,SETUPS-CHANGEOVERS,MATERIAL CHANGEOVER,Planned - Included in OEE,EXTRUDER PRESS,-,2025-12-10 12:32,2025-12-10 12:45,13.4
12/10/25,KK200-1,OPERATIONAL,QUALITY CONTROL,Planned - Included in OEE,EXTRUDER PRESS,ΕΛΕΓΧΟΣ ΚΑΛΟΥΠΙΟΥ,2025-12-10 13:01,2025-12-10 13:04,3.3
12/10/25,KK200-1,FAILURE,AUTOMATION FAILURE,Unplanned,LINE 52,ΤΑ ΚΑΡΕΛΙΝΑ ΔΕΝ ΕΦΕΡΑΝ ΒΑΓΟΝΙ,2025-12-10 13:27,2025-12-10 13:40,13.7
12/10/25,KK200-1,OPERATIONAL,NO PRODUCTION SCHEDULE,Planned - Not included in OEE,-,-,2025-12-10 14:10,2025-12-10 14:51,41.9
12/10/25,KK200-1,OPERATIONAL,NO PRODUCTION SCHEDULE,Planned - Not included in OEE,-,-,2025-12-10 14:52,2025-12-10 15:15,23.0
12/11/25,KK200-1,OPERATIONAL,CLEANING,Planned - Included in OEE,EXTRUDER PRESS,-,2025-12-11 07:15,2025-12-11 07:26,11.5
12/11/25,KK200-1,MATERIALS,MANUAL BRICK HANDLING,Unplanned,HACKING STATION,,2025-12-11 07:40,2025-12-11 07:55,15.9
12/11/25,KK200-1,MATERIALS,MANUAL BRICK HANDLING,Unplanned,HACKING STATION,,2025-12-11 08:13,2025-12-11 08:25,12.6
12/11/25,KK200-1,MATERIALS,MANUAL BRICK HANDLING,Unplanned,HACKING STATION,ΣΠΑΣΜΕΝΑ,2025-12-11 08:41,2025-12-11 09:06,25.9
12/11/25,KK200-1,FAILURE,AUTOMATION FAILURE,Unplanned,DRYER,ΠΑΤΙΝΑΡΕΙ Ο ΜΕΤΑΦ. ΕΞΟΔΟΥ ΣΤΗ ΓΡΑΜΜΗ 5-6,2025-12-11 09:50,2025-12-11 09:57,7.9
12/11/25,KK200-1,OPERATIONAL,OTHER,Unplanned,CUTTER,ΕΛΕΓΧΟΣ ΤΟΥ ΚΟΦΤΗ ΑΠΟ ΤΕΧΝΙΚΟ ΤΗΣ SABO,2025-12-11 10:16,2025-12-11 10:20,4.1
12/11/25,KK200-1,MATERIALS,KILN CAR STARVATION,Unplanned,HACKING STATION,ΕΞΟΔΟΣ ΒΑΓΟΝΙΩΝ ΑΠΟ ΤΟ ΦΟΥΡΝΟ ΓΕΜΑΤΗ Η ΓΡΑΜΜΗ,2025-12-11 11:00,2025-12-11 11:06,6.4
12/11/25,KK200-1,MATERIALS,MANUAL BRICK HANDLING,Unplanned,HACKING STATION,ΣΠΑΣΜΕΝΑ,2025-12-11 11:19,2025-12-11 11:34,15.3
12/11/25,KK200-1,SETUPS-CHANGEOVERS,MATERIAL CHANGEOVER,Planned - Included in OEE,HACKING STATION,-,2025-12-11 11:54,2025-12-11 12:05,11.3
12/11/25,KK200-1,FAILURE,AUTOMATION FAILURE,Unplanned,DRYER,ΠΑΤΙΝΑΡΕΙ Ο ΜΕΤΑΦ. ΕΞΟΔΟΥ ΣΤΗ ΓΡΑΜΜΗ 5-6,2025-12-11 12:57,2025-12-11 13:10,13.4
12/11/25,KK200-1,FAILURE,AUTOMATION FAILURE,Unplanned,DRYER,ΓΡΑΜΜΗ ΚΑΡΕΛΙΝΩΝ 2ο ΚΑΡΕΛΙΝΟ ΕΣΠΑΣΕ Η ΚΑΔΕΝΑ ΑΠΟ ΠΡΟΒΛΗΜΑΤΙΚΟ ΤΕΛΑΡΟ,2025-12-11 13:28,2025-12-11 14:24,56.2
12/11/25,KK200-1,FAILURE,AUTOMATION FAILURE,Unplanned,DRYER,ΓΡΑΜΜΗ ΚΑΡΕΛΙΝΩΝ 2ο ΚΑΡΕΛΙΝΟ ΕΣΠΑΣΕ Η ΚΑΔΕΝΑ ΑΠΟ ΠΡΟΒΛΗΜΑΤΙΚΟ ΤΕΛΑΡΟ,2025-12-11 14:44,2025-12-11 14:55,11.4
12/11/25,KK200-1,OPERATIONAL,NO PRODUCTION SCHEDULE,Planned - Not included in OEE,-,-,2025-12-11 15:00,2025-12-11 15:30,30.0
12/12/25,KK200-1,OPERATIONAL,CLEANING,Planned - Included in OEE,EXTRUDER PRESS,-,2025-12-12 07:15,2025-12-12 07:19,4.3
12/12/25,KK200-1,FAILURE,AUTOMATION FAILURE,Unplanned,LINE 52,ΤΑ ΚΑΡΕΛΙΝΑ ΔΕΝ ΕΦΕΡΑΝ ΒΑΓΟΝΙ/ΤΕΛΑΡΟ ΔΕΝ ΦΟΡΤΩΘΗΚΕ ΣΩΣΤΑ ΣΤΟ ΑΣΑΝΣΕΡ ΕΚΦΟΡΤΩΣΗΣ,2025-12-12 07:51,2025-12-12 08:22,31.8
12/12/25,KK200-1,MATERIALS,RACKS,Unplanned,MIDDLE RACK TRANSPORTER,ΕΠΕΣΕ ΤΕΛΑΡΟ ΑΠΟ ΤΙΣ ΡΑΓΙΕΣ,2025-12-12 08:39,2025-12-12 08:55,16.3
12/12/25,KK200-1,MATERIALS,KILN CAR STARVATION,Unplanned,LINE 52,ΤΑ ΚΑΡΕΛΙΝΑ ΔΕΝ ΕΦΕΡΑΝ ΒΑΓΟΝΙ,2025-12-12 10:04,2025-12-12 10:11,7.3
12/12/25,KK200-1,FAILURE,AUTOMATION FAILURE,Unplanned,HACKING STATION,ΚΑΛΩΔΙΟ PDP,2025-12-12 10:24,2025-12-12 10:42,18.3
12/12/25,KK200-1,FAILURE,AUTOMATION FAILURE,Unplanned,PAN MILL,ΒΛΑΒΗ ΣΤΟΝ ANIXNEYTH METAΛΛΩΝ,2025-12-12 10:49,2025-12-12 10:53,4.6
12/12/25,KK200-1,SETUPS-CHANGEOVERS,MATERIAL CHANGEOVER,Planned - Included in OEE,HACKING STATION,-,2025-12-12 12:20,2025-12-12 12:23,3.6
12/12/25,KK250,SETUPS-CHANGEOVERS,MATERIAL CHANGEOVER,Planned - Included in OEE,EXTRUDER PRESS,-,2025-12-12 12:26,2025-12-12 12:40,14.8
12/12/25,KK250,FAILURE,AUTOMATION FAILURE,Unplanned,DRYER,ΓΡΑΜΜΗ ΚΑΡΕΛΙΝΩΝ 2ο ΚΑΡΕΛΙΝΟ ΣΦΙΧΤΟ  ΤΕΛΑΡΟ,2025-12-12 12:45,2025-12-12 13:00,15.3
12/12/25,KK250,OPERATIONAL,NO PRODUCTION SCHEDULE,Planned - Not included in OEE,-,-,2025-12-12 13:20,2025-12-12 15:00,100.0
12/15/25,KK250,OPERATIONAL,CLEANING,Planned - Included in OEE,EXTRUDER PRESS,ΚΑΘΑΡΙΣΜΑ,2025-12-15 07:15,2025-12-15 07:29,14.5
12/15/25,KK250,FAILURE,AUTOMATION FAILURE,Unplanned,EXTRUDER PRESS,ΕΞΑΕΡΩΣΗ ΑΝΤΛΙΑΣ BREVINI,2025-12-15 07:29,2025-12-15 07:36,7.4
12/15/25,KK250,MATERIALS,MANUAL BRICK HANDLING,Unplanned,HACKING STATION,ΣΠΑΣΜΕΝΑ,2025-12-15 08:24,2025-12-15 08:31,7.3
12/15/25,KK250,FAILURE,AUTOMATION FAILURE,Unplanned,DRYER,ΠΑΤΙΝΑΡΕΙ Ο ΜΕΤΑΦ. ΕΞΟΔΟΥ ΣΤΗ ΓΡΑΜΜΗ 5-6,2025-12-15 08:39,2025-12-15 08:47,8.2
12/15/25,KK200-1,SETUPS-CHANGEOVERS,MATERIAL CHANGEOVER,Planned - Included in OEE,EXTRUDER PRESS,-,2025-12-15 10:39,2025-12-15 10:51,12.6
12/15/25,KK200-1,MATERIALS,RACKS,Unplanned,HYDRAULIC ELEVATOR (UNLOADING),ΣΤΡΑΒΟ ΤΕΛΑΡΟ,2025-12-15 11:51,2025-12-15 12:07,16.5
12/15/25,KK200-1,MATERIALS,MATERIAL STARVATION,Unplanned,SILO,ΕΛΛΕΙΨΗ ΧΩΜΑΤΟΣ (ΒΡΕΓΜΕΝΟ ΜΠΛΟΚΑΡΕ Ο ΜΑΤΣΟΜΥΛΛΟΣ),2025-12-15 13:26,2025-12-15 13:45,20.0
12/15/25,KK200-1,MATERIALS,MATERIAL STARVATION,Unplanned,SILO,ΕΛΛΕΙΨΗ ΧΩΜΑΤΟΣ (ΒΡΕΓΜΕΝΟ ΜΠΛΟΚΑΡΕ Ο ΜΑΤΣΟΜΥΛΛΟΣ),2025-12-15 13:46,2025-12-15 13:58,12.8
12/15/25,KK200-1,MATERIALS,MATERIAL STARVATION,Unplanned,SILO,ΕΛΛΕΙΨΗ ΧΩΜΑΤΟΣ (ΒΡΕΓΜΕΝΟ ΜΠΛΟΚΑΡΕ Ο ΜΑΤΣΟΜΥΛΛΟΣ),2025-12-15 14:47,2025-12-15 15:09,22.2
12/15/25,KK200-1,OPERATIONAL,CLEANING,Planned - Included in OEE,EXTRUDER PRESS,-,2025-12-15 15:12,2025-12-15 15:30,18.0
12/16/25,KK200-1,FAILURE,AUTOMATION FAILURE,Unplanned,DRYER,ΠΑΤΙΝΑΡΕΙ Ο ΜΕΤΑΦ. ΕΞΟΔΟΥ ΣΤΗ ΓΡΑΜΜΗ 5-6,2025-12-16 08:15,2025-12-16 08:23,8.7
12/16/25,KK200-1,OPERATIONAL,QUALITY CONTROL,Planned - Included in OEE,EXTRUDER PRESS,ΕΛΕΓΧΟΣ ΚΑΛΟΥΠΙΟΥ,2025-12-16 09:04,2025-12-16 09:15,11.3
12/16/25,KK200-1,SETUPS-CHANGEOVERS,OTHER CALIBRATION,Unplanned,EXTRUDER PRESS,ΑΛΛΑΓΗ ΤΑΚΩΝ ΣΤΟ ΚΑΛΟΥΠΙ,2025-12-16 09:35,2025-12-16 10:36,61.8
12/16/25,KK200-1,FAILURE,MECHANICAL FAILURE,Unplanned,CUTTER,CONVAYOR PROBLEM,2025-12-16 10:54,2025-12-16 10:59,5.7
12/16/25,KK200-1,MATERIALS,METAL DETECTOR,Unplanned,ROLLER MILL A,-,2025-12-16 11:51,2025-12-16 11:54,3.3
12/16/25,KK200-1,MATERIALS,MANUAL BRICK HANDLING,Unplanned,HACKING STATION,ΣΠΑΣΜΕΝΑ ΤΟΥΒΛΑ,2025-12-16 12:16,2025-12-16 12:24,8.6
12/16/25,KK200-1,FAILURE,AUTOMATION FAILURE,Unplanned,DRYER,ΠΑΤΙΝΑΡΕΙ Ο ΜΕΤΑΦ. ΕΞΟΔΟΥ ΣΤΗ ΓΡΑΜΜΗ 5-6,2025-12-16 12:45,2025-12-16 12:51,6.3
12/16/25,KK200-1,MATERIALS,MANUAL BRICK HANDLING,Unplanned,HACKING STATION,ΣΠΑΣΜΕΝΑ ΤΟΥΒΛΑ,2025-12-16 13:29,2025-12-16 13:43,14.4
12/16/25,KK200-1,FAILURE,AUTOMATION FAILURE,Unplanned,DRYER,ΠΑΤΙΝΑΡΕΙ Ο ΜΕΤΑΦ. ΕΞΟΔΟΥ ΣΤΗ ΓΡΑΜΜΗ 5-6,2025-12-16 14:04,2025-12-16 14:11,7.8
12/16/25,KK200-1,FAILURE,AUTOMATION FAILURE,Unplanned,DRYER,ΠΑΤΙΝΑΡΕΙ Ο ΜΕΤΑΦ. ΕΞΟΔΟΥ ΣΤΗ ΓΡΑΜΜΗ 5-6,2025-12-16 14:37,2025-12-16 14:41,4.4
12/16/25,KK200-1,FAILURE,AUTOMATION FAILURE,Unplanned,DRYER,ΔΕΝ ΦΟΡΤΩΘΗΚΕ ΣΩΣΤΑ ΤΟ ΤΕΛΑΡΟ ΣΤΟ ΜΕΤΑΦ. ΕΞΟΔΟΥ,2025-12-16 14:52,2025-12-16 14:58,6.5
12/16/25,KK200-1,OPERATIONAL,CLEANING,Planned - Included in OEE,EXTRUDER PRESS,-,2025-12-16 15:12,2025-12-16 15:30,18.0
12/17/25,KK200-1,OPERATIONAL,CLEANING,Planned - Included in OEE,EXTRUDER PRESS,-,2025-12-17 07:15,2025-12-17 07:21,6.3
12/17/25,KK200-1,MATERIALS,MANUAL BRICK HANDLING,Unplanned,HACKING STATION,ΣΠΑΣΜΕΝΑ ΤΟΥΒΛΑ,2025-12-17 08:09,2025-12-17 08:17,8.7
12/17/25,KK200-1,FAILURE,AUTOMATION FAILURE,Unplanned,HACKING STATION,ΚΑΛΩΔΙΟ PDP/TO ΒΑΓΟΝΙ ΠΟΥ ΦΟΡΤΩΝΕΙ ΔΕΝ ΠΗΓΕ ΣΤΗ ΘΕΣΗ ΤΟΥ,2025-12-17 08:30,2025-12-17 09:26,56.9
12/17/25,KK200-1,MATERIALS,RACKS,Unplanned,EMPTY RACK TRANSPORTER,ΕΞΟΔΟΣ ΤΕΛΑΡΩΝ ΛΟΓΟ ΤΡΟΧΩΝ,2025-12-17 09:33,2025-12-17 09:41,8.5
12/17/25,KK250,SETUPS-CHANGEOVERS,MATERIAL CHANGEOVER,Planned - Included in OEE,EXTRUDER PRESS,-,2025-12-17 10:05,2025-12-17 10:16,11.4
12/17/25,KK250,MATERIALS,RACKS,Unplanned,HYDRAULIC ELEVATOR (LOADING),ΣΤΡΑΒΟ ΤΕΛΑΡΟ,2025-12-17 11:00,2025-12-17 11:03,4.0
12/17/25,KK250,FAILURE,AUTOMATION FAILURE,Unplanned,DRYER,ΔΕΝ ΦΟΡΤΩΘΗΚΕ ΣΩΣΤΑ ΤΟ ΤΕΛΑΡΟ ΣΤΟ ΜΕΤΑΦ. ΕΙΣΟΔΟΥ/ ΣΠΑΣΜΕΝΑ ΤΟΥΒΛΑ ΣΤΟ ΠΑΚΕΤΑΔΟΡΟ,2025-12-17 11:14,2025-12-17 11:30,16.9
12/17/25,KK250,MATERIALS,MANUAL BRICK HANDLING,Unplanned,HACKING STATION,ΣΠΑΣΜΕΝΑ ΤΟΥΒΛΑ,2025-12-17 11:45,2025-12-17 12:08,23.2
12/17/25,KK250,MATERIALS,MATERIAL STARVATION,Unplanned,SILO,ΕΝΕΡΓΕΙΕΣ ΓΙΑ ΝΑ ΑΛΛΑΞΕΙ ΤΟ ΚΑΤΩΤΑΤΟ ΟΡΙΟ ΧΩΜΑΤΟΣ ΣΤΟ ΣΙΛΟ,2025-12-17 13:23,2025-12-17 13:33,10.8
12/17/25,KK250,FAILURE,AUTOMATION FAILURE,Unplanned,DRYER,ΠΑΤΙΝΑΡΕΙ Ο ΜΕΤΑΦ. ΕΞΟΔΟΥ ΣΤΗ ΓΡΑΜΜΗ 5-6,2025-12-17 14:17,2025-12-17 14:20,3.7
12/17/25,KK200-1,SETUPS-CHANGEOVERS,MATERIAL CHANGEOVER,Planned - Included in OEE,EXTRUDER PRESS,-,2025-12-17 14:30,2025-12-17 14:48,18.5
12/17/25,KK200-1,OPERATIONAL,NO PRODUCTION SCHEDULE,Planned - Not included in OEE,-,-,2025-12-17 14:55,2025-12-17 15:15,20.0
12/18/25,KK200-1,OPERATIONAL,CLEANING,Planned - Included in OEE,EXTRUDER PRESS,-,2025-12-18 07:15,2025-12-18 07:23,8.9
12/18/25,KK200-1,MATERIALS,METAL DETECTOR,Unplanned,SILO,-,2025-12-18 07:26,2025-12-18 07:29,3.1
12/18/25,KK200-1,FAILURE,AUTOMATION FAILURE,Unplanned,DRYER,ΠΑΤΙΝΑΡΕΙ Ο ΜΕΤΑΦ. ΕΞΟΔΟΥ ΣΤΗ ΓΡΑΜΜΗ 5-6,2025-12-18 07:52,2025-12-18 07:55,4.0
12/18/25,KK200-1,FAILURE,AUTOMATION FAILURE,Unplanned,LINE 52,ΔΕΝ ΕΦΕΡΕ ΒΑΓΟΝΙ ΤΟ ΚΑΡΕΛΙΝΟ,2025-12-18 08:16,2025-12-18 08:26,10.4
12/18/25,KK200-1,FAILURE,AUTOMATION FAILURE,Unplanned,DRYER,ΠΑΤΙΝΑΡΕΙ Ο ΜΕΤΑΦ. ΕΞΟΔΟΥ ΣΤΗ ΘΕΣΗ 5-6,2025-12-18 08:34,2025-12-18 08:47,13.7
12/18/25,KK200-1,OPERATIONAL,CLEANING,Unplanned,EXTRUDER PRESS,ΔΙΑΔΙΚΑΣΙΑ ΚΑΘΑΡΙΣΜΑΤΟΣ  ,2025-12-18 09:00,2025-12-18 09:12,12.9
12/18/25,KK200-1,OPERATIONAL,CLEANING,Unplanned,EXTRUDER PRESS,ΔΙΑΔΙΚΑΣΙΑ ΚΑΘΑΡΙΣΜΑΤΟΣ  ,2025-12-18 09:14,2025-12-18 09:19,5.9