shiftDate,OEE,Availability,Performance,Quality,Sumof goodProductionTimeSec,Sum of slowProductionTimeSec,Sumof plannedTime,Sumof idealProductionQuantity,Sum of plannedStopsTimeSec,Sum of unplannedStopsTimeSec,Sum of goodQty,Sum of totalQty
9/22/25,0.8254,0.8902,0.9272,0.9996,14604,1317,17884,38626.75,13111,668,35800,35815
9/23/25,0.5891,0.6236,0.9447,0.9975,17398,1123,29700,27961,634,10545,26350,26416
9/24/25,0.7498,0.7833,0.9572,0.9951,21036,1524,28800,22560,3234,3006,21490,21594
9/25/25,0.6546,0.7179,0.9118,0.9933,15935,1511,24300,18438.5334,7713,4541,16700,16812
9/26/25,0.7397,0.8096,0.9260,0.9867,17342,1213,22920,25172.8,5981,3364,23000,23310
9/29/25,0.6467,0.6717,0.9628,0.9967,18284,1284,29132,47931.8333,1285,8847,46000,46150
9/30/25,0.4864,0.5234,0.9307,0.9985,12987,1052,26823,17568.7334,3683,11978,16327,16351
10/2/25,0.7714,0.8898,0.8729,0.9932,21138,2893,27006,25633.0666,3562,2107,22222,22374
10/3/25,0.3383,0.3708,0.9221,0.9896,9074,1026,27240,21619.3333,1887,15913,19727,19935
10/6/25,0.7396,0.7848,0.9483,0.9938,21224,1089,28432,58083.3334,2205,5182,54740,55080
10/7/25,0.9003,0.9238,0.9819,0.9925,24929,1171,28252,31851,3141,459,31040,31276
10/8/25,0.8304,0.8908,0.9354,0.9966,18756,1445,22678,29791.1333,7353,1246,27771,27867
10/9/25,0.4747,0.6019,0.8434,0.9352,14067,2870,28140,17199.3334,6637,6126,13566,14506
10/10/25,0.7552,0.8009,0.9508,0.9918,21215,1131,27900,35352.7333,2943,2611,33336,33612
10/13/25,0.5744,0.6293,0.9300,0.9814,17419,1271,29700,49511.5,2748,8262,45189,46045
10/14/25,0.3790,0.4139,0.9157,0.9958,22240,2347,59400,37942.9334,3223,2526,34600,34745
10/15/25,0.1408,0.1605,0.8838,0.9932,7536,1418,55800,14916.6334,2956,17568,13093,13183
10/16/25,0.3428,0.3681,0.9314,0.9877,19411,1480,56760,22283.7334,3654,5625,20500,20754
10/17/25,0.3737,0.3966,0.9526,0.9892,19606,1452,53100,33796.2668,3929,3459,31848,32195
10/20/25,0.4213,0.4511,0.9410,0.9927,23490,2500,57621,66535.9667,2555,2647,62154,62609
10/21/25,0.3614,0.3870,0.9377,0.9959,20356,1659,56882,51861.0668,3325,5156,48430,48631
10/22/25,0.2177,0.2318,0.9393,0.9456,11567,959,54047,13544.7667,4824,11946,12030,12722
10/23/25,0.3732,0.4094,0.9115,0.9955,20690,1883,55140,24077.8668,4850,2700,21850,21948
10/24/25,0.3052,0.3586,0.8667,0.9822,16773,2955,55020,25558.5333,3760,5164,21758,22152
10/27/25,0.4217,0.4472,0.9430,0.9919,24385,1722,58380,68444.2667,1020,3307,64020,64540
10/29/25,0.2780,0.3120,0.8911,0.9831,14308,2723,54589,34470.9,6164,7356,30200,30717
10/30/25,0.3799,0.4153,0.9252,0.9886,21348,1827,55800,24720,3795,3179,22610,22870
10/31/25,0.4838,0.5509,0.9176,0.9569,19049,2035,38269,19476.2334,3821,2995,17102,17872
11/3/25,0.8187,0.8913,0.9411,0.9761,23402,1763,28235,64211.1666,2290,2245,58985,60430
11/4/25,0.6196,0.6821,0.9386,0.9677,17713,1270,27829,48693.3334,3803,6914,44230,45705
11/5/25,0.7643,0.8281,0.9370,0.9850,16329,1048,20984,27427.8666,8581,2842,25316,25701
11/6/25,0.7305,0.7809,0.9385,0.9968,18252,1171,24874,20717.8666,6554,3723,19382,19444
11/7/25,0.4629,0.5603,0.8697,0.9500,11864,1684,24180,22454.8,5964,8388,18552,19528
11/10/25,0.7055,0.7574,0.9494,0.9811,19602,1423,27760,53462.6667,2645,6030,49800,50760
11/11/25,0.5366,0.5740,0.9669,0.9670,15756,912,29040,44448,660,12372,41555,42975
11/12/25,0.5271,0.5791,0.9388,0.9696,13795,1048,25632,31220.8333,4533,9424,28421,29311
11/13/25,0.5792,0.6383,0.9298,0.9760,16594,1214,27900,18995.2,2936,8956,17238,17662
11/14/25,0.6113,0.6865,0.9057,0.9830,16683,1470,26441,21470.8001,2310,7437,19117,19447
11/17/25,0.6130,0.6729,0.9214,0.9887,17877,1487,28777,47056.3333,1761,8575,42870,43360
11/18/25,0.6738,0.7731,0.8916,0.9776,19709,2131,28249,58240,1451,6409,50760,51925
11/19/25,0.5388,0.6394,0.8761,0.9620,14857,2022,26400,38563.1667,3199,8722,32500,33785
11/20/25,0.6790,0.7093,0.9613,0.9958,18545,904,27420,20943.6,2473,7778,20050,20134
11/21/25,0.7276,0.8144,0.9224,0.9685,21407,1315,27900,17160.9667,3354,1824,15331,15829
11/24/25,0.7905,0.8696,0.9215,0.9865,22525,2212,28447,61021.8334,2313,2650,55470,56230
11/25/25,0.6944,0.7503,0.9440,0.9805,20184,1428,28806,26276.4,4454,3634,24321,24804
11/26/25,0.7690,0.8161,0.9515,0.9904,17219,1202,22572,29423.8333,7258,3121,27727,27996
11/27/25,0.7262,0.8226,0.8969,0.9842,18391,2239,25080,20630,7004,2066,18212,18504
11/28/25,0.6054,0.6392,0.9566,0.9901,15853,1021,26400,24960.1667,2316,8710,23640,23876
12/1/25,0.4622,0.5039,0.9312,0.9850,13332,955,28353,35679.6666,2949,12464,32725,33225
12/2/25,0.7380,0.7497,0.9887,0.9956,18972,542,26029,38437.3334,5388,4798,37836,38002
12/3/25,0.7736,0.8329,0.9376,0.9907,17315,1225,22260,32446.8999,8081,2179,30139,30421
12/4/25,0.5810,0.6244,1.0166,0.9153,11880,446,19740,12933.6,10736,6638,12034,13148
12/5/25,0.7360,0.7681,0.9766,0.9812,19254,996,26364,25672.6667,2621,5029,24601,25073
12/8/25,0.5986,0.6294,0.9704,0.9800,15658,972,26422,40802.6666,3975,9095,38805,39595
12/9/25,0.7504,0.7472,1.0099,0.9946,19668,391,26847,29311.4667,3573,6068,29440,29601
12/10/25,0.6901,0.7454,0.9364,0.9886,17450,1114,24904,39281.5,6010,4226,36364,36784
12/11/25,0.5787,0.6024,0.9675,0.9930,15502,888,27209,43706.6666,3166,10144,41990,42285
12/12/25,0.6436,0.6900,0.9415,0.9908,13910,1024,21645,39107,7362,5604,36480,36820
12/15/25,0.7072,0.7688,0.9294,0.9896,19930,1405,27750,51896.3333,2703,5662,47734,48235
12/16/25,0.5920,0.7095,0.8606,0.9694,17682,2625,28620,54152,1758,7635,45180,46605
12/17/25,0.5822,0.6418,0.9134,0.9931,16093,1378,27222,40736.8333,3371,7958,36955,37210
12/18/25,0.4617,0.5973,0.7788,0.9924,3513,936,7448,11864,532,2999,9170,9240
,,,,,,,,,,,,
,,,,,,,,,,,,
,,,,,,,,,,,,