shiftDate,OEE,Availability,Performance,Quality,Sum of goodProdction,Sum of slowProduction,Sum of plannedTime,Sum of idealQty,Sum of plannedStopsTimeSec,Sum of unplannedStopsTimeSec,Sum of goodQty,Sum of totalQty
1/30/26,0.644347336,0.66562724,0.976218909,0.991611911,17587,984,27900,29309,3178,6048,28372,28612
2/2/26,0.687063235,0.834040404,0.916115212,0.899206681,22693,2078,29700,65357.5,2276,2653,53840,59875
2/3/26,0.609544002,0.615117845,1.022931712,0.968724075,17517,752,29700,35351.3334,3487,7944,35031,36162
2/4/26,0.65891145,0.710998308,0.931104236,0.995314164,17756,1153,26595,20169.6,2205,7686,18692,18780
2/5/26,0.698299261,0.821104273,0.909154262,0.935417931,17554,1526,23237,34437.5001,8610,2010,29287,31309
2/6/26,0.743525122,0.73805566,1.043010753,0.96586793,13176,588,18649,13764,11276,2860,13866,14356
2/9/26,0.643856763,0.74959596,0.933866049,0.919766184,20859,1404,29700,51476.3333,2148,5289,44215,48072
2/10/26,0.685507438,0.75010101,0.961563005,0.950418049,21183,1095,29700,39180.9999,2837,4585,35807,37675
2/11/26,0.580214372,0.642361111,0.977589638,0.923958897,17659,841,28800,18913.8666,7787,2513,17084,18490
2/12/26,0.66917636,0.673299663,1.012011336,0.982079885,19294,703,29700,27460.1667,5752,3951,27292,27790
2/13/26,0.607008535,0.724068793,0.856564715,0.978711715,14040,2211,22444,17000.4668,9728,1921,14252,14562
2/16/26,0.493497475,0.567777778,0.879069561,0.988742727,14963,1900,29700,44968,2476,10361,39085,39530
2/17/26,0.614111334,0.718585859,0.874798597,0.976923077,18889,2453,29700,52755,2548,5810,45085,46150
2/18/26,0.576902166,0.70256582,0.830347216,0.988906926,14069,2716,23891,44511.4999,6688,5327,36550,36960
2/19/26,0.680560904,0.666622103,1.042413326,0.979371208,14667,292,22440,17392.3333,9008,5733,17756,18130
2/20/26,0.565868326,0.582995756,0.989458995,0.980962016,11521,568,20736,21977.6667,8924,6887,21332,21746
2/24/26,0.501550848,0.595353535,0.925648891,0.910109709,16255,1427,29700,45789.5001,2948,9070,38575,42385
2/25/26,0.642118488,0.682534722,0.958198957,0.981826456,18806,851,28800,34397.8667,1873,7270,32361,32960
2/26/26,0.667888119,0.757171717,0.893241184,0.98750794,20257,2231,29700,37012.4,3236,3976,32648,33061
2/27/26,0.661963952,0.735162353,0.929444992,0.968784963,18877,979,27009,19232.9833,4827,3217,17318,17876
3/2/26,0.700290601,0.799748838,0.90265892,0.970065372,21229,2334,29463,56771.1667,3472,2665,49711,51245
3/3/26,0.617641998,0.666452074,0.945368964,0.980317047,17323,1311,27960,43906.6667,3853,7213,40691,41508
3/4/26,0.713529277,0.729878185,0.994173188,0.983330176,18295,1238,26762,26549.7001,4663,4604,25955,26395
3/5/26,0.697991567,0.757503771,0.935594901,0.984866874,18556,1533,26520,28181.0001,5484,4127,25967,26366
3/6/26,0.707833143,0.760429255,0.975017203,0.95468434,14881,850,20687,23832.4,8015,4154,22184,23237
3/9/26,0.732315265,0.79790795,0.932404104,0.9843309,21108,1776,28680,55099.5001,3649,3167,50570,51375
3/10/26,0.660164141,0.76016835,0.893027195,0.972472798,20251,2326,29700,60205.3334,1120,6003,52285,53765
3/11/26,0.390794031,0.566348347,0.771449077,0.894451962,12314,3580,28064,38317.5,1899,11007,26440,29560
3/12/26,0.685071325,0.739654288,0.935938972,0.989599526,18613,1584,27306,28867.2668,4133,5370,26737,27018
3/13/26,0.532043971,0.589974624,0.925937199,0.97394103,14621,1421,27191,20804.8667,3586,8272,18762,19264
3/16/26,0.594141344,0.61084668,0.983614817,0.988854727,16565,1017,28783,39680.1668,3493,8625,38595,39030
3/17/26,0.745356884,0.789824736,0.954398204,0.988789675,20750,1512,28186,53742.7667,2603,4835,50717,51292
3/18/26,0.700270533,0.748695584,0.949416399,0.985153379,18375,853,25682,28945.1499,5859,3713,27073,27481
3/19/26,0.699348221,0.70718232,0.996416599,0.992478542,16802,734,24797,22683.2833,6088,6076,22432,22602
3/20/26,0.642183146,0.649052675,1.013787325,0.975960188,14806,781,24015,24578.1333,6235,6078,24318,24917
3/23/26,0.695035721,0.724347064,0.9753967,0.983737302,19542,1120,28525,46020.25,4476,4562,44158,44888
3/24/26,0.678764254,0.684905389,1.000392469,0.990644804,17926,1113,27798,19874.2,3158,7503,19696,19882
3/26/26,0.666444752,0.666233579,1.007631516,0.992740848,17837,623,27708,19139.9333,2993,8247,19146,19286
3/27/26,0.754012764,0.814114114,0.967929982,0.956862361,20515,1173,26640,21099.6667,4901,1311,19542,20423
3/30/26,0.702076073,0.759555633,0.941459124,0.981800198,20355,1524,28805,53693.2499,1947,5874,49630,50550
3/31/26,0.393658454,0.457394335,0.890332154,0.966666667,13855,1631,33857,23249.75,16990,17024,20010,20700
4/2/26,0.642659338,0.642732167,1.017782871,0.982416503,17893,1209,29720,20004.2667,21929,8469,20002,20360
4/3/26,0.666695253,0.62813081,1.079587232,0.983149418,5510,233,9143,6211.6333,1470,1907,6593,6706