Worker ID,rows,span_h,orders,resources,days,h_per_active_day
ID4932,184,1171.95,65,9,73,16.05
ID4794,182,1047.05,61,8,71,14.75
ID4529,166,943.68,67,7,68,13.88
ID4641,141,722.67,45,5,64,11.29
ID4167,120,663.73,52,4,59,11.25
ID4445,161,625.42,56,5,65,9.62
ID0998,391,566.35,153,5,72,7.87
ID4618,431,565.53,91,8,71,7.97
ID4528,173,554.28,61,8,66,8.4
ID3846,119,540.27,31,4,56,9.65
ID4287,304,531.75,70,5,68,7.82
ID4163,300,525.43,33,3,58,9.06
ID4385,163,514.48,58,3,64,8.04
ID4429,129,506.63,55,4,64,7.92
ID0420,93,502.47,33,6,52,9.66
ID4132,92,494.58,24,2,54,9.16
ID0997,131,463.48,51,6,64,7.24
ID4219,124,442.08,31,3,49,9.02
ID4355,129,418.45,55,5,53,7.9
ID4872,144,406.63,62,9,54,7.53
ID4493,167,297.13,52,3,56,5.31
ID4882,262,174.42,87,3,71,2.46
ID3767,21,121.0,6,3,16,7.56
ID4718,33,95.52,22,6,13,7.35
ID4799,11,81.28,1,1,10,8.13
ID4326,10,76.22,4,1,10,7.62
ID4622,6,47.15,1,1,6,7.86
ID4861,10,46.02,6,3,9,5.11
ID4162,12,45.68,1,2,7,6.53
ID4873,4,39.25,1,1,4,9.81
ID4851,2,19.13,1,1,2,9.57
ID4890,2,13.65,1,1,2,6.82
ID4160,6,13.63,1,1,2,6.82
ID4360,5,12.4,3,1,5,2.48
ID4442,4,12.0,4,1,3,4.0
ID4783,1,11.0,1,1,1,11.0
ID3998,2,7.1,2,1,2,3.55
ID4109,2,5.78,2,1,2,2.89
ID3716,1,4.5,1,1,1,4.5
ID4140,3,3.7,1,2,1,3.7
ID3641,2,3.5,2,1,1,3.5
ID0937,20,3.0,15,11,13,0.23
ID3854,1,1.9,1,1,1,1.9
ID3718,1,1.0,1,1,1,1.0
ID4955,1,0.07,1,1,1,0.07
ID4142,1,0.0,1,1,1,0.0
ID4291,17,0.0,16,1,8,0.0
ID4491,25,0.0,23,1,11,0.0
ID4820,234,0.0,153,1,59,0.0
