Case ID,rows,woq,woq_nuniq,part,first_start,last_end,n_act,n_family,n_workers,n_res,span_h,ok,rej,mrb,lead_days,rej_pct,span_h_per_pc,end_date,touch_ratio
Case 1,16,10,1,Cable Head,2012-01-29 23:24:00,2012-02-17 01:00:00,7,7,8,6,24.717,64,1,0,18.067,1.538,2.472,2012-02-17,0.057
Case 10,24,251,1,Spur Gear,2012-01-17 07:01:00,2012-02-03 01:00:00,6,6,8,5,74.733,1504,1,0,16.749,0.066,0.298,2012-02-03,0.186
Case 100,14,18,1,Ballnut,2012-02-20 17:09:00,2012-03-21 07:03:00,9,9,8,8,20.017,162,0,0,29.579,0.0,1.112,2012-03-21,0.028
Case 101,17,27,1,Housing,2012-03-13 18:47:00,2012-03-26 01:00:00,9,9,7,7,34.583,203,0,0,12.259,0.0,1.281,2012-03-26,0.118
Case 102,30,24,1,Spur Gear,2012-02-27 16:40:00,2012-03-14 01:00:00,9,9,9,7,52.0,256,1,0,15.347,0.389,2.167,2012-03-14,0.141
Case 103,19,52,1,Adjusting Nut,2012-03-06 09:10:00,2012-03-15 01:00:00,6,6,6,5,45.917,302,2,0,8.66,0.658,0.883,2012-03-15,0.221
Case 104,6,33,1,Cable Head,2012-03-19 20:43:00,2012-03-21 09:49:00,3,3,4,3,17.3,99,0,0,1.546,0.0,0.524,2012-03-21,0.466
Case 105,2,15,1,Bearing,2012-03-20 23:18:00,2012-03-21 10:31:00,1,1,2,1,10.483,15,0,0,0.467,0.0,0.699,2012-03-21,0.935
Case 106,8,39,1,Ballnut,2012-03-15 10:14:00,2012-03-22 13:05:00,6,6,6,5,14.033,234,0,0,7.119,0.0,0.36,2012-03-22,0.082
Case 107,1,20,1,Cable Head,2012-03-30 06:36:00,2012-03-30 11:47:00,1,1,1,1,5.183,1,0,0,0.216,0.0,0.259,2012-03-30,1.0
Case 108,17,15,1,Bushing,2012-02-27 01:18:00,2012-03-09 09:27:00,8,8,9,7,32.083,113,1,0,11.34,0.877,2.139,2012-03-09,0.118
Case 109,16,50,1,Electrical Contact,2012-03-04 11:14:00,2012-03-25 01:00:00,6,6,9,5,37.283,336,5,0,20.574,1.466,0.746,2012-03-25,0.076
Case 11,21,100,1,Spur Gear,2012-01-15 18:04:00,2012-01-25 14:11:00,6,5,7,5,53.383,488,3,0,9.838,0.611,0.534,2012-01-25,0.226
Case 110,73,500,1,Ballnut,2012-03-01 03:49:00,2012-03-30 10:28:00,8,8,18,7,271.467,2339,8,0,29.277,0.341,0.543,2012-03-30,0.386
Case 111,24,300,1,Cable Head,2012-03-12 21:10:00,2012-03-28 06:56:00,5,5,7,3,166.167,1492,4,0,15.407,0.267,0.554,2012-03-28,0.449
Case 112,37,492,1,Ballnut,2012-03-08 06:13:00,2012-03-29 09:34:00,8,7,10,7,130.467,1524,14,0,21.14,0.91,0.265,2012-03-29,0.257
Case 113,4,28,1,Cable Head,2012-03-15 03:09:00,2012-03-16 11:39:00,4,3,4,3,16.917,84,0,0,1.354,0.0,0.604,2012-03-16,0.521
Case 114,7,20,1,Ballnut,2012-02-29 02:03:00,2012-03-07 08:04:00,2,2,3,2,14.75,39,1,0,7.251,2.5,0.738,2012-03-07,0.085
Case 115,23,90,1,Ballnut,2012-03-05 09:41:00,2012-03-26 01:00:00,9,9,9,7,53.083,798,3,0,20.638,0.375,0.59,2012-03-26,0.107
Case 116,12,161,1,Clamp,2012-02-22 06:50:00,2012-02-29 07:59:00,3,3,5,3,40.367,458,5,0,7.048,1.08,0.251,2012-02-29,0.239
Case 117,3,3,1,Wheel Shaft,2012-02-23 00:00:00,2012-02-23 11:01:00,2,2,2,2,0.0,6,0,0,0.459,0.0,0.0,2012-02-23,0.0
Case 118,4,10,1,Ballnut,2012-03-25 00:00:00,2012-03-30 11:41:00,2,2,3,2,6.683,19,1,0,5.487,5.0,0.668,2012-03-30,0.051
Case 119,11,40,1,Cylinder,2012-03-20 07:12:00,2012-03-29 17:18:00,1,1,3,1,91.683,40,0,0,9.421,0.0,2.292,2012-03-29,0.405
Case 12,26,69,1,Spur Gear,2012-01-26 02:38:00,2012-02-17 01:00:00,8,8,8,6,64.8,552,0,0,21.932,0.0,0.939,2012-02-17,0.123
Case 120,12,5,1,Cable Head,2012-02-26 11:19:00,2012-03-15 09:11:00,7,6,8,6,33.233,21,5,0,17.911,19.231,6.647,2012-03-15,0.077
Case 121,20,12,1,Plug,2012-03-05 22:00:00,2012-03-28 13:03:00,10,9,10,8,38.017,134,0,0,22.627,0.0,3.168,2012-03-28,0.07
Case 122,26,12,1,Plug,2012-03-04 10:14:00,2012-03-28 01:00:00,11,11,11,9,49.783,156,0,0,23.615,0.0,4.149,2012-03-28,0.088
Case 123,19,80,1,Cable Head,2012-03-14 00:00:00,2012-03-18 15:53:00,3,3,6,3,58.683,312,4,0,4.662,1.266,0.734,2012-03-18,0.525
Case 124,10,12,1,Ballnut,2012-03-20 06:59:00,2012-03-26 01:00:00,6,6,7,5,19.783,72,0,0,5.751,0.0,1.649,2012-03-26,0.143
Case 125,5,48,1,Ballnut,2012-03-29 01:30:00,2012-03-29 17:29:00,2,2,4,2,14.75,12,0,0,0.666,0.0,0.307,2012-03-29,0.923
Case 126,15,10,1,Housing,2012-03-21 00:00:00,2012-03-28 01:00:00,7,7,9,6,24.267,64,1,0,7.042,1.538,2.427,2012-03-28,0.144
Case 127,40,290,1,Ballnut,2012-03-04 09:27:00,2012-03-20 07:18:00,6,6,10,5,81.633,1736,2,0,15.91,0.115,0.281,2012-03-20,0.214
Case 129,10,3,1,Locker,2012-03-06 10:18:00,2012-03-20 09:11:00,6,6,5,5,19.267,18,0,0,13.953,0.0,6.422,2012-03-20,0.058
Case 13,7,20,1,Spur Gear,2012-01-17 13:47:00,2012-01-18 11:42:00,5,5,5,4,6.467,100,0,0,0.913,0.0,0.323,2012-01-18,0.295
Case 130,1,126,1,Ballnut,2012-03-07 23:45:00,2012-03-08 01:08:00,1,1,1,1,1.383,6,0,0,0.058,0.0,0.011,2012-03-08,1.0
Case 133,4,72,1,Spring,2012-03-28 00:00:00,2012-03-29 16:03:00,1,1,3,1,19.883,72,0,0,1.669,0.0,0.276,2012-03-29,0.496
Case 134,4,72,1,Spring,2012-03-29 17:49:00,2012-03-31 05:45:00,1,1,2,1,17.867,71,0,0,1.497,0.0,0.248,2012-03-31,0.497
Case 135,36,500,1,Housing,2012-03-21 22:00:00,2012-03-30 11:27:00,2,2,7,2,187.6,1217,4,0,8.56,0.328,0.375,2012-03-30,0.913
Case 136,3,600,1,Ballnut,2012-03-29 19:15:00,2012-03-30 07:21:00,2,2,2,2,11.417,14,0,0,0.504,0.0,0.019,2012-03-30,0.944
Case 137,4,15,1,Housing,2012-03-27 18:21:00,2012-03-30 11:50:00,2,2,4,2,17.417,15,0,0,2.728,0.0,1.161,2012-03-30,0.266
Case 138,9,40,1,Cable Head,2012-03-26 17:13:00,2012-03-28 14:43:00,4,3,5,4,23.883,112,4,0,1.896,3.448,0.597,2012-03-28,0.525
Case 139,1,247,1,Cable Head,2012-03-15 06:43:00,2012-03-15 07:45:00,1,1,1,1,1.033,245,0,0,0.043,0.0,0.004,2012-03-15,1.0
Case 140,12,5,1,Cable Head,2012-03-19 07:14:00,2012-03-30 09:03:00,8,8,9,7,21.883,23,2,0,11.076,8.0,4.377,2012-03-30,0.082
Case 141,1,37,1,Piston,2012-03-26 00:00:00,2012-03-26 01:15:00,1,1,1,1,0.0,0,0,0,0.052,,0.0,2012-03-26,0.0
Case 142,2,18,1,Ballnut,2012-03-22 14:00:00,2012-03-26 11:10:00,1,1,1,1,3.267,18,0,0,3.882,0.0,0.181,2012-03-26,0.035
Case 144,2,1,1,Cable Head,2012-03-30 00:00:00,2012-03-30 09:57:00,2,2,2,2,1.017,2,0,0,0.415,0.0,1.017,2012-03-30,0.102
Case 145,16,35,1,Ring,2012-02-16 21:04:00,2012-03-11 08:08:00,9,8,7,8,33.283,315,0,0,23.461,0.0,0.951,2012-03-11,0.059
Case 146,2,21,1,Ballnut,2012-02-19 00:00:00,2012-02-19 08:40:00,2,2,2,2,1.667,42,0,0,0.361,0.0,0.079,2012-02-19,0.192
Case 147,8,60,1,Piston,2012-03-11 18:36:00,2012-03-13 14:03:00,5,5,5,4,25.483,296,0,0,1.81,0.0,0.425,2012-03-13,0.586
Case 148,7,78,1,Piston,2012-01-11 10:00:00,2012-02-26 14:53:00,6,6,4,5,8.85,5,0,0,46.203,0.0,0.113,2012-02-26,0.008
Case 150,4,18,1,Ballnut,2012-02-02 00:00:00,2012-02-02 09:47:00,4,4,1,4,0.017,0,10,0,0.408,100.0,0.001,2012-02-02,0.002
Case 153,5,46,1,Housing,2012-01-02 19:00:00,2012-01-06 01:00:00,3,3,3,3,2.95,12,0,0,3.25,0.0,0.064,2012-01-06,0.038
Case 154,4,27,1,Ballnut,2012-01-04 00:00:00,2012-01-11 01:00:00,4,4,3,3,7.683,102,2,0,7.042,1.923,0.285,2012-01-11,0.045
Case 155,12,48,1,Ballnut,2012-01-06 07:11:00,2012-01-13 01:00:00,7,7,5,6,16.383,288,0,0,6.742,0.0,0.341,2012-01-13,0.101
Case 156,14,600,1,Drill,2012-02-20 20:00:00,2012-03-07 01:00:00,7,6,5,6,33.85,270,5,0,15.208,1.818,0.056,2012-03-07,0.093
Case 157,1,14,1,Cable Head,2012-02-21 00:00:00,2012-02-21 01:15:00,1,1,1,1,0.0,0,4,0,0.052,100.0,0.0,2012-02-21,0.0
Case 163,13,150,1,Clamp,2012-01-09 00:00:00,2012-03-22 15:04:00,4,4,4,3,6.967,160,2,0,73.628,1.235,0.046,2012-03-22,0.004
Case 17,40,100,1,Clamp,2012-02-26 16:49:00,2012-03-29 15:33:00,5,5,6,4,187.783,622,1,0,31.947,0.161,1.878,2012-03-29,0.245
Case 174,20,55,1,Ballnut,2012-03-18 21:42:00,2012-03-30 10:17:00,7,7,9,6,46.05,256,4,0,11.524,1.538,0.837,2012-03-30,0.166
Case 175,2,53,1,Spinner,2012-01-31 07:00:00,2012-01-31 07:30:00,1,1,1,1,0.95,0,1,0,0.021,100.0,0.018,2012-01-31,1.9
Case 177,12,151,1,Cable Head,2012-01-04 08:20:00,2012-03-30 01:15:00,5,5,6,5,20.283,35,9,0,85.705,20.455,0.134,2012-03-30,0.01
Case 178,34,250,1,Cable Head,2012-01-02 00:00:00,2012-03-14 01:15:00,9,7,9,7,122.5,601,0,0,72.052,0.0,0.49,2012-03-14,0.071
Case 179,7,150,1,Cable Head,2012-01-11 18:59:00,2012-02-23 07:40:00,4,3,4,4,9.617,24,1,0,42.528,4.0,0.064,2012-02-23,0.009
Case 18,175,557,1,Cable Head,2012-01-18 03:51:00,2012-03-30 08:12:00,10,8,16,9,631.217,3706,27,76,72.181,0.723,1.133,2012-03-30,0.364
Case 182,13,400,1,Ballnut,2012-01-09 11:08:00,2012-03-28 17:34:00,8,8,7,7,14.4,25,4,0,79.268,13.793,0.036,2012-03-28,0.008
Case 185,21,17,1,Cable Head,2012-01-03 00:00:00,2012-03-30 08:40:00,8,8,8,7,38.733,61,0,5,87.361,0.0,2.278,2012-03-30,0.018
Case 187,34,200,1,Cable Head,2012-01-02 07:00:00,2012-02-27 01:15:00,5,5,11,5,116.15,554,6,5,55.76,1.071,0.581,2012-02-27,0.087
Case 188,29,350,1,Punch Holder,2012-01-02 12:15:00,2012-02-07 15:03:00,7,7,8,6,65.583,919,11,0,36.117,1.183,0.187,2012-02-07,0.076
Case 189,6,8,1,Tube,2012-01-02 00:00:00,2012-01-05 01:00:00,3,3,2,2,12.0,2,3,0,3.042,60.0,1.5,2012-01-05,0.164
Case 19,15,33,1,Cable Head,2012-01-30 10:59:00,2012-02-23 10:52:00,9,8,10,8,33.817,248,2,0,23.995,0.8,1.025,2012-02-23,0.059
Case 190,5,16,1,Seal Head,2012-01-10 00:00:00,2012-02-14 11:10:00,3,3,2,2,4.25,14,0,0,35.465,0.0,0.266,2012-02-14,0.005
Case 192,63,200,1,Piston,2012-01-11 08:00:00,2012-02-26 14:04:00,6,6,11,5,253.533,454,0,0,46.253,0.0,1.268,2012-02-26,0.228
Case 194,33,40,1,Socket,2012-01-10 10:14:00,2012-02-07 01:00:00,10,10,9,8,129.583,347,2,0,27.615,0.573,3.24,2012-02-07,0.196
Case 195,14,80,1,Slip Ring Adapter,2012-01-31 12:00:00,2012-02-15 14:05:00,7,7,8,5,39.283,560,0,0,15.087,0.0,0.491,2012-02-15,0.108
Case 196,4,40,1,Cable Head,2012-01-17 13:20:00,2012-02-21 01:00:00,4,4,4,3,5.367,6,1,0,34.486,14.286,0.134,2012-02-21,0.006
Case 198,37,100,1,Cable Head,2012-01-09 13:29:00,2012-03-20 13:39:00,9,9,14,8,88.05,674,5,0,71.007,0.736,0.88,2012-03-20,0.052
Case 199,108,180,1,Cable Head,2012-01-03 00:00:00,2012-03-30 10:55:00,9,8,15,8,301.55,964,13,1,87.455,1.331,1.675,2012-03-30,0.144
Case 20,25,170,1,Punch Plate,2012-01-15 08:16:00,2012-02-22 01:00:00,7,6,11,6,82.85,1184,3,0,37.697,0.253,0.487,2012-02-22,0.092
Case 200,7,50,1,Cable Head,2012-01-09 00:00:00,2012-01-30 01:15:00,6,6,5,6,1.7,5,1,0,21.052,16.667,0.034,2012-01-30,0.003
Case 201,30,20,1,Wheel Shaft,2012-01-04 00:00:00,2012-02-21 01:15:00,9,9,8,7,72.467,66,1,0,48.052,1.493,3.623,2012-02-21,0.063
Case 203,7,5,1,Gauge,2012-01-08 09:00:00,2012-01-12 07:03:00,6,6,4,5,3.683,30,0,0,3.919,0.0,0.737,2012-01-12,0.039
Case 205,4,25,1,O-Ring,2012-03-06 18:00:00,2012-03-08 01:00:00,3,3,3,3,3.283,4,0,0,1.292,0.0,0.131,2012-03-08,0.106
Case 206,14,21,1,Cutting Wheel,2012-01-08 15:02:00,2012-02-03 01:00:00,7,7,6,6,21.25,103,1,0,25.415,0.962,1.012,2012-02-03,0.035
Case 207,41,125,1,Flange,2012-01-09 00:00:00,2012-01-30 01:00:00,8,7,11,7,95.067,443,7,0,21.042,1.556,0.761,2012-01-30,0.188
Case 208,21,13,1,Cable Head,2012-01-04 08:35:00,2012-02-16 08:29:00,8,8,10,7,82.35,73,3,0,42.996,3.947,6.335,2012-02-16,0.08
Case 209,12,168,1,Ballnut,2012-02-14 00:47:00,2012-02-23 01:00:00,6,6,7,5,41.45,1008,0,0,9.009,0.0,0.247,2012-02-23,0.192
Case 21,29,151,1,Punch Plate,2012-01-12 07:27:00,2012-02-22 01:00:00,7,6,8,6,99.55,1029,7,0,40.731,0.676,0.659,2012-02-22,0.102
Case 210,28,85,1,Spur Gear,2012-01-03 10:00:00,2012-01-16 01:00:00,9,9,8,8,77.283,595,0,0,12.625,0.0,0.909,2012-01-16,0.255
Case 211,9,84,1,Spur Gear,2012-01-08 14:44:00,2012-01-15 01:00:00,5,5,6,4,15.783,320,0,0,6.428,0.0,0.188,2012-01-15,0.102
Case 212,14,66,1,Ballnut,2012-02-21 07:12:00,2012-03-12 09:31:00,6,6,5,5,36.417,389,2,0,20.097,0.512,0.552,2012-03-12,0.076
Case 214,19,150,1,Ballnut,2012-02-20 07:11:00,2012-03-09 01:00:00,7,7,8,6,63.75,1038,2,0,17.742,0.192,0.425,2012-03-09,0.15
Case 215,12,108,1,Ballnut,2012-01-05 11:20:00,2012-01-17 09:30:00,6,6,5,5,14.383,648,0,0,11.924,0.0,0.133,2012-01-17,0.05
Case 218,8,221,1,Flange,2012-01-30 10:19:00,2012-02-06 12:50:00,4,4,5,4,37.1,591,0,0,7.105,0.0,0.168,2012-02-06,0.218
Case 219,11,30,1,Cable Head,2012-01-03 15:55:00,2012-01-18 01:00:00,4,4,6,4,22.317,105,2,9,14.378,1.869,0.744,2012-01-18,0.065
Case 22,13,5,1,Ballnut,2012-01-23 05:00:00,2012-01-29 09:28:00,7,7,6,6,25.95,34,1,0,6.186,2.857,5.19,2012-01-29,0.175
Case 222,1,100,1,Spring,2012-01-04 00:00:00,2012-01-04 01:00:00,1,1,1,1,0.0,0,0,0,0.042,,0.0,2012-01-04,0.0
Case 223,24,30,1,Ballnut,2012-01-23 11:10:00,2012-02-17 01:00:00,7,7,7,6,28.8,210,0,0,24.576,0.0,0.96,2012-02-17,0.049
Case 224,3,40,1,Gauge,2012-01-16 07:00:00,2012-01-19 16:50:00,1,1,1,1,2.667,0,0,0,3.41,,0.067,2012-01-19,0.033
Case 225,75,185,1,Cable Head,2012-01-05 06:57:00,2012-03-30 01:15:00,9,7,11,8,167.45,882,10,3,84.762,1.121,0.905,2012-03-30,0.082
Case 227,2,10,1,Gauge,2012-01-05 00:00:00,2012-01-05 07:56:00,2,2,2,2,0.933,20,0,0,0.331,0.0,0.093,2012-01-05,0.118
Case 228,11,10,1,Ballnut,2012-01-04 09:35:00,2012-01-15 01:00:00,6,6,5,5,7.4,73,1,0,10.642,1.351,0.74,2012-01-15,0.029
Case 229,11,24,1,Ballnut,2012-01-22 11:03:00,2012-01-30 01:00:00,6,6,6,5,25.667,144,0,0,7.581,0.0,1.069,2012-01-30,0.141
Case 23,16,13,1,Plug,2012-01-23 07:16:00,2012-02-29 07:40:00,10,9,8,6,46.533,103,3,0,37.017,2.83,3.579,2012-02-29,0.052
Case 230,42,105,1,Spur Gear,2012-01-06 00:03:00,2012-02-29 15:09:00,10,9,12,9,108.667,833,1,0,54.629,0.12,1.035,2012-02-29,0.083
Case 231,15,20,1,Cable Head,2012-01-12 12:25:00,2012-01-23 08:10:00,5,5,6,4,34.0,89,3,0,10.823,3.261,1.7,2012-01-23,0.131
Case 232,19,5,1,Cable Head,2012-01-03 07:01:00,2012-01-18 12:09:00,8,8,5,7,34.85,29,2,0,15.214,6.452,6.97,2012-01-18,0.095
Case 233,26,24,1,Ballnut,2012-01-03 11:00:00,2012-01-15 07:13:00,9,9,9,8,47.15,180,2,0,11.842,1.099,1.965,2012-01-15,0.166
Case 234,37,60,1,Shim,2012-01-30 14:30:00,2012-03-28 10:06:00,6,6,9,4,170.717,292,2,0,57.817,0.68,2.845,2012-03-28,0.123
Case 235,39,13,1,Flange Bolt,2012-01-16 14:11:00,2012-02-22 12:50:00,14,12,10,12,110.617,109,2,0,36.944,1.802,8.509,2012-02-22,0.125
Case 236,8,20,1,Spur Gear,2012-01-02 20:45:00,2012-01-06 01:00:00,4,4,4,3,22.233,60,0,0,3.177,0.0,1.112,2012-01-06,0.292
Case 237,39,313,1,Fastener,2012-01-03 00:00:00,2012-03-07 13:50:00,8,7,12,7,105.517,1839,17,0,64.576,0.916,0.337,2012-03-07,0.068
Case 238,35,320,1,Electrical Contact,2012-01-02 01:00:00,2012-02-17 01:00:00,7,6,11,6,147.25,2214,10,0,46.0,0.45,0.46,2012-02-17,0.133
Case 239,12,16,1,Ballnut,2012-01-14 22:56:00,2012-01-30 01:00:00,7,7,6,5,24.5,112,0,0,15.086,0.0,1.531,2012-01-30,0.068
Case 24,15,13,1,Plug,2012-01-17 20:01:00,2012-02-29 01:00:00,9,8,8,7,27.7,106,4,0,42.208,3.636,2.131,2012-02-29,0.027
Case 240,27,163,1,Bearing,2012-02-01 03:22:00,2012-02-15 01:00:00,7,7,8,6,58.467,1115,5,0,13.901,0.446,0.359,2012-02-15,0.175
Case 241,12,16,1,Ballnut,2012-01-16 00:00:00,2012-01-27 01:00:00,7,7,6,6,20.9,106,1,0,11.042,0.935,1.306,2012-01-27,0.079
Case 242,29,40,1,Spur Gear,2012-02-08 07:00:00,2012-02-17 09:30:00,8,8,11,7,88.5,297,4,0,9.104,1.329,2.212,2012-02-17,0.405
Case 243,13,10,1,Spur Gear,2012-01-16 02:38:00,2012-01-29 08:37:00,7,7,8,6,35.133,64,1,0,13.249,1.538,3.513,2012-01-29,0.11
Case 244,11,5,1,Cable Head,2012-01-09 17:15:00,2012-01-15 01:00:00,4,4,3,4,22.25,18,1,0,5.323,5.263,4.45,2012-01-15,0.174
Case 245,17,5,1,Cable Head,2012-01-19 07:07:00,2012-02-20 01:00:00,7,7,8,6,77.117,38,1,0,31.745,2.564,15.423,2012-02-20,0.101
Case 246,10,36,1,Disc,2012-01-02 09:00:00,2012-01-09 01:00:00,6,6,6,5,27.65,186,2,0,6.667,1.064,0.768,2012-01-09,0.173
Case 248,15,24,1,Housing,2012-01-08 10:35:00,2012-01-18 08:24:00,8,8,8,7,31.317,190,1,0,9.909,0.524,1.305,2012-01-18,0.132
Case 249,20,64,1,Ballnut,2012-01-12 08:03:00,2012-01-22 07:25:00,9,9,9,8,57.967,502,1,0,9.974,0.199,0.906,2012-01-22,0.242
Case 25,24,13,1,Plug,2012-01-19 08:33:00,2012-02-29 09:30:00,8,8,10,6,56.417,95,2,0,41.04,2.062,4.34,2012-02-29,0.057
Case 250,14,32,1,Barrel,2012-01-03 07:30:00,2012-01-12 01:00:00,4,4,4,4,56.483,128,0,0,8.729,0.0,1.765,2012-01-12,0.27
Case 251,14,5,1,Cable Head,2012-01-08 15:04:00,2012-02-23 13:35:00,7,7,8,6,21.433,35,0,0,45.938,0.0,4.287,2012-02-23,0.019
Case 252,11,12,1,Ballnut,2012-01-24 07:04:00,2012-01-30 01:00:00,6,6,5,5,14.967,72,0,0,5.747,0.0,1.247,2012-01-30,0.109
Case 253,14,16,1,Blade,2012-01-09 02:21:00,2012-01-16 01:00:00,7,7,6,6,13.567,106,1,0,6.944,0.935,0.848,2012-01-16,0.081
Case 254,7,225,1,Spur Gear,2012-01-02 10:15:00,2012-01-06 10:25:00,4,4,4,4,7.283,900,0,0,4.007,0.0,0.032,2012-01-06,0.076
Case 255,5,40,1,Bushing,2012-01-02 07:00:00,2012-01-16 01:00:00,5,5,4,4,12.75,200,0,0,13.75,0.0,0.319,2012-01-16,0.039
Case 256,62,100,1,Spinner,2012-01-16 16:21:00,2012-02-21 09:00:00,11,10,15,9,244.7,1248,6,3,35.694,0.478,2.447,2012-02-21,0.286
Case 257,71,150,1,Cable Head,2012-01-11 07:35:00,2012-03-30 08:40:00,8,8,16,7,208.067,1157,17,1,79.045,1.448,1.387,2012-03-30,0.11
Case 258,16,50,1,Ballnut,2012-01-16 20:16:00,2012-02-05 01:00:00,6,6,5,5,37.55,268,16,0,19.197,5.634,0.751,2012-02-05,0.082
Case 259,50,325,1,Drill,2012-01-17 11:00:00,2012-03-29 01:00:00,7,6,9,6,145.217,1825,1,0,71.583,0.055,0.447,2012-03-29,0.085
Case 26,21,13,1,Plug,2012-01-17 17:17:00,2012-02-29 01:00:00,9,8,10,7,56.133,121,1,0,42.322,0.82,4.318,2012-02-29,0.055
Case 260,57,315,1,Ballnut,2012-01-09 04:00:00,2012-03-14 13:18:00,9,9,13,8,206.733,2074,10,0,65.388,0.48,0.656,2012-03-14,0.132
Case 261,10,60,1,Bearing,2012-02-06 20:38:00,2012-02-14 08:11:00,6,6,6,5,16.483,360,0,0,7.481,0.0,0.275,2012-02-14,0.092
Case 262,16,36,1,Spur Gear,2012-02-06 18:27:00,2012-02-09 14:09:00,8,8,8,7,29.0,263,5,0,2.821,1.866,0.806,2012-02-09,0.428
Case 263,22,18,1,Compound Dies,2012-01-02 09:00:00,2012-01-23 01:00:00,9,9,6,7,43.133,162,0,0,20.667,0.0,2.396,2012-01-23,0.087
Case 264,14,132,1,Bearing,2012-03-26 08:38:00,2012-03-29 12:43:00,3,3,7,3,47.25,239,5,0,3.17,2.049,0.358,2012-03-29,0.621
Case 265,16,9,1,O-Ring,2012-01-04 10:52:00,2012-01-19 12:01:00,8,8,5,7,30.083,70,0,0,15.048,0.0,3.343,2012-01-19,0.083
Case 266,71,153,1,Cable Head,2012-01-04 07:00:00,2012-03-30 01:15:00,9,8,15,8,234.167,1219,35,0,85.76,2.791,1.531,2012-03-30,0.114
Case 267,86,350,1,Punch Holder,2012-01-05 12:14:00,2012-03-30 01:00:00,10,9,17,8,339.55,3070,24,0,84.532,0.776,0.97,2012-03-30,0.167
Case 268,23,35,1,Locknut,2012-01-25 07:58:00,2012-02-16 07:19:00,8,8,12,7,53.817,341,1,0,21.973,0.292,1.538,2012-02-16,0.102
Case 269,21,12,1,Ballnut,2012-01-09 12:30:00,2012-01-30 10:31:00,8,7,7,7,48.533,120,0,0,20.917,0.0,4.044,2012-01-30,0.097
Case 27,15,12,1,Ballnut,2012-01-18 15:57:00,2012-01-25 10:55:00,7,7,5,6,27.183,96,0,0,6.79,0.0,2.265,2012-01-25,0.167
Case 271,59,150,1,Cable Head,2012-01-02 20:00:00,2012-03-20 01:00:00,10,8,12,9,151.817,1032,8,1,77.208,0.769,1.012,2012-03-20,0.082
Case 272,16,20,1,Spur Gear,2012-01-24 07:28:00,2012-02-10 10:24:00,8,8,7,7,29.483,146,2,0,17.122,1.351,1.474,2012-02-10,0.072
Case 273,15,12,1,Spur Gear,2012-01-18 07:25:00,2012-02-09 18:00:00,9,9,7,8,44.717,96,0,0,22.441,0.0,3.726,2012-02-09,0.083
Case 274,13,3,1,Spur Gear,2012-01-02 11:01:00,2012-01-05 01:00:00,9,9,5,7,19.85,27,0,0,2.583,0.0,6.617,2012-01-05,0.32
Case 277,14,3,1,Cable Head,2012-01-02 07:30:00,2012-01-09 13:29:00,6,6,4,5,37.6,22,1,0,7.249,4.348,12.533,2012-01-09,0.216
Case 28,61,250,1,Ballnut,2012-02-01 20:50:00,2012-03-15 01:00:00,8,8,16,6,215.3,1930,10,0,42.174,0.515,0.861,2012-03-15,0.213
Case 29,23,51,1,Cable Head,2012-02-14 21:24:00,2012-03-29 12:39:00,7,7,12,6,80.1,330,6,0,43.635,1.786,1.571,2012-03-29,0.076
Case 3,15,10,1,Cable Head,2012-01-29 07:24:00,2012-02-17 01:00:00,8,7,9,7,35.033,70,0,0,18.733,0.0,3.503,2012-02-17,0.078
Case 30,6,50,1,Cable Head,2012-02-29 07:00:00,2012-03-01 15:05:00,2,2,5,2,19.833,100,0,0,1.337,0.0,0.397,2012-03-01,0.618
Case 31,28,30,1,Cable Head,2012-02-07 06:50:00,2012-03-15 14:43:00,7,7,12,6,63.1,198,30,0,37.328,13.158,2.103,2012-03-15,0.07
Case 32,68,400,1,Housing,2012-01-24 11:52:00,2012-02-24 01:00:00,8,8,14,6,330.083,3123,11,0,30.547,0.351,0.825,2012-02-24,0.45
Case 33,18,30,1,Ballnut,2012-02-22 07:23:00,2012-03-16 09:04:00,8,8,8,7,28.017,231,2,0,23.07,0.858,0.934,2012-03-16,0.051
Case 34,21,20,1,Housing,2012-01-29 09:02:00,2012-02-22 01:00:00,8,7,9,7,48.683,140,0,0,23.665,0.0,2.434,2012-02-22,0.086
Case 35,16,15,1,Cable Head,2012-02-27 16:27:00,2012-03-27 10:30:00,7,7,10,6,56.733,95,1,0,28.752,1.042,3.782,2012-03-27,0.082
Case 36,23,20,1,Cable Head,2012-03-12 08:14:00,2012-03-30 11:45:00,7,6,10,7,55.767,91,0,0,18.147,0.0,2.788,2012-03-30,0.128
Case 37,21,36,1,Ballnut,2012-01-30 09:47:00,2012-02-22 01:00:00,10,9,11,9,67.9,286,11,0,22.634,3.704,1.886,2012-02-22,0.125
Case 38,25,53,1,Cable Head,2012-02-01 11:29:00,2012-03-28 11:51:00,9,8,11,8,68.383,367,2,0,56.015,0.542,1.29,2012-03-28,0.051
Case 39,13,10,1,Spur Gear,2012-02-13 07:39:00,2012-02-19 16:07:00,4,4,4,3,33.267,50,0,0,6.353,0.0,3.327,2012-02-19,0.218
Case 4,10,15,1,Cable Head,2012-03-14 01:58:00,2012-03-15 12:18:00,4,3,5,3,24.533,45,0,0,1.431,0.0,1.636,2012-03-15,0.715
Case 40,11,36,1,Spur Gear,2012-01-30 21:05:00,2012-02-14 11:53:00,6,6,7,5,20.983,216,0,0,14.617,0.0,0.583,2012-02-14,0.06
Case 41,13,20,1,Spur Gear,2012-01-25 07:30:00,2012-02-13 14:18:00,8,8,7,7,27.667,160,0,0,19.283,0.0,1.383,2012-02-13,0.06
Case 42,30,100,1,Spur Gear,2012-03-11 20:25:00,2012-03-18 01:00:00,9,8,9,8,78.85,762,3,0,6.191,0.392,0.788,2012-03-18,0.531
Case 43,11,26,1,Ballnut,2012-02-15 23:20:00,2012-02-21 01:00:00,6,6,5,5,14.55,156,0,0,5.069,0.0,0.56,2012-02-21,0.12
Case 44,40,198,1,Cast,2012-02-19 16:29:00,2012-03-16 01:00:00,6,6,10,5,137.1,1178,2,0,25.355,0.169,0.692,2012-03-16,0.225
Case 45,7,15,1,Spur Gear,2012-03-20 14:22:00,2012-03-28 08:08:00,3,3,4,3,18.067,25,5,0,7.74,16.667,1.204,2012-03-28,0.097
Case 46,11,10,1,Ballnut,2012-01-29 00:00:00,2012-02-03 01:00:00,6,6,6,5,19.817,60,0,0,5.042,0.0,1.982,2012-02-03,0.164
Case 47,13,10,1,Ballnut,2012-03-05 07:54:00,2012-03-22 01:00:00,8,8,6,7,20.433,70,0,0,16.712,0.0,2.043,2012-03-22,0.051
Case 48,31,30,1,Cable Head,2012-01-31 08:27:00,2012-03-08 13:42:00,10,9,11,8,110.717,233,1,0,37.219,0.427,3.691,2012-03-08,0.124
Case 49,11,7,1,Ballnut,2012-03-01 07:19:00,2012-03-16 08:33:00,8,7,7,7,18.25,42,1,0,15.051,2.326,2.607,2012-03-16,0.051
Case 5,2,15,1,Bearing,2012-03-30 06:17:00,2012-03-30 11:43:00,1,1,1,1,5.433,8,0,0,0.226,0.0,0.362,2012-03-30,1.0
Case 50,9,9,1,Ballnut,2012-03-02 11:35:00,2012-03-19 09:56:00,6,6,4,5,15.067,50,0,0,16.931,0.0,1.674,2012-03-19,0.037
Case 52,16,75,1,Ballnut,2012-02-09 05:09:00,2012-02-29 01:00:00,6,6,5,5,25.4,450,0,0,19.827,0.0,0.339,2012-02-29,0.053
Case 53,18,10,1,Wheel,2012-03-14 13:50:00,2012-03-25 01:00:00,7,7,6,6,26.867,82,1,0,10.465,1.205,2.687,2012-03-25,0.107
Case 54,16,24,1,Ballnut,2012-03-18 09:24:00,2012-03-22 09:30:00,7,7,6,6,28.633,150,3,0,4.004,1.961,1.193,2012-03-22,0.298
Case 55,18,70,1,Bearing,2012-02-09 14:27:00,2012-03-19 01:15:00,7,7,8,6,50.617,420,10,0,38.45,2.326,0.723,2012-03-19,0.055
Case 56,8,24,1,Spur Gear,2012-03-06 07:40:00,2012-03-08 12:19:00,6,6,5,5,10.583,144,0,0,2.194,0.0,0.441,2012-03-08,0.201
Case 58,7,28,1,Adjusting Nut,2012-02-09 10:49:00,2012-02-20 01:00:00,4,4,5,4,19.117,112,0,0,10.591,0.0,0.683,2012-02-20,0.075
Case 59,9,10,1,Ballnut,2012-03-18 09:47:00,2012-03-23 13:33:00,6,6,7,5,12.1,45,3,0,5.157,6.25,1.21,2012-03-23,0.098
Case 6,18,73,1,Bearing,2012-02-06 05:00:00,2012-02-27 01:15:00,6,6,6,5,42.967,435,1,0,20.844,0.229,0.589,2012-02-27,0.086
Case 60,13,15,1,Assembly 1,2012-03-15 22:23:00,2012-03-21 01:00:00,6,6,6,5,17.55,105,0,0,5.109,0.0,1.17,2012-03-21,0.143
Case 61,27,40,1,Socket,2012-02-16 11:47:00,2012-03-29 14:51:00,6,6,8,4,99.067,275,1,0,42.128,0.362,2.477,2012-03-29,0.098
Case 62,16,9,1,Ballnut,2012-02-19 13:27:00,2012-03-19 11:03:00,9,9,7,8,40.4,81,0,0,28.9,0.0,4.489,2012-03-19,0.058
Case 63,53,155,1,Cable Head,2012-02-08 05:34:00,2012-03-29 08:40:00,9,8,15,8,204.517,1039,6,0,50.129,0.574,1.319,2012-03-29,0.17
Case 64,8,260,1,Cable Head,2012-03-15 16:29:00,2012-03-19 06:10:00,1,1,3,1,40.5,209,0,0,3.57,0.0,0.156,2012-03-19,0.473
Case 65,6,500,1,Bearing,2012-03-22 07:00:00,2012-03-30 12:00:00,2,2,5,2,22.867,87,0,0,8.208,0.0,0.046,2012-03-30,0.116
Case 66,11,10,1,Ring,2012-02-19 10:18:00,2012-03-11 09:26:00,8,8,5,7,12.117,90,0,0,20.964,0.0,1.212,2012-03-11,0.024
Case 67,23,150,1,Cable Head,2012-02-02 19:46:00,2012-03-27 16:05:00,6,5,10,6,92.35,644,0,0,53.847,0.0,0.616,2012-03-27,0.071
Case 68,5,6,1,Spur Gear,2012-02-27 10:30:00,2012-02-29 14:30:00,4,3,4,4,7.517,18,0,0,2.167,0.0,1.253,2012-02-29,0.145
Case 69,3,5,1,Ballnut,2012-03-13 07:58:00,2012-03-20 10:58:00,3,3,3,3,7.983,15,0,0,7.125,0.0,1.597,2012-03-20,0.047
Case 7,13,8,1,Bearing,2012-03-11 11:48:00,2012-03-16 01:00:00,8,8,6,6,25.367,56,0,0,4.55,0.0,3.171,2012-03-16,0.232
Case 70,75,33,1,Spindle,2012-02-21 07:05:00,2012-03-30 07:40:00,6,5,9,5,366.05,350,8,0,38.024,2.235,11.092,2012-03-30,0.401
Case 71,7,39,1,Spur Gear,2012-03-15 10:03:00,2012-03-22 16:06:00,6,6,4,5,6.35,72,0,0,7.252,0.0,0.163,2012-03-22,0.036
Case 72,10,12,1,Spur Gear,2012-02-06 07:48:00,2012-02-14 12:39:00,6,6,5,5,15.233,72,0,0,8.202,0.0,1.269,2012-02-14,0.077
Case 73,20,50,1,Fastener,2012-02-08 06:56:00,2012-02-19 13:58:00,7,7,10,5,48.417,393,1,0,11.293,0.254,0.968,2012-02-19,0.179
Case 74,3,3,1,Ballnut,2012-01-31 00:00:00,2012-01-31 16:26:00,2,2,2,2,0.6,6,0,0,0.685,0.0,0.2,2012-01-31,0.037
Case 75,14,10,1,Ballnut,2012-02-02 09:16:00,2012-02-21 10:20:00,7,7,8,6,27.283,78,1,0,19.044,1.266,2.728,2012-02-21,0.06
Case 76,3,4,1,Ballnut,2012-02-19 12:00:00,2012-02-21 10:19:00,3,3,3,3,1.517,12,0,0,1.93,0.0,0.379,2012-02-21,0.033
Case 77,79,40,1,Gauge,2012-01-31 09:35:00,2012-02-22 08:40:00,13,11,14,11,324.583,572,2,1,21.962,0.348,8.115,2012-02-22,0.616
Case 78,48,230,1,Cable Head,2012-02-29 18:31:00,2012-03-30 12:46:00,5,5,14,5,162.983,989,8,0,29.76,0.802,0.709,2012-03-30,0.228
Case 79,6,112,1,Bearing,2012-03-12 17:00:00,2012-03-18 01:00:00,5,5,5,4,7.733,560,0,0,5.333,0.0,0.069,2012-03-18,0.06
Case 80,11,18,1,Cable Head,2012-03-06 20:21:00,2012-03-31 01:00:00,5,5,7,5,31.367,82,1,0,24.194,1.205,1.743,2012-03-31,0.054
Case 81,3,79,1,Bearing,2012-03-23 11:25:00,2012-03-26 16:08:00,1,1,1,1,16.833,0,0,0,3.197,,0.213,2012-03-26,0.219
Case 82,12,33,1,Cable Head,2012-03-07 09:11:00,2012-03-26 04:19:00,6,6,7,6,42.0,157,2,0,18.797,1.258,1.273,2012-03-26,0.093
Case 83,15,84,1,Housing,2012-03-13 00:00:00,2012-03-25 16:10:00,5,5,7,5,36.5,360,0,0,12.674,0.0,0.435,2012-03-25,0.12
Case 84,21,15,1,Piston,2012-02-23 10:44:00,2012-03-07 09:20:00,8,8,7,6,37.9,120,0,0,12.942,0.0,2.527,2012-03-07,0.122
Case 85,6,25,1,Ballnut,2012-03-21 07:21:00,2012-03-22 07:34:00,2,2,5,2,18.483,38,7,0,1.009,15.556,0.739,2012-03-22,0.763
Case 86,8,70,1,Ballnut,2012-03-25 04:03:00,2012-03-27 12:47:00,2,2,4,2,24.517,140,0,0,2.364,0.0,0.35,2012-03-27,0.432
Case 87,89,720,1,Adapter,2012-02-12 10:47:00,2012-03-20 13:34:00,7,7,15,6,385.233,5026,3,0,37.116,0.06,0.535,2012-03-20,0.432
Case 89,13,200,1,Drum,2012-02-23 13:27:00,2012-02-27 12:23:00,7,5,7,5,53.933,1000,0,0,3.956,0.0,0.27,2012-02-27,0.568
Case 9,12,20,1,Spur Gear,2012-01-30 14:38:00,2012-02-21 01:00:00,7,7,7,6,15.783,140,0,0,21.432,0.0,0.789,2012-02-21,0.031
Case 90,16,200,1,Drum,2012-02-23 07:05:00,2012-02-29 01:00:00,5,5,8,4,90.517,904,0,0,5.747,0.0,0.453,2012-02-29,0.656
Case 91,18,350,1,Hinge,2012-02-21 14:20:00,2012-02-28 01:15:00,5,5,9,4,48.583,1685,13,0,6.455,0.766,0.139,2012-02-28,0.314
Case 92,13,4,1,Ballnut,2012-02-13 04:32:00,2012-03-07 01:00:00,7,7,4,6,20.133,20,2,0,22.853,9.091,5.033,2012-03-07,0.037
Case 93,43,12,1,Tube,2012-02-15 07:21:00,2012-03-30 07:20:00,12,12,14,9,130.483,190,1,0,43.999,0.524,10.874,2012-03-30,0.124
Case 95,58,305,1,Punch Holder,2012-02-27 14:06:00,2012-03-30 01:00:00,8,8,15,7,240.333,2282,10,0,31.454,0.436,0.788,2012-03-30,0.318
Case 96,9,200,1,Ballnut,2012-03-18 12:00:00,2012-03-29 08:40:00,5,5,6,4,12.383,1000,0,0,10.861,0.0,0.062,2012-03-29,0.048
Case 97,12,100,1,Ballnut,2012-03-09 11:30:00,2012-03-22 08:40:00,6,6,5,5,9.95,600,0,0,12.882,0.0,0.099,2012-03-22,0.032
Case 98,4,330,1,Ballnut,2012-03-28 10:00:00,2012-03-29 09:30:00,2,2,3,2,4.55,320,0,0,0.979,0.0,0.014,2012-03-29,0.194
Case 99,9,507,1,Drill,2012-03-22 11:59:00,2012-03-30 01:00:00,5,5,4,4,11.533,800,0,0,7.542,0.0,0.023,2012-03-30,0.064
