date,cases_completed,rows_started,qty_ok_reported
2012-01-02,0,29,718
2012-01-03,0,45,593
2012-01-04,1,51,869
2012-01-05,3,52,911
2012-01-06,3,28,938
2012-01-07,0,5,91
2012-01-08,0,66,1322
2012-01-09,2,64,752
2012-01-10,0,71,1021
2012-01-11,1,63,917
2012-01-12,2,32,465
2012-01-13,1,21,471
2012-01-14,0,11,122
2012-01-15,4,55,653
2012-01-16,3,59,945
2012-01-17,1,64,1327
2012-01-18,4,67,1052
2012-01-19,2,60,787
2012-01-20,0,14,351
2012-01-21,0,6,108
2012-01-22,1,68,1090
2012-01-23,2,61,1511
2012-01-24,0,67,962
2012-01-25,2,59,1057
2012-01-26,0,53,455
2012-01-27,1,28,549
2012-01-28,0,8,80
2012-01-29,2,67,1372
2012-01-30,6,72,1013
2012-01-31,2,52,1010
2012-02-01,0,71,929
2012-02-02,1,60,1196
2012-02-03,3,22,832
2012-02-04,0,2,0
2012-02-05,1,57,853
2012-02-06,1,61,1696
2012-02-07,2,73,1425
2012-02-08,0,63,924
2012-02-09,2,59,652
2012-02-10,1,30,408
2012-02-11,0,10,36
2012-02-12,0,53,1127
2012-02-13,1,70,1033
2012-02-14,4,77,819
2012-02-15,2,62,1515
2012-02-16,2,79,2112
2012-02-17,6,36,1408
2012-02-18,0,8,74
2012-02-19,3,71,1351
2012-02-20,2,68,1825
2012-02-21,8,82,2009
2012-02-22,6,76,1606
2012-02-23,5,70,1461
2012-02-24,1,22,684
2012-02-25,0,12,25
2012-02-26,2,60,1592
2012-02-27,3,64,2893
2012-02-28,1,73,1800
2012-02-29,9,93,2361
2012-03-01,1,46,757
2012-03-02,0,16,261
2012-03-03,0,7,20
2012-03-04,0,48,527
2012-03-05,0,62,1541
2012-03-06,0,72,1655
2012-03-07,5,61,974
2012-03-08,4,64,1257
2012-03-09,2,32,691
2012-03-10,0,8,20
2012-03-11,2,56,1661
2012-03-12,1,74,1619
2012-03-13,1,74,2074
2012-03-14,3,80,2119
2012-03-15,6,54,1395
2012-03-16,5,39,549
2012-03-17,0,6,52
2012-03-18,3,56,1006
2012-03-19,4,55,838
2012-03-20,6,75,2037
2012-03-21,4,69,1261
2012-03-22,7,68,1040
2012-03-23,1,29,344
2012-03-24,0,13,155
2012-03-25,3,54,902
2012-03-26,7,65,1872
2012-03-27,3,67,1379
2012-03-28,9,83,2072
2012-03-29,12,78,2652
2012-03-30,25,50,1122
2012-03-31,2,0,38
