part,orders,woq_median,woq_p25,woq_p75,n_family_median
Ballnut,58,25.5,12.0,86.25,6.0
Cable Head,50,33.0,15.0,150.0,6.0
Spur Gear,26,24.0,16.25,80.25,6.5
Bearing,11,73.0,37.5,122.0,5.0
Housing,9,27.0,20.0,84.0,7.0
Plug,6,13.0,12.25,13.0,8.5
Piston,5,60.0,37.0,78.0,6.0
Gauge,4,25.0,8.75,40.0,4.0
Clamp,3,150.0,125.0,155.5,4.0
Punch Holder,3,350.0,327.5,350.0,8.0
Drill,3,507.0,416.0,553.5,6.0
Spring,3,72.0,72.0,86.0,1.0
Wheel Shaft,2,11.5,7.25,15.75,5.5
Socket,2,40.0,40.0,40.0,8.0
Tube,2,10.0,9.0,11.0,7.5
Flange,2,173.0,149.0,197.0,5.5
Adjusting Nut,2,40.0,34.0,46.0,5.0
Bushing,2,27.5,21.25,33.75,6.5
Fastener,2,181.5,115.75,247.25,7.0
Punch Plate,2,160.5,155.75,165.25,6.0
Ring,2,22.5,16.25,28.75,8.0
Spinner,2,76.5,64.75,88.25,5.5
Electrical Contact,2,185.0,117.5,252.5,6.0
Drum,2,200.0,200.0,200.0,5.0
O-Ring,2,17.0,13.0,21.0,5.5
Adapter,1,720.0,720.0,720.0,7.0
Assembly 1,1,15.0,15.0,15.0,6.0
Cast,1,198.0,198.0,198.0,6.0
Blade,1,16.0,16.0,16.0,7.0
Barrel,1,32.0,32.0,32.0,4.0
Hinge,1,350.0,350.0,350.0,5.0
Disc,1,36.0,36.0,36.0,6.0
Cylinder,1,40.0,40.0,40.0,1.0
Cutting Wheel,1,21.0,21.0,21.0,7.0
Compound Dies,1,18.0,18.0,18.0,9.0
Locknut,1,35.0,35.0,35.0,8.0
Locker,1,3.0,3.0,3.0,6.0
Flange Bolt,1,13.0,13.0,13.0,12.0
Seal Head,1,16.0,16.0,16.0,3.0
Slip Ring Adapter,1,80.0,80.0,80.0,7.0
Shim,1,60.0,60.0,60.0,6.0
Spindle,1,33.0,33.0,33.0,5.0
Wheel,1,10.0,10.0,10.0,7.0
