rank,cases,share_pct,route
1,10,4.4,Turning & Milling > Turning & Milling Q.C. > Laser Marking > Lapping > Round Grinding > Final Inspection Q.C. > Packing
2,10,4.4,Turning & Milling > Turning & Milling Q.C.
3,9,4.0,Turning & Milling
4,8,3.6,Turning & Milling > Turning & Milling Q.C. > Laser Marking > Lapping > Final Inspection Q.C. > Packing
5,6,2.7,Turning & Milling > Turning & Milling Q.C. > Laser Marking
6,4,1.8,Turning & Milling > Turning & Milling Q.C. > Laser Marking > Flat Grinding > Final Inspection Q.C. > Packing
7,4,1.8,Turning & Milling > Turning & Milling Q.C. > Laser Marking > Round Grinding > Final Inspection Q.C. > Packing
8,4,1.8,Packing > Final Inspection Q.C.
9,3,1.3,Turning & Milling > Turning & Milling Q.C. > Laser Marking > Flat Grinding > Lapping > Round Grinding > Final Inspection Q.C. > Packing
10,3,1.3,Turning & Milling Q.C.
