family,n,mean,p05,p10,p25,p50,p75,p90,p95,min,max,qty_median
Turning & Milling,738,30.42,6.02,8.09,13.4,20.52,30.81,61.17,95.17,0.02,405.0,14.0
Round Grinding,378,20.03,4.49,5.63,9.81,17.29,23.26,31.39,43.15,0.33,262.0,15.0
Final Inspection Q.C.,206,9.97,0.02,0.07,0.69,2.32,7.5,17.5,35.75,0.0,194.5,22.5
Lapping,204,5.64,0.14,0.8,1.38,2.9,6.02,12.17,18.13,0.02,74.0,24.0
Laser Marking,195,1.62,0.07,0.32,0.57,0.83,1.57,2.96,5.09,0.0,17.25,40.0
Turning & Milling Q.C.,192,6.07,0.01,0.04,0.55,2.43,6.67,16.13,20.74,0.0,120.0,26.5
Flat Grinding,80,5.19,0.09,0.57,1.22,2.82,5.56,10.96,13.37,0.01,54.4,23.0
Turning,64,24.17,2.72,5.88,9.73,20.25,31.17,47.64,67.45,0.04,112.0,13.5
Round Grinding - Manual,43,40.62,6.81,9.19,13.05,28.75,51.0,83.61,103.88,4.67,257.0,10.0
Turning Q.C.,29,3.88,0.1,0.14,0.78,1.96,4.0,10.78,18.05,0.03,20.33,24.0
Round Grinding - Q.C.,27,8.07,0.19,0.3,0.79,3.67,10.74,14.5,18.97,0.09,73.5,13.0
Turn & Mill. & Screw Assem,24,35.81,18.0,21.35,29.46,31.5,40.81,49.31,56.35,17.87,86.0,12.0
Wire Cut,20,12.53,9.41,9.94,10.6,11.12,13.75,17.63,18.1,9.0,20.0,35.0
