group,stop,size,median,sum
MATERIALS,RACK STARVATION,103,6.0,765.0
MATERIALS,MANUAL BRICK HANDLING,80,8.0,766.0
SETUPS-CHANGEOVERS,MATERIAL CHANGEOVER,67,18.0,1287.0
FAILURE,MECHANICAL FAILURE,35,14.0,818.0
FAILURE,OTHER FAILURE,35,9.0,334.0
OPERATIONAL,NO PRODUCTION SCHEDULE,34,41.0,2829.0
OPERATIONAL,CLEANING,34,10.0,425.0
MATERIALS,RACKS,33,6.0,258.0
FAILURE,AUTOMATION FAILURE,23,11.0,429.0
FAILURE,WIRE FAILURE,23,4.0,109.0
MATERIALS,EXTRUSION DEFECTS,12,8.5,84.0
MATERIALS,KILN CAR STARVATION,12,10.0,133.0
OPERATIONAL,OTHER,9,9.0,102.0
MATERIALS,MATERIAL STARVATION,8,4.5,38.0
OPERATIONAL,QUALITY CONTROL,7,5.0,35.0
