date,OEE,avail,perf,qual,good_s,slow_s,planned_s,ideal_qty,plan_stop_s,unplan_stop_s,good_qty,total_qty
2025-09-22,0.8254,0.8902,0.9272,0.9996,14604.0,1317.0,17884.0,38626.75,13111.0,668.0,35800.0,35815.0
2025-09-23,0.5891,0.6236,0.9447,0.9975,17398.0,1123.0,29700.0,27961.0,634.0,10545.0,26350.0,26416.0
2025-09-24,0.7498,0.7833,0.9572,0.9951,21036.0,1524.0,28800.0,22560.0,3234.0,3006.0,21490.0,21594.0
2025-09-25,0.6546,0.7179,0.9118,0.9933,15935.0,1511.0,24300.0,18438.5334,7713.0,4541.0,16700.0,16812.0
2025-09-26,0.7397,0.8096,0.926,0.9867,17342.0,1213.0,22920.0,25172.8,5981.0,3364.0,23000.0,23310.0
2025-09-29,0.6467,0.6717,0.9628,0.9967,18284.0,1284.0,29132.0,47931.8333,1285.0,8847.0,46000.0,46150.0
2025-09-30,0.4864,0.5234,0.9307,0.9985,12987.0,1052.0,26823.0,17568.7334,3683.0,11978.0,16327.0,16351.0
2025-10-02,0.7714,0.8898,0.8729,0.9932,21138.0,2893.0,27006.0,25633.0666,3562.0,2107.0,22222.0,22374.0
2025-10-03,0.3383,0.3708,0.9221,0.9896,9074.0,1026.0,27240.0,21619.3333,1887.0,15913.0,19727.0,19935.0
2025-10-06,0.7396,0.7848,0.9483,0.9938,21224.0,1089.0,28432.0,58083.3334,2205.0,5182.0,54740.0,55080.0
2025-10-07,0.9003,0.9238,0.9819,0.9925,24929.0,1171.0,28252.0,31851.0,3141.0,459.0,31040.0,31276.0
2025-10-08,0.8304,0.8908,0.9354,0.9966,18756.0,1445.0,22678.0,29791.1333,7353.0,1246.0,27771.0,27867.0
2025-10-09,0.4747,0.6019,0.8434,0.9352,14067.0,2870.0,28140.0,17199.3334,6637.0,6126.0,13566.0,14506.0
2025-10-10,0.7552,0.8009,0.9508,0.9918,21215.0,1131.0,27900.0,35352.7333,2943.0,2611.0,33336.0,33612.0
2025-10-13,0.5744,0.6293,0.93,0.9814,17419.0,1271.0,29700.0,49511.5,2748.0,8262.0,45189.0,46045.0
2025-10-14,0.379,0.4139,0.9157,0.9958,22240.0,2347.0,59400.0,37942.9334,3223.0,2526.0,34600.0,34745.0
2025-10-15,0.1408,0.1605,0.8838,0.9932,7536.0,1418.0,55800.0,14916.6334,2956.0,17568.0,13093.0,13183.0
2025-10-16,0.3428,0.3681,0.9314,0.9877,19411.0,1480.0,56760.0,22283.7334,3654.0,5625.0,20500.0,20754.0
2025-10-17,0.3737,0.3966,0.9526,0.9892,19606.0,1452.0,53100.0,33796.2668,3929.0,3459.0,31848.0,32195.0
2025-10-20,0.4213,0.4511,0.941,0.9927,23490.0,2500.0,57621.0,66535.9667,2555.0,2647.0,62154.0,62609.0
2025-10-21,0.3614,0.387,0.9377,0.9959,20356.0,1659.0,56882.0,51861.0668,3325.0,5156.0,48430.0,48631.0
2025-10-22,0.2177,0.2318,0.9393,0.9456,11567.0,959.0,54047.0,13544.7667,4824.0,11946.0,12030.0,12722.0
2025-10-23,0.3732,0.4094,0.9115,0.9955,20690.0,1883.0,55140.0,24077.8668,4850.0,2700.0,21850.0,21948.0
2025-10-24,0.3052,0.3586,0.8667,0.9822,16773.0,2955.0,55020.0,25558.5333,3760.0,5164.0,21758.0,22152.0
2025-10-27,0.4217,0.4472,0.943,0.9919,24385.0,1722.0,58380.0,68444.2667,1020.0,3307.0,64020.0,64540.0
2025-10-29,0.278,0.312,0.8911,0.9831,14308.0,2723.0,54589.0,34470.9,6164.0,7356.0,30200.0,30717.0
2025-10-30,0.3799,0.4153,0.9252,0.9886,21348.0,1827.0,55800.0,24720.0,3795.0,3179.0,22610.0,22870.0
2025-10-31,0.4838,0.5509,0.9176,0.9569,19049.0,2035.0,38269.0,19476.2334,3821.0,2995.0,17102.0,17872.0
2025-11-03,0.8187,0.8913,0.9411,0.9761,23402.0,1763.0,28235.0,64211.1666,2290.0,2245.0,58985.0,60430.0
2025-11-04,0.6196,0.6821,0.9386,0.9677,17713.0,1270.0,27829.0,48693.3334,3803.0,6914.0,44230.0,45705.0
2025-11-05,0.7643,0.8281,0.937,0.985,16329.0,1048.0,20984.0,27427.8666,8581.0,2842.0,25316.0,25701.0
2025-11-06,0.7305,0.7809,0.9385,0.9968,18252.0,1171.0,24874.0,20717.8666,6554.0,3723.0,19382.0,19444.0
2025-11-07,0.4629,0.5603,0.8697,0.95,11864.0,1684.0,24180.0,22454.8,5964.0,8388.0,18552.0,19528.0
2025-11-10,0.7055,0.7574,0.9494,0.9811,19602.0,1423.0,27760.0,53462.6667,2645.0,6030.0,49800.0,50760.0
2025-11-11,0.5366,0.574,0.9669,0.967,15756.0,912.0,29040.0,44448.0,660.0,12372.0,41555.0,42975.0
2025-11-12,0.5271,0.5791,0.9388,0.9696,13795.0,1048.0,25632.0,31220.8333,4533.0,9424.0,28421.0,29311.0
2025-11-13,0.5792,0.6383,0.9298,0.976,16594.0,1214.0,27900.0,18995.2,2936.0,8956.0,17238.0,17662.0
2025-11-14,0.6113,0.6865,0.9057,0.983,16683.0,1470.0,26441.0,21470.8001,2310.0,7437.0,19117.0,19447.0
2025-11-17,0.613,0.6729,0.9214,0.9887,17877.0,1487.0,28777.0,47056.3333,1761.0,8575.0,42870.0,43360.0
2025-11-18,0.6738,0.7731,0.8916,0.9776,19709.0,2131.0,28249.0,58240.0,1451.0,6409.0,50760.0,51925.0
2025-11-19,0.5388,0.6394,0.8761,0.962,14857.0,2022.0,26400.0,38563.1667,3199.0,8722.0,32500.0,33785.0
2025-11-20,0.679,0.7093,0.9613,0.9958,18545.0,904.0,27420.0,20943.6,2473.0,7778.0,20050.0,20134.0
2025-11-21,0.7276,0.8144,0.9224,0.9685,21407.0,1315.0,27900.0,17160.9667,3354.0,1824.0,15331.0,15829.0
2025-11-24,0.7905,0.8696,0.9215,0.9865,22525.0,2212.0,28447.0,61021.8334,2313.0,2650.0,55470.0,56230.0
2025-11-25,0.6944,0.7503,0.944,0.9805,20184.0,1428.0,28806.0,26276.4,4454.0,3634.0,24321.0,24804.0
2025-11-26,0.769,0.8161,0.9515,0.9904,17219.0,1202.0,22572.0,29423.8333,7258.0,3121.0,27727.0,27996.0
2025-11-27,0.7262,0.8226,0.8969,0.9842,18391.0,2239.0,25080.0,20630.0,7004.0,2066.0,18212.0,18504.0
2025-11-28,0.6054,0.6392,0.9566,0.9901,15853.0,1021.0,26400.0,24960.1667,2316.0,8710.0,23640.0,23876.0
2025-12-01,0.4622,0.5039,0.9312,0.985,13332.0,955.0,28353.0,35679.6666,2949.0,12464.0,32725.0,33225.0
2025-12-02,0.738,0.7497,0.9887,0.9956,18972.0,542.0,26029.0,38437.3334,5388.0,4798.0,37836.0,38002.0
2025-12-03,0.7736,0.8329,0.9376,0.9907,17315.0,1225.0,22260.0,32446.8999,8081.0,2179.0,30139.0,30421.0
2025-12-04,0.581,0.6244,1.0166,0.9153,11880.0,446.0,19740.0,12933.6,10736.0,6638.0,12034.0,13148.0
2025-12-05,0.736,0.7681,0.9766,0.9812,19254.0,996.0,26364.0,25672.6667,2621.0,5029.0,24601.0,25073.0
2025-12-08,0.5986,0.6294,0.9704,0.98,15658.0,972.0,26422.0,40802.6666,3975.0,9095.0,38805.0,39595.0
2025-12-09,0.7504,0.7472,1.0099,0.9946,19668.0,391.0,26847.0,29311.4667,3573.0,6068.0,29440.0,29601.0
2025-12-10,0.6901,0.7454,0.9364,0.9886,17450.0,1114.0,24904.0,39281.5,6010.0,4226.0,36364.0,36784.0
2025-12-11,0.5787,0.6024,0.9675,0.993,15502.0,888.0,27209.0,43706.6666,3166.0,10144.0,41990.0,42285.0
2025-12-12,0.6436,0.69,0.9415,0.9908,13910.0,1024.0,21645.0,39107.0,7362.0,5604.0,36480.0,36820.0
2025-12-15,0.7072,0.7688,0.9294,0.9896,19930.0,1405.0,27750.0,51896.3333,2703.0,5662.0,47734.0,48235.0
2025-12-16,0.592,0.7095,0.8606,0.9694,17682.0,2625.0,28620.0,54152.0,1758.0,7635.0,45180.0,46605.0
2025-12-17,0.5822,0.6418,0.9134,0.9931,16093.0,1378.0,27222.0,40736.8333,3371.0,7958.0,36955.0,37210.0
2025-12-18,0.4617,0.5973,0.7788,0.9924,3513.0,936.0,7448.0,11864.0,532.0,2999.0,9170.0,9240.0
