key,n,mean,p01,p05,p25,p50,p75,p95,p99,min,max,n_unique,update_dt_ms_median,update_dt_ms_p95
SpindleMotorTemp,669,34.49,28.2,28.3,28.7,34.8,38.9,41.1,41.3,28.2,41.4,133,1554.5,54622.0
ElectronicsTemp,651,40.14,28.0,30.0,36.0,42.0,45.0,46.0,47.0,27.0,48.0,22,10094.5,80719.4
AirPressure,29705,105.21,101.0,101.9,103.6,105.3,106.9,108.3,109.0,1.0,110.3,136,341.0,1287.0
DcVolt,82041,319.98,290.0,305.0,313.0,317.0,319.0,379.0,398.0,282.0,406.0,125,61.0,734.0
AcLine,727,102.98,99.0,100.0,101.0,103.0,105.0,106.0,107.0,98.0,107.0,10,491.0,104815.5
CoolantPressure,164,96.26,88.63,90.0,94.0,97.0,99.0,100.0,100.0,88.0,100.0,13,647.0,398675.8
SpindleLoadPct,7018,53.38,0.0,10.0,32.0,38.0,57.0,185.0,196.0,0.0,211.0,185,122.0,464.0
Sload,5768,50.32,0.0,11.0,32.0,36.0,52.0,155.0,197.0,0.0,202.0,182,156.0,464.0
Xload,3367,39.78,6.0,19.0,30.0,37.0,49.0,64.0,93.0,0.0,137.0,109,163.5,4689.3
Zload,3391,10.41,0.0,3.0,7.0,9.0,11.0,25.0,62.0,0.0,76.0,70,163.0,3194.8
Bload,364,13.8,0.0,1.0,8.0,11.0,16.0,28.85,62.0,0.0,135.0,39,188.0,129087.2
Cload,7,7.0,0.0,0.0,0.0,1.0,3.0,30.9,39.78,0.0,42.0,4,166.0,6769714.0
ToolLoad,43,52.56,34.72,44.0,44.0,54.0,56.0,72.0,72.58,28.0,73.0,7,56761.5,697784.2
CPU,14501,0.38,0.22,0.23,0.24,0.27,0.55,0.64,0.68,0.0,0.87,1323,1009.0,1110.0
CPUAverage,14415,0.38,0.22,0.23,0.24,0.27,0.56,0.63,0.67,0.18,0.79,7659,1010.0,1127.4
SpindleActualRPM,19319,6294227.5,0.0,0.0,99.0,3262606.0,14998335.0,14999766.0,15005992.0,0.0,15025767.0,5356,95.0,486.0
FeedRate,73,2108.55,0.0,0.0,762.0,1270.0,2540.0,7620.0,7620.0,0.0,7620.0,9,25982.5,499157.5
accelerometerX,84715,-15.78,-384.0,-320.0,-128.0,0.0,128.0,256.0,384.0,-1280.0,1024.0,30,154.0,334.0
accelerometerY,79351,-15.36,-256.0,-192.0,-64.0,0.0,64.0,192.0,256.0,-896.0,2048.0,30,154.0,336.0
accelerometerZ,90262,-15.38,-832.0,-640.0,-256.0,0.0,256.0,576.0,832.0,-4928.0,4352.0,89,153.0,240.0
ANALOG_AIR_PRESSURE,74286,2748.96,2645.0,2669.0,2710.0,2750.0,2790.0,2825.0,2842.0,2548.0,2873.0,326,153.0,517.0
SPINDLE_MOTOR_TEMPERATURE,1296,762.95,678.0,679.0,684.0,768.0,829.25,866.0,871.0,678.0,872.0,195,461.0,28617.1
HPU_1_HYDRAULIC_PRESSURE,14380,736.04,405.0,406.0,409.0,756.5,1065.0,1072.0,1078.0,403.0,1087.0,537,154.0,5299.3
CHIP_CONVEYOR_CURRENT,230105,9.95,8.0,9.0,9.0,10.0,11.0,11.0,12.0,1.0,13.0,8,60.0,182.0
COOLANT_LEVEL,833,3064.66,3035.32,3041.0,3053.0,3063.0,3073.0,3088.0,3089.0,3034.0,3090.0,57,1478.0,158830.3
AMBIENT_TEMPERATURE,433,24.57,24.0,24.0,24.0,25.0,25.0,25.0,26.0,24.0,26.0,3,137.5,109856.4
OIL_TEMP_HPU_1,396,808.63,740.0,745.0,763.0,800.5,858.0,885.0,889.0,740.0,890.0,151,16178.0,149112.0
NextSpindleLubeTime,20,9.25,1.19,1.95,5.75,10.5,13.0,15.0,15.0,1.0,15.0,15,147646.0,1613359.5
NextAxisLubeTime,20,287.5,278.19,278.95,282.75,287.5,292.25,296.05,296.81,278.0,297.0,20,204612.0,1621363.3
