key,group,n,p05,p50,p95,max
SpindleLoadPct,NOT_RUNNING,1220,2.0,36.0,148.1,204.0
SpindleLoadPct,RUNNING,5798,13.0,38.0,186.0,211.0
Sload,NOT_RUNNING,877,1.0,36.0,138.6,201.0
Sload,RUNNING,4891,14.0,37.0,157.0,202.0
Xload,NOT_RUNNING,619,22.0,37.0,50.0,67.0
Xload,RUNNING,2748,19.0,37.0,65.0,137.0
Zload,NOT_RUNNING,556,1.0,7.0,20.0,27.0
Zload,RUNNING,2835,3.0,9.0,28.0,76.0
ToolLoad,NOT_RUNNING,3,29.9,47.0,70.4,73.0
ToolLoad,RUNNING,40,44.0,54.0,72.0,72.0
SpindleActualRPM,NOT_RUNNING,8610,0.0,166.0,14983853.05,15022871.0
SpindleActualRPM,RUNNING,10709,33.0,14985284.0,15000166.0,15025767.0
FeedRate,NOT_RUNNING,24,0.0,0.0,2540.0,2540.0
FeedRate,RUNNING,49,762.0,2540.0,7620.0,7620.0
SpindleMotorTemp,NOT_RUNNING,359,28.2,34.8,41.2,41.4
SpindleMotorTemp,RUNNING,310,28.5,34.8,40.4,40.6
AirPressure,NOT_RUNNING,25333,101.9,105.3,108.3,110.3
AirPressure,RUNNING,4372,102.0,105.0,108.2,109.4
DcVolt,NOT_RUNNING,47996,313.0,317.0,322.0,405.0
DcVolt,RUNNING,34045,298.0,310.0,389.0,406.0
CPU,NOT_RUNNING,12312,0.22,0.25,0.64,0.86
CPU,RUNNING,2189,0.26,0.37,0.59,0.87
