start_s,dur_s
24105.145,1.9899999999979627
24116.026,1.9659999999967113
24209.561,0.7029999999977008
24447.666,1.8509999999987485
24672.289,1.91899999999805
24696.899,4.433999999997468
24705.591,4.703000000001339
24716.91,3.0060000000012224
24723.395,3.434000000001106
24728.449,6.971999999997934
24740.9,6.184999999997672
24750.107,1.6870000000017171
24758.465,3.7550000000010186
24765.488,7.194999999999709
24775.527,3.5680000000029395
24791.421,8.42500000000291
24813.696,5.773000000001048
24825.117,5.994000000002416
24838.96,2.834999999999127
24866.349,7.302999999999884
24890.329,4.993999999998778
24924.281,72.16300000000047
30484.289,7.708999999998923
31930.643,3.17699999999968
31934.499,1.9039999999986321
31939.463,2.0940000000009604
31945.728,190.72999999999956
32143.451,5.912000000000262
32179.268,5.74199999999837
32188.211,0.0319999999992433
32235.231,8.278999999998632
32300.684,247.80199999999968
32562.252,213.79200000000128
32781.071,73.37899999999354
33251.29,11.402000000001863
33290.336,9.682999999997264
33315.642,0.39699999999720603
33317.909,0.029999999998835847
33356.428,77.34799999999814
33456.666,15.864000000001397
33506.092,38.09300000000076
33706.024,42.0570000000007
33802.343,21.389999999999418
33925.561,21.99899999999616
34126.017,19.04099999999744
34208.095,3.7449999999953434
34220.798,282.5149999999994
34508.803,8.163999999997031
35021.531,467.4209999999948
35545.224,10.516999999999825
35610.452,12.179000000003725
35785.891,4.7739999999976135
35817.944,4.731999999996333
35864.268,7.707000000002154
35896.199,302.2350000000006
38590.931,1.0370000000039
