file,state,dur_s,next,start
Mazak01-,ACTIVE,5340.98,READY,2017-01-11 09:13:10.966000+00:00
Mazak01-,READY,82.299,ACTIVE,2017-01-11 10:42:11.946000+00:00
Mazak01-,ACTIVE,13.649,FEED_HOLD,2017-01-11 10:43:34.245000+00:00
Mazak01-,FEED_HOLD,6.319,ACTIVE,2017-01-11 10:43:47.894000+00:00
Mazak01-,ACTIVE,30.534,FEED_HOLD,2017-01-11 10:43:54.213000+00:00
Mazak01-,FEED_HOLD,1.032,ACTIVE,2017-01-11 10:44:24.747000+00:00
Mazak01-,ACTIVE,494.481,READY,2017-01-11 10:44:25.779000+00:00
Mazak01-,READY,79.003,ACTIVE,2017-01-11 10:52:40.260000+00:00
Mazak01-,ACTIVE,7.341,FEED_HOLD,2017-01-11 10:53:59.263000+00:00
Mazak01-,FEED_HOLD,4.266,ACTIVE,2017-01-11 10:54:06.604000+00:00
Mazak01-,ACTIVE,870.632,READY,2017-01-11 10:54:10.870000+00:00
Mazak01-,READY,36.072,STOPPED,2017-01-11 11:08:41.502000+00:00
Mazak01-,STOPPED,153.471,READY,2017-01-11 11:09:17.574000+00:00
Mazak01-,READY,3.154,ACTIVE,2017-01-11 11:11:51.045000+00:00
Mazak01-,ACTIVE,9.444,FEED_HOLD,2017-01-11 11:11:54.199000+00:00
Mazak01-,FEED_HOLD,2.103,ACTIVE,2017-01-11 11:12:03.643000+00:00
Mazak01-,ACTIVE,2.103,FEED_HOLD,2017-01-11 11:12:05.746000+00:00
Mazak01-,FEED_HOLD,1.061,ACTIVE,2017-01-11 11:12:07.849000+00:00
Mazak01-,ACTIVE,420.926,READY,2017-01-11 11:12:08.910000+00:00
Mazak01-,READY,124.228,ACTIVE,2017-01-11 11:19:09.836000+00:00
Mazak01-,ACTIVE,5.258,FEED_HOLD,2017-01-11 11:21:14.064000+00:00
Mazak01-,FEED_HOLD,2.103,ACTIVE,2017-01-11 11:21:19.322000+00:00
Mazak01-,ACTIVE,1.051,FEED_HOLD,2017-01-11 11:21:21.425000+00:00
Mazak01-,FEED_HOLD,2.083,ACTIVE,2017-01-11 11:21:22.476000+00:00
Mazak01-,ACTIVE,69.34,INTERRUPTED,2017-01-11 11:21:24.559000+00:00
Mazak01-,INTERRUPTED,4.206,ACTIVE,2017-01-11 11:22:33.899000+00:00
Mazak01-,ACTIVE,3.165,FEED_HOLD,2017-01-11 11:22:38.105000+00:00
Mazak01-,FEED_HOLD,5.247,ACTIVE,2017-01-11 11:22:41.270000+00:00
Mazak01-,ACTIVE,5.298,FEED_HOLD,2017-01-11 11:22:46.517000+00:00
Mazak01-,FEED_HOLD,3.154,ACTIVE,2017-01-11 11:22:51.815000+00:00
Mazak01-,ACTIVE,82.108,STOPPED,2017-01-11 11:22:54.969000+00:00
Mazak01-,STOPPED,70.101,READY,2017-01-11 11:24:17.077000+00:00
Mazak01-,READY,1.072,ACTIVE,2017-01-11 11:25:27.178000+00:00
Mazak01-,ACTIVE,6.279,FEED_HOLD,2017-01-11 11:25:28.250000+00:00
Mazak01-,FEED_HOLD,1.051,ACTIVE,2017-01-11 11:25:34.529000+00:00
Mazak01-,ACTIVE,1.052,FEED_HOLD,2017-01-11 11:25:35.580000+00:00
Mazak01-,FEED_HOLD,2.103,ACTIVE,2017-01-11 11:25:36.632000+00:00
Mazak01-,ACTIVE,126.422,READY,2017-01-11 11:25:38.735000+00:00
Mazak01-,READY,13.729,STOPPED,2017-01-11 11:27:45.157000+00:00
Mazak01-,STOPPED,841.831,READY,2017-01-11 11:27:58.886000+00:00
Mazak01-,READY,4.236,ACTIVE,2017-01-11 11:42:00.717000+00:00
Mazak01-,ACTIVE,7.401,READY,2017-01-11 11:42:04.953000+00:00
Mazak01-,READY,16.784,STOPPED,2017-01-11 11:42:12.354000+00:00
Mazak01-,STOPPED,93.855,READY,2017-01-11 11:42:29.138000+00:00
Mazak01-,READY,1.051,ACTIVE,2017-01-11 11:44:02.993000+00:00
Mazak01-,ACTIVE,14.701,FEED_HOLD,2017-01-11 11:44:04.044000+00:00
Mazak01-,FEED_HOLD,3.185,ACTIVE,2017-01-11 11:44:18.745000+00:00
Mazak01-,ACTIVE,1.051,FEED_HOLD,2017-01-11 11:44:21.930000+00:00
Mazak01-,FEED_HOLD,2.113,ACTIVE,2017-01-11 11:44:22.981000+00:00
Mazak01-,ACTIVE,152.63,READY,2017-01-11 11:44:25.094000+00:00
Mazak01-,READY,190.684,STOPPED,2017-01-11 11:46:57.724000+00:00
Mazak01-,STOPPED,174.962,READY,2017-01-11 11:50:08.408000+00:00
Mazak01-,READY,8.422,ACTIVE,2017-01-11 11:53:03.370000+00:00
Mazak01-,ACTIVE,165.227,READY,2017-01-11 11:53:11.792000+00:00
Mazak01-,READY,103.139,ACTIVE,2017-01-11 11:55:57.019000+00:00
Mazak01-,ACTIVE,358.595,STOPPED,2017-01-11 11:57:40.158000+00:00
Mazak01-,STOPPED,31.476,READY,2017-01-11 12:03:38.753000+00:00
Mazak01-,READY,4.186,ACTIVE,2017-01-11 12:04:10.229000+00:00
Mazak01-,ACTIVE,6041.827,READY,2017-01-11 12:04:14.415000+00:00
Mazak01-,READY,121.966,STOPPED,2017-01-11 13:44:56.242000+00:00
Mazak01-,STOPPED,3.525,READY,2017-01-11 13:46:58.208000+00:00
Mazak01-,READY,1.051,ACTIVE,2017-01-11 13:47:01.733000+00:00
Mazak01-,ACTIVE,5664.966,READY,2017-01-11 13:47:02.784000+00:00
Mazak01-,READY,24.255,ACTIVE,2017-01-11 15:21:27.750000+00:00
Mazak01-,ACTIVE,1076.378,FEED_HOLD,2017-01-11 15:21:52.005000+00:00
Mazak01-,FEED_HOLD,2.083,ACTIVE,2017-01-11 15:39:48.383000+00:00
Mazak01-,ACTIVE,512.547,READY,2017-01-11 15:39:50.466000+00:00
Mazak01-,READY,1.041,STOPPED,2017-01-11 15:48:23.013000+00:00
Mazak01-,STOPPED,7.371,READY,2017-01-11 15:48:24.054000+00:00
Mazak01-,READY,5.237,ACTIVE,2017-01-11 15:48:31.425000+00:00
Mazak01-,ACTIVE,8.382,READY,2017-01-11 15:48:36.662000+00:00
Mazak01-,READY,6.289,STOPPED,2017-01-11 15:48:45.044000+00:00
Mazak01-,STOPPED,69.45,READY,2017-01-11 15:48:51.333000+00:00
Mazak01-,READY,2.103,ACTIVE,2017-01-11 15:50:00.783000+00:00
Mazak01-,ACTIVE,4532.718,READY,2017-01-11 15:50:02.886000+00:00
Mazak01-,READY,1661.649,ACTIVE,2017-01-11 17:05:35.604000+00:00
Mazak01-,ACTIVE,8.412,READY,2017-01-11 17:33:17.253000+00:00
Mazak01-,READY,41.07,ACTIVE,2017-01-11 17:33:25.665000+00:00
Mazak01-,ACTIVE,15.932,FEED_HOLD,2017-01-11 17:34:06.735000+00:00
Mazak01-,FEED_HOLD,1.082,ACTIVE,2017-01-11 17:34:22.667000+00:00
Mazak01-,ACTIVE,807.02,READY,2017-01-11 17:34:23.749000+00:00
Mazak01-,READY,72.174,ACTIVE,2017-01-11 17:47:50.769000+00:00
Mazak01-,ACTIVE,538.985,READY,2017-01-11 17:49:02.943000+00:00
Mazak01-,READY,50.653,ACTIVE,2017-01-11 17:58:01.928000+00:00
Mazak01-,ACTIVE,6.319,FEED_HOLD,2017-01-11 17:58:52.581000+00:00
Mazak01-,FEED_HOLD,1.052,ACTIVE,2017-01-11 17:58:58.900000+00:00
Mazak01-,ACTIVE,871.653,READY,2017-01-11 17:58:59.952000+00:00
Mazak01-,READY,735.478,ACTIVE,2017-01-11 18:13:31.605000+00:00
Mazak01-,ACTIVE,9.433,FEED_HOLD,2017-01-11 18:25:47.083000+00:00
Mazak01-,FEED_HOLD,1.052,ACTIVE,2017-01-11 18:25:56.516000+00:00
Mazak01-,ACTIVE,422.006,READY,2017-01-11 18:25:57.568000+00:00
Mazak01-,READY,84.162,ACTIVE,2017-01-11 18:32:59.574000+00:00
Mazak01-,ACTIVE,170.885,READY,2017-01-11 18:34:23.736000+00:00
Mazak01-,READY,25.277,ACTIVE,2017-01-11 18:37:14.621000+00:00
Mazak01-,ACTIVE,133.672,READY,2017-01-11 18:37:39.898000+00:00
Mazak01-,READY,2.223,STOPPED,2017-01-11 18:39:53.570000+00:00
Mazak01-,STOPPED,6208.227,READY,2017-01-11 18:39:55.793000+00:00
Mazak01-,READY,2.143,ACTIVE,2017-01-11 20:23:24.020000+00:00
Mazak01-,ACTIVE,7.401,READY,2017-01-11 20:23:26.163000+00:00
Mazak03-,ACTIVE,8818.811,READY,2018-08-15 07:01:44.724000+00:00
Mazak03-,READY,4.747,STOPPED,2018-08-15 09:28:43.535000+00:00
Mazak03-,STOPPED,284.379,READY,2018-08-15 09:28:48.282000+00:00
Mazak03-,READY,11.757,ACTIVE,2018-08-15 09:33:32.661000+00:00
Mazak03-,ACTIVE,6.649,FEED_HOLD,2018-08-15 09:33:44.418000+00:00
Mazak03-,FEED_HOLD,4.456,ACTIVE,2018-08-15 09:33:51.067000+00:00
Mazak03-,ACTIVE,2.294,FEED_HOLD,2018-08-15 09:33:55.523000+00:00
Mazak03-,FEED_HOLD,7.751,ACTIVE,2018-08-15 09:33:57.817000+00:00
Mazak03-,ACTIVE,7492.914,READY,2018-08-15 09:34:05.568000+00:00
Mazak03-,READY,2.624,STOPPED,2018-08-15 11:38:58.482000+00:00
Mazak03-,STOPPED,431.4,READY,2018-08-15 11:39:01.106000+00:00
Mazak03-,READY,1.102,ACTIVE,2018-08-15 11:46:12.506000+00:00
Mazak03-,ACTIVE,1.312,FEED_HOLD,2018-08-15 11:46:13.608000+00:00
Mazak03-,FEED_HOLD,2.654,READY,2018-08-15 11:46:14.920000+00:00
Mazak03-,READY,1.111,ACTIVE,2018-08-15 11:46:17.574000+00:00
Mazak03-,ACTIVE,5.218,FEED_HOLD,2018-08-15 11:46:18.685000+00:00
Mazak03-,FEED_HOLD,1.372,READY,2018-08-15 11:46:23.903000+00:00
Mazak03-,READY,27.98,ACTIVE,2018-08-15 11:46:25.275000+00:00
Mazak03-,ACTIVE,1.302,FEED_HOLD,2018-08-15 11:46:53.255000+00:00
Mazak03-,FEED_HOLD,9.173,READY,2018-08-15 11:46:54.557000+00:00
Mazak03-,READY,326.419,STOPPED,2018-08-15 11:47:03.730000+00:00
Mazak03-,STOPPED,4.467,READY,2018-08-15 11:52:30.149000+00:00
Mazak03-,READY,3.335,ACTIVE,2018-08-15 11:52:34.616000+00:00
Mazak03-,ACTIVE,11.206,FEED_HOLD,2018-08-15 11:52:37.951000+00:00
Mazak03-,FEED_HOLD,6.639,ACTIVE,2018-08-15 11:52:49.157000+00:00
Mazak03-,ACTIVE,3.345,FEED_HOLD,2018-08-15 11:52:55.796000+00:00
Mazak03-,FEED_HOLD,7.881,READY,2018-08-15 11:52:59.141000+00:00
Mazak03-,READY,3.515,STOPPED,2018-08-15 11:53:07.022000+00:00
Mazak03-,STOPPED,43.223,READY,2018-08-15 11:53:10.537000+00:00
Mazak03-,READY,1.321,ACTIVE,2018-08-15 11:53:53.760000+00:00
Mazak03-,ACTIVE,10.005,FEED_HOLD,2018-08-15 11:53:55.081000+00:00
Mazak03-,FEED_HOLD,4.436,ACTIVE,2018-08-15 11:54:05.086000+00:00
Mazak03-,ACTIVE,1.112,FEED_HOLD,2018-08-15 11:54:09.522000+00:00
Mazak03-,FEED_HOLD,3.325,ACTIVE,2018-08-15 11:54:10.634000+00:00
Mazak03-,ACTIVE,4175.464,READY,2018-08-15 11:54:13.959000+00:00
Mazak03-,READY,5306.37,ACTIVE,2018-08-15 13:03:49.423000+00:00
Mazak03-,ACTIVE,5.548,FEED_HOLD,2018-08-15 14:32:15.793000+00:00
Mazak03-,FEED_HOLD,5.548,ACTIVE,2018-08-15 14:32:21.341000+00:00
Mazak03-,ACTIVE,1.111,FEED_HOLD,2018-08-15 14:32:26.889000+00:00
Mazak03-,FEED_HOLD,13.309,ACTIVE,2018-08-15 14:32:28+00:00
Mazak03-,ACTIVE,589.218,READY,2018-08-15 14:32:41.309000+00:00
Mazak03-,READY,28.23,STOPPED,2018-08-15 14:42:30.527000+00:00
Mazak03-,STOPPED,42.261,READY,2018-08-15 14:42:58.757000+00:00
Mazak03-,READY,4.877,ACTIVE,2018-08-15 14:43:41.018000+00:00
Mazak03-,ACTIVE,7.791,FEED_HOLD,2018-08-15 14:43:45.895000+00:00
Mazak03-,FEED_HOLD,43.383,READY,2018-08-15 14:43:53.686000+00:00
Mazak03-,READY,13.509,ACTIVE,2018-08-15 14:44:37.069000+00:00
Mazak03-,ACTIVE,11.106,FEED_HOLD,2018-08-15 14:44:50.578000+00:00
Mazak03-,FEED_HOLD,24.435,READY,2018-08-15 14:45:01.684000+00:00
Mazak03-,READY,1.122,STOPPED,2018-08-15 14:45:26.119000+00:00
Mazak03-,STOPPED,1557.529,READY,2018-08-15 14:45:27.241000+00:00
Mazak03-,READY,2.224,ACTIVE,2018-08-15 15:11:24.770000+00:00
Mazak03-,ACTIVE,1.101,FEED_HOLD,2018-08-15 15:11:26.994000+00:00
Mazak03-,FEED_HOLD,4.437,ACTIVE,2018-08-15 15:11:28.095000+00:00
Mazak03-,ACTIVE,10.114,FEED_HOLD,2018-08-15 15:11:32.532000+00:00
Mazak03-,FEED_HOLD,11.106,ACTIVE,2018-08-15 15:11:42.646000+00:00
Mazak03-,ACTIVE,1514.067,FEED_HOLD,2018-08-15 15:11:53.752000+00:00
Mazak03-,FEED_HOLD,15.573,READY,2018-08-15 15:37:07.819000+00:00
Mazak03-,READY,17.845,STOPPED,2018-08-15 15:37:23.392000+00:00
Mazak03-,STOPPED,37.935,READY,2018-08-15 15:37:41.237000+00:00
Mazak03-,READY,7.08,ACTIVE,2018-08-15 15:38:19.172000+00:00
Mazak03-,ACTIVE,4552.116,FEED_HOLD,2018-08-15 15:38:26.252000+00:00
Mazak03-,FEED_HOLD,34.439,ACTIVE,2018-08-15 16:54:18.368000+00:00
Mazak03-,ACTIVE,1514.358,READY,2018-08-15 16:54:52.807000+00:00
Mazak03-,READY,210.993,STOPPED,2018-08-15 17:20:07.165000+00:00
Mazak03-,STOPPED,2879.06,READY,2018-08-15 17:23:38.158000+00:00
Mazak03-,READY,2.263,ACTIVE,2018-08-15 18:11:37.218000+00:00
Mazak03-,ACTIVE,8.893,FEED_HOLD,2018-08-15 18:11:39.481000+00:00
Mazak03-,FEED_HOLD,2.223,READY,2018-08-15 18:11:48.374000+00:00
Mazak03-,READY,15.643,STOPPED,2018-08-15 18:11:50.597000+00:00
Mazak03-,STOPPED,2.273,READY,2018-08-15 18:12:06.240000+00:00
Mazak03-,READY,3.385,ACTIVE,2018-08-15 18:12:08.513000+00:00
Mazak03-,ACTIVE,6.679,FEED_HOLD,2018-08-15 18:12:11.898000+00:00
Mazak03-,FEED_HOLD,1.112,ACTIVE,2018-08-15 18:12:18.577000+00:00
Mazak03-,ACTIVE,7729.024,READY,2018-08-15 18:12:19.689000+00:00
