file,cond_key,level,code,text,start,dur_s,exec_state_at_start
Mazak01-,logic_cond,Warning,1251,MOVE INH.(C AXIS CLAMP),2017-01-11 11:09:17.574000+00:00,3.815,STOPPED
Mazak01-,logic_cond,Warning,1251,MOVE INH.(C AXIS CLAMP),2017-01-11 11:24:17.077000+00:00,2.684,STOPPED
Mazak01-,logic_cond,Warning,1251,MOVE INH.(C AXIS CLAMP),2017-01-11 11:27:58.886000+00:00,1.242,STOPPED
Mazak01-,logic_cond,Warning,1242,SP.INHIBIT(MILL CLAMP),2017-01-11 11:42:50.268000+00:00,3.755,STOPPED
Mazak01-,logic_cond,Warning,275,SPDL CANNOT ROT(SPECIAL TOOL),2017-01-11 13:46:54.452000+00:00,6.229,READY
Mazak01-,system_cond,Warning,406,MEMORY PROTECT,2017-01-11 11:41:48.349000+00:00,3.816,STOPPED
Mazak01-,system_cond,Warning,1101,INTERFERE,2017-01-11 11:43:02.406000+00:00,3.775,STOPPED
Mazak01-,system_cond,Warning,1101,INTERFERE,2017-01-11 11:51:52.668000+00:00,3.755,STOPPED
Mazak01-,system_cond,Warning,468,MAINTENANCE CHECK WARNING,2017-01-11 13:09:38.177000+00:00,2170.971,ACTIVE
Mazak01-,system_cond,Warning,405,PROGRAM No. NOT FOUND,2017-01-11 19:20:04.517000+00:00,3.765,STOPPED
Mazak03-,logic_cond,Warning,354,COND. ERR (SET UP SW),2018-08-15 09:33:39.360000+00:00,3.956,READY
Mazak03-,logic_cond,Warning,354,COND. ERR (SET UP SW),2018-08-15 14:43:42.140000+00:00,2.634,READY
Mazak03-,logic_cond,Warning,354,COND. ERR (SET UP SW),2018-08-15 15:38:20.283000+00:00,2.624,READY
Mazak03-,system_cond,Warning,401,ILLEGAL FORMAT,2018-08-15 09:32:48.217000+00:00,2.684,STOPPED
Mazak03-,system_cond,Warning,401,ILLEGAL FORMAT,2018-08-15 09:32:53.104000+00:00,1.302,STOPPED
Mazak03-,system_cond,Warning,401,ILLEGAL FORMAT,2018-08-15 09:32:59.964000+00:00,2.613,STOPPED
Mazak03-,system_cond,Warning,401,ILLEGAL FORMAT,2018-08-15 09:33:03.709000+00:00,6.68,STOPPED
Mazak03-,system_cond,Warning,406,MEMORY PROTECT,2018-08-15 11:47:12.703000+00:00,3.956,READY
Mazak03-,system_cond,Warning,146,NOT AUTO MODE,2018-08-15 11:53:18.409000+00:00,36.672,STOPPED
Mazak03-,motion_cond,Fault,809,ILLEGAL NUMBER INPUT,2018-08-15 07:01:44.724000+00:00,4934.707187,ACTIVE
Mazak03-,motion_cond,Fault,809,ILLEGAL NUMBER INPUT,2018-08-15 08:25:43.630000+00:00,3779.905,ACTIVE
Mazak03-,motion_cond,Fault,809,ILLEGAL NUMBER INPUT,2018-08-15 11:24:10.966000+00:00,889.028,ACTIVE
Mazak03-,motion_cond,Fault,811,ILLEGAL O/N NUMBER,2018-08-15 11:46:13.608000+00:00,3.966,ACTIVE
Mazak03-,motion_cond,Fault,811,ILLEGAL O/N NUMBER,2018-08-15 11:46:18.685000+00:00,6.59,ACTIVE
Mazak03-,motion_cond,Fault,811,ILLEGAL O/N NUMBER,2018-08-15 11:46:53.255000+00:00,10.475,ACTIVE
