No,rows,sec_at_100ms,n_Layer_2_Up,n_Layer_3_Up,n_Layer_1_Up,n_Layer_1_Down,n_Layer_3_Down,n_Layer_2_Down,n_Prep,n_Repositioning,n_end,n_Starting,n_End,material,feedrate,clamp_pressure,tool_condition,machining_finalized,passed_visual_inspection
1,1055,105.5,203.0,194.0,172,148.0,142.0,132.0,30,25.0,8.0,1.0,,wax,6,4.0,unworn,yes,yes
2,1668,166.8,143.0,144.0,212,232.0,134.0,204.0,174,400.0,,,25.0,wax,20,4.0,unworn,yes,yes
3,1521,152.1,131.0,210.0,230,167.0,98.0,236.0,81,259.0,,,109.0,wax,6,3.0,unworn,yes,yes
4,532,53.2,,,387,,,,105,,,,40.0,wax,6,2.5,unworn,no,
5,462,46.2,,,72,,,,10,,,,380.0,wax,20,3.0,unworn,no,
6,1296,129.6,229.0,126.0,224,161.0,178.0,118.0,74,156.0,,,30.0,wax,6,4.0,worn,yes,no
7,565,56.5,39.0,,195,93.0,,,51,166.0,,,21.0,wax,20,4.0,worn,no,
8,605,60.5,173.0,55.0,27,34.0,49.0,74.0,41,91.0,,,61.0,wax,20,4.0,worn,yes,no
9,740,74.0,98.0,89.0,105,109.0,121.0,103.0,11,73.0,,,31.0,wax,15,4.0,worn,yes,no
10,1301,130.1,233.0,151.0,181,132.0,130.0,167.0,50,96.0,,,161.0,wax,12,4.0,worn,yes,no
11,2314,231.4,499.0,213.0,405,156.0,157.0,179.0,90,323.0,,,292.0,wax,3,4.0,unworn,yes,yes
12,2276,227.60000000000002,213.0,223.0,346,245.0,251.0,236.0,43,523.0,,,196.0,wax,3,3.0,unworn,yes,yes
13,2233,223.3,197.0,274.0,342,272.0,228.0,253.0,150,348.0,,,169.0,wax,3,4.0,worn,yes,yes
14,2332,233.20000000000002,316.0,342.0,363,348.0,268.0,206.0,221,175.0,,,93.0,wax,3,3.0,worn,yes,yes
15,1381,138.1,70.0,267.0,138,53.0,70.0,171.0,245,135.0,,,232.0,wax,6,3.0,worn,yes,yes
16,602,60.2,,,69,144.0,,,122,3.0,,,264.0,wax,20,3.0,worn,no,
17,2150,215.0,259.0,182.0,244,201.0,189.0,253.0,216,323.0,,,283.0,wax,3,2.5,unworn,yes,yes
18,2253,225.3,301.0,324.0,373,160.0,339.0,196.0,81,281.0,,,198.0,wax,3,2.5,worn,yes,yes
