"cause_id","alarm","alarm_title_en","alarm_title_ko","evidence_level","cause_ko","action_ko","safety_in_source","source_file","source_doc","source_section","evidence_en","applies_vf2_ngc","note"
"C-992-01","992","AMPLIFIER OVER CURRENT","전류가 높은 증폭기","알람목록","모터 정지(stall), 짧은 시간의 높은 모터 부하, 무뎌지거나 부러진 공구로 무거운 절삭 진입","선행 축 알람으로 어느 축 앰프인지 확인 → 공구, 속도·이송 확인","알람 목록 설명 수준의 확인(작업자 가능 여부는 심각도 기준서 A3에서 결정)","haas_alarm_list_20250130_en_ko.csv","Haas NGC 알람 목록","Alarm 992","Entering a heavy cut with a dull or broken tool can cause this alarm.","Y",""
"C-992-02","992","AMPLIFIER OVER CURRENT","전류가 높은 증폭기","직접","축의 기계적 막힘(충돌 포함)","이송 경로에 공구·고정구·가공물이 간섭하지 않는지 확인 → 알람 이력 확인(과부하 알람 뒤 과전류 알람이면 충돌 신호) → 외함·주축·공구·고정구 손상 확인 → 충돌 징후가 없으면 볼스크류와 리니어 가이드가 손으로 자유롭게 움직이는지 점검","TSG 전기 안전 문단: 메인 차단기 OFF, 제어 캐비닛 작업 전 고전압 표시등이 최소 5분 꺼져 있어야 함(원문 Danger)","tsg_servo_amplifier_ngc.txt","Servo Amplifier - Troubleshooting Guide - NGC","증상표 Alarm 992 / Mechanical Blockage","Overload alarms followed by over current alarms are a sign of a crash.","Y","S1 시나리오(108→994→992)의 근거 문장"
"C-992-03","992","AMPLIFIER OVER CURRENT","전류가 높은 증폭기","공용 절","서보 모터 단락, 모터 파워 케이블 커넥터의 절삭유 오염","케이블 오염·눌림 확인 → 모터 쪽 파워 케이블 커넥터를 분리해 절삭유 오염 확인 → 핀 A·B·C와 섀시 접지 사이 저항 측정(개방이어야 정상, 아니면 서보 모터 불량)","TSG 전기 안전 문단: 메인 차단기 OFF, 제어 캐비닛 작업 전 고전압 표시등이 최소 5분 꺼져 있어야 함(원문 Danger)","tsg_servo_amplifier_ngc.txt","Servo Amplifier - Troubleshooting Guide - NGC","Servo Motor Short Circuit Inspection","Coolant contamination can cause this alarm and damage the amplifier.","Y","이 절은 증상표의 993 계열에서 쓰이는 절. 992와의 연결은 기획서 S1의 판단이므로 카드에는 '관련 점검'으로 표시"
"C-992-04","992","AMPLIFIER OVER CURRENT","전류가 높은 증폭기","공용 절","부품 프로그램의 부하 과다","이송을 낮춰 부하 감소 → 공구 손상 확인 → MDI로 해당 축 이동 시험(어떤 이송에서도 알람이면 서보 앰프 불량)","TSG 전기 안전 문단: 메인 차단기 OFF, 제어 캐비닛 작업 전 고전압 표시등이 최소 5분 꺼져 있어야 함(원문 Danger)","tsg_servo_amplifier_ngc.txt","Servo Amplifier - Troubleshooting Guide - NGC","Review the Part Program","Decrease the feeds to decrease the machine load.","Y",""
"C-994-01","994","AMPLIFIER OVERLOAD","증폭기 과부하","알람목록","높은 부하로 장시간 앰프 작동","프로그램의 속도·이송이 재료와 공구에 맞는지 확인 → 올바른 공구 사용 여부 → 무뎌지거나 부서진 공구 확인","알람 목록 설명 수준의 확인(작업자 가능 여부는 심각도 기준서 A3에서 결정)","haas_alarm_list_20250130_en_ko.csv","Haas NGC 알람 목록","Alarm 994","The Amplifier has sensed a high load for an extended period of time.","Y",""
"C-994-02","994","AMPLIFIER OVERLOAD","증폭기 과부하","직접","부적절한 가공 조건(Incorrect application)","속도를 변경하고 공구 손상 확인","TSG 전기 안전 문단: 메인 차단기 OFF, 제어 캐비닛 작업 전 고전압 표시등이 최소 5분 꺼져 있어야 함(원문 Danger)","tsg_servo_amplifier_ngc.txt","Servo Amplifier - Troubleshooting Guide - NGC","증상표 Alarm 994","Change speed and check for tool damage.","Y",""
"C-994-03","994","AMPLIFIER OVERLOAD","증폭기 과부하","직접","축의 기계적 막힘","막힘 제거(점검 절차는 992의 Mechanical Blockage와 동일)","TSG 전기 안전 문단: 메인 차단기 OFF, 제어 캐비닛 작업 전 고전압 표시등이 최소 5분 꺼져 있어야 함(원문 Danger)","tsg_servo_amplifier_ngc.txt","Servo Amplifier - Troubleshooting Guide - NGC","증상표 Alarm 994 / Mechanical Blockage","Remove Blockage.","Y",""
"C-991-01","991","AMPLIFIER OVER TEMPERATURE","온도가 초과한 증폭기","알람목록","축에 장시간 고부하, 높은 작업장 온도","앰프를 식힐 시간을 줌 → 프로그램을 조정해 축 부하 감소 → 모든 알람 삭제","알람 목록 설명 수준의 확인(작업자 가능 여부는 심각도 기준서 A3에서 결정)","haas_alarm_list_20250130_en_ko.csv","Haas NGC 알람 목록","Alarm 991","Allow time for the amplifier to cool.","Y",""
"C-991-02","991","AMPLIFIER OVER TEMPERATURE","온도가 초과한 증폭기","직접","앰프 냉각 팬 문제","서보 앰프 냉각 팬이 작동하는지 확인 → 불량이면 팬 케이블을 분리해 리드 사이 전압 측정(정상 120 VAC) → 전압이 정상이면 팬 불량","TSG 전기 안전 문단: 메인 차단기 OFF, 제어 캐비닛 작업 전 고전압 표시등이 최소 5분 꺼져 있어야 함(원문 Danger)","tsg_servo_amplifier_ngc.txt","Servo Amplifier - Troubleshooting Guide - NGC","증상표 Alarm 991 / Cooling Fan","Make sure the cooling fan for the servo amplifiers operates correctly.","Y","원문 참고값: Haas 기계의 안전 작동 최대 온도 50°C, 앰프 과온 센서는 90°C에서 작동"
"C-991-03","991","AMPLIFIER OVER TEMPERATURE","온도가 초과한 증폭기","직접","벡터 드라이브 냉각 팬 문제","벡터 드라이브 냉각 팬 점검","TSG 전기 안전 문단: 메인 차단기 OFF, 제어 캐비닛 작업 전 고전압 표시등이 최소 5분 꺼져 있어야 함(원문 Danger)","tsg_regen_vector_drive_ngc.txt","Regen Vector Drive - Troubleshooting Guide - NGC","증상표 Alarm 991","There is a problem with the vector drive cooling fan.","Y",""
"C-991-04","991","AMPLIFIER OVER TEMPERATURE","온도가 초과한 증폭기","직접","991과 993이 함께 발생 = 단락","벡터 드라이브 단락 점검(단자 분리 후 섀시·단자 간 저항 측정, O.L이 아니면 드라이브 손상)","TSG 전기 안전 문단: 메인 차단기 OFF, 제어 캐비닛 작업 전 고전압 표시등이 최소 5분 꺼져 있어야 함(원문 Danger)","tsg_regen_vector_drive_ngc.txt","Regen Vector Drive - Troubleshooting Guide - NGC","증상표 Alarm 991 and 993 / Short Circuit Inspection","Alarm 991 AMPLIFIER OVER TEMPERATURE and Alarm 993 SHORT CIRCUIT","Y",""
"C-991-05","991","AMPLIFIER OVER TEMPERATURE","온도가 초과한 증폭기","직접","전기 노이즈로 인한 오경보(60A 앰프 장착 NGC, Z축 3.991)","Z축 모터 파워 케이블에 페라이트 필터 설치 → 설치돼 있는데도 지속되면 60A 앰프 교체(최신 부품이 아닌 경우) → 최신 부품이면 앰프 과열, 서보 팬, 절삭 조건 확인 후 부품 교체","TSG 전기 안전 문단: 메인 차단기 OFF, 제어 캐비닛 작업 전 고전압 표시등이 최소 5분 꺼져 있어야 함(원문 Danger)","tsg_servo_amplifier_ngc.txt","Servo Amplifier - Troubleshooting Guide - NGC","증상표 Alarm 3.991 (60A servo amplifier)","Erroneous alarm generated by electrical noise.","조건부(60A 앰프)","VF-2의 앰프 용량은 미확인 → 가상 설비 마스터에서 정함"
"C-993-01","993","AMPLIFIER SHORT CIRCUIT","단락","직접","앰프가 단락 감지(케이블 오염·손상)","케이블의 오염·손상 확인","TSG 전기 안전 문단: 메인 차단기 OFF, 제어 캐비닛 작업 전 고전압 표시등이 최소 5분 꺼져 있어야 함(원문 Danger)","tsg_servo_amplifier_ngc.txt","Servo Amplifier - Troubleshooting Guide - NGC","증상표 Alarm 993","Check cables for contamination or damage.","Y",""
"C-993-02","993","AMPLIFIER SHORT CIRCUIT","단락","직접","앰프 내부 단락","앰프 단락 점검: 전원 OFF → 해당 축 서보 모터 케이블을 앰프에서 분리 → 멀티미터(가능하면 MΩ 범위)로 접지 나사 대비 RED·WHT·BLK·HV(+)·HV(-) 단자 저항 측정 → 모두 O.L이어야 정상, 아니면 앰프 손상. 단락이 발견되면 새 앰프를 달기 전에 케이블과 모터의 단락도 점검","TSG 전기 안전 문단: 메인 차단기 OFF, 제어 캐비닛 작업 전 고전압 표시등이 최소 5분 꺼져 있어야 함(원문 Danger)","tsg_servo_amplifier_ngc.txt","Servo Amplifier - Troubleshooting Guide - NGC","Amplifier Short Circuit Inspection","If the multimeter does not show (O.L) for each of these readings then the amplifier is damaged.","Y",""
"C-993-03","993","AMPLIFIER SHORT CIRCUIT","단락","직접","단자 체결 불량","모든 단자 연결이 조여 있고 고정됐는지 확인","TSG 전기 안전 문단: 메인 차단기 OFF, 제어 캐비닛 작업 전 고전압 표시등이 최소 5분 꺼져 있어야 함(원문 Danger)","tsg_servo_amplifier_ngc.txt","Servo Amplifier - Troubleshooting Guide - NGC","증상표 Alarm 993","Check that all terminal connections are tight and secure.","Y",""
"C-993-04","993","AMPLIFIER SHORT CIRCUIT","단락","직접","축 파워 케이블 불량","모터·앰프 쪽 커넥터의 헐거움·오염 확인 → 케이블 손상·경직 확인 → 케이블을 양쪽에서 분리해 선간(적·백·흑)과 접지(녹/황) 저항 측정(개방이어야 정상) → 간헐 단락이면 케이블이 가장 많이 꺾이는 위치로 축을 이동한 뒤 측정","TSG 전기 안전 문단: 메인 차단기 OFF, 제어 캐비닛 작업 전 고전압 표시등이 최소 5분 꺼져 있어야 함(원문 Danger)","tsg_sigma5_axis_servo_motor_cables_ngc.txt","Sigma 5/7 Axis Servo Motor and Cables - Troubleshooting Guide - NGC","증상표 Alarm 993 / Power Cable","Make sure the measurements result in an open connection.","Y",""
"C-993-05","993","AMPLIFIER SHORT CIRCUIT","단락","직접","서보 모터 불량","모터 쪽 커넥터 오염(절삭유) 확인 → 핀 A·B·C와 섀시 접지 사이 저항이 개방인지 확인 → 아니면 모터 불량 → 권선 저항을 원문 표의 값과 비교","TSG 전기 안전 문단: 메인 차단기 OFF, 제어 캐비닛 작업 전 고전압 표시등이 최소 5분 꺼져 있어야 함(원문 Danger)","tsg_sigma5_axis_servo_motor_cables_ngc.txt","Sigma 5/7 Axis Servo Motor and Cables - Troubleshooting Guide - NGC","증상표 Alarm 993 / Servo Motor","If the reading does not show an open ciruit, the motor is at fault","Y",""
"C-993-06","993","AMPLIFIER SHORT CIRCUIT","단락","공용 절","원인 부위 구분 시험(모터·케이블·앰프)","993 발생 시 축 파워 케이블을 모터에서 분리 → [RESET] 후 축 조그 → 103이 뜨면 모터 불량, 993이 다시 뜨면 케이블 또는 앰프 불량 → 케이블을 모터와 앰프 양쪽에서 분리하고 조그 → 993이면 앰프 불량, 103이면 케이블 불량","TSG 전기 안전 문단: 메인 차단기 OFF, 제어 캐비닛 작업 전 고전압 표시등이 최소 5분 꺼져 있어야 함(원문 Danger)","tsg_sigma5_axis_servo_motor_cables_ngc.txt","Sigma 5/7 Axis Servo Motor and Cables - Troubleshooting Guide - NGC","Power Cable 끝의 판정 차트","If Alarm 993 SHORT CIRCUIT generates then the amplifier is defective.","Y",""
"C-993-07","993","AMPLIFIER SHORT CIRCUIT","단락","직접","모터 출력(주축 쪽 벡터 드라이브) 단락","주축 모터 케이블의 오염·눌림 확인 → 벡터 드라이브 단자를 모두 분리하고 섀시 대비 단자 5(A)·6(B)·7(C) 저항 측정(O.L이 아니면 드라이브 손상)","TSG 전기 안전 문단: 메인 차단기 OFF, 제어 캐비닛 작업 전 고전압 표시등이 최소 5분 꺼져 있어야 함(원문 Danger)","tsg_regen_vector_drive_ngc.txt","Regen Vector Drive - Troubleshooting Guide - NGC","증상표 Alarm 993 / Short Circuit Inspection","There is a short circuit on the motor output.","Y",""
"C-103-01","103","AXIS SERVO ERROR TOO LARGE","축 서보 오류가 너무 큼","알람목록","칩, 프로그램 오류, 부적절한 이송·속도, 공구·홀더에 칩, 무뎌진 공구, 기계 충돌","기계에서 칩 제거 → 프로그램과 이송·속도 확인 → 공구·홀더 칩 확인 → 무뎌진 공구 확인 → 충돌 여부 확인","알람 목록 설명 수준의 확인(작업자 가능 여부는 심각도 기준서 A3에서 결정)","haas_alarm_list_20250130_en_ko.csv","Haas NGC 알람 목록","Alarm 103","Check for a machine crash.","Y",""
"C-103-02","103","AXIS SERVO ERROR TOO LARGE","축 서보 오류가 너무 큼","직접","엔코더 신호가 고전력 케이블 노이즈의 영향을 받음 또는 엔코더 불량","접지선 규격과 전기반까지의 배선 확인 → 다른 장비와 전원 공유 여부 확인 → 엔코더·접지·고전압 단자 체결 확인 → 엔코더·축 모터 파워 케이블에 페라이트 필터 설치 확인 → 엔코더 케이블을 고전력 케이블과 분리 배선","TSG 전기 안전 문단: 메인 차단기 OFF, 제어 캐비닛 작업 전 고전압 표시등이 최소 5분 꺼져 있어야 함(원문 Danger)","tsg_sigma5_axis_servo_motor_cables_ngc.txt","Sigma 5/7 Axis Servo Motor and Cables - Troubleshooting Guide - NGC","증상표 Alarm 103 / Serial Data Communication Faults","Electrical noise can cause the serial data signal from the encoder to become unreliable","Y",""
"C-103-03","103","AXIS SERVO ERROR TOO LARGE","축 서보 오류가 너무 큼","직접","축 모터 브레이크가 서보 활성화 때 풀리지 않음","I/O PCB의 P3·P4·P5 커넥터 재장착 → 적색·흑색 선 사이 전압 측정(비상정지 시 0V, [RESET] 후 20~30 VDC) → 모터 브레이크·파워 커넥터 오염 확인","TSG 전기 안전 문단: 메인 차단기 OFF, 제어 캐비닛 작업 전 고전압 표시등이 최소 5분 꺼져 있어야 함(원문 Danger)","tsg_sigma5_axis_servo_motor_cables_ngc.txt","Sigma 5/7 Axis Servo Motor and Cables - Troubleshooting Guide - NGC","증상표 Alarm 103 / Motor Brake","The voltage should be between 20-30 VDC.","Y",""
"C-103-04","103","AXIS SERVO ERROR TOO LARGE","축 서보 오류가 너무 큼","직접","볼스크류 손상","볼스크류·볼너트 손상 점검(볼스크류 TSG 참조)","원문: 전원 OFF 및 잠금(lock out). 카운터밸런스 장착 기계는 샤프트 스톱 블록으로, 브레이크 모터 기계는 목재로 주축 헤드를 지지","tsg_sigma5_axis_servo_motor_cables_ngc.txt","Sigma 5/7 Axis Servo Motor and Cables - Troubleshooting Guide - NGC","증상표 Alarm 103","The axis ballscrew is damaged.","Y",""
"C-103-05","103","AXIS SERVO ERROR TOO LARGE","축 서보 오류가 너무 큼","직접","충돌로 볼스크류 모터 커플링 정렬이 틀어짐","먼저 파워 케이블 불량을 배제 → 커플러 정렬 확인, 필요 시 재정렬(모터를 분리하면 그리드 오프셋과 작업 좌표를 다시 설정해야 함)","원문: 전원 OFF 및 잠금(lock out). 카운터밸런스 장착 기계는 샤프트 스톱 블록으로, 브레이크 모터 기계는 목재로 주축 헤드를 지지","tsg_ballscrew.txt","Ballscrew - Troubleshooting Guide","증상표 Alarm 103 / Coupler","If the machine has been crashed the coupler may have moved out of alignment.","Y","정비원 작업 수준(분해·재정렬)"
"C-103-06","103","AXIS SERVO ERROR TOO LARGE","축 서보 오류가 너무 큼","직접","볼스크류 이송 거칠고 소음: 윤활 부족, 볼너트 손상, 지지 베어링 손상","볼스크류 표면에 윤활 피막이 있는지 확인(없으면 윤활 계통 누설·막힘 점검) → 볼너트를 손으로 돌려 저항 확인 → 볼스크류를 손으로 돌려 지지 베어링 저항 확인","원문: 전원 OFF 및 잠금(lock out). 카운터밸런스 장착 기계는 샤프트 스톱 블록으로, 브레이크 모터 기계는 목재로 주축 헤드를 지지","tsg_ballscrew.txt","Ballscrew - Troubleshooting Guide","증상표 Alarm 103~105 / Lubrication, Ballscrew/Ballnut","Make sure there is a light coat of oil or grease on the surface of the ballscrew.","Y",""
"C-103-07","103","AXIS SERVO ERROR TOO LARGE","축 서보 오류가 너무 큼","직접","원점 복귀 중 103 발생, 축이 반대 방향으로 원점 복귀","축 홈 스위치 위에 금속 칩이 없는지 확인","해당 TSG에 안전 문단 없음 → 적용 여부는 안전 매트릭스(A6)에서 결정","tsg_sigma5_axis_servo_motor_cables_ngc.txt","Sigma 5/7 Axis Servo Motor and Cables - Troubleshooting Guide - NGC","증상표 Alarm 103 (zero return)","Check the axis home switch to make sure there are no metal chips on top of the sensor.","Y",""
"C-108-01","108","AXIS SERVO OVERLOAD","축 서보 과부하","알람목록","모터 부하가 수 초~수 분 동안 100% 초과","이송·속도를 조정해 축 부하 감소 → 무뎌지거나 부서진 공구 확인","알람 목록 설명 수준의 확인(작업자 가능 여부는 심각도 기준서 A3에서 결정)","haas_alarm_list_20250130_en_ko.csv","Haas NGC 알람 목록","Alarm 108","Check for dull or broken tools.","Y",""
"C-108-02","108","AXIS SERVO OVERLOAD","축 서보 과부하","직접","볼스크류 정렬 불량","볼스크류 정렬 절차: 축 조그로 서보 부하가 전 행정에서 일정한지 확인 → 일정하지 않으면 너트 하우징·볼스크류·베어링 지지 볼트를 풀었다가 가볍게 조이고 왕복 조그 후 베어링 지지 쪽에서 규정 토크로 조임","원문: 전원 OFF 및 잠금(lock out). 카운터밸런스 장착 기계는 샤프트 스톱 블록으로, 브레이크 모터 기계는 목재로 주축 헤드를 지지","tsg_ballscrew.txt","Ballscrew - Troubleshooting Guide","증상표 Alarm 108 / Ballscrew Alignment","A properly aligned Ball Screw will exhibit consistent servo loads throughout its travel.","Y","정비원 작업 수준"
"C-108-03","108","AXIS SERVO OVERLOAD","축 서보 과부하","직접","절삭 공구가 무뎌졌거나 손상","새 공구 또는 새 인서트로 교체","해당 TSG에 안전 문단 없음 → 적용 여부는 안전 매트릭스(A6)에서 결정","tsg_ballscrew.txt","Ballscrew - Troubleshooting Guide","증상표 Alarm 108","The cutting tool is not sharp or is damaged.","Y",""
"C-966-01","966","EXCESSIVE TOOL IMBALANCE","과도한 공구 불균형","알람목록","진동 센서가 과도한 진동 감지, 모든 기계 운동 정지","구부러졌거나 손상된 공구 확인 → 손상·불균형 공구 사용 금지 → 원인 해결 후 정상 작업 재개","알람 목록 설명 수준의 확인(작업자 가능 여부는 심각도 기준서 A3에서 결정)","haas_alarm_list_20250130_en_ko.csv","Haas NGC 알람 목록","Alarm 966","Never use damaged or imbalanced tools.","Y",""
"C-966-02","966","EXCESSIVE TOOL IMBALANCE","과도한 공구 불균형","직접","공구 불균형","공구 홀더에 공구를 장착한 상태로 균형을 맞춤 → 균형이 안 맞으면 균형 가능한 조립체로 교체","해당 TSG에 안전 문단 없음 → 적용 여부는 안전 매트릭스(A6)에서 결정","tsg_mill_spindle.txt","Mill Spindle - Troubleshooting Guide","증상표 Alarm 966","Balance the tool holder with the cutting tool in it.","Y",""
"C-966-03","966","EXCESSIVE TOOL IMBALANCE","과도한 공구 불균형","직접","공구·홀더가 용도에 비해 너무 긺","가능한 한 짧은 공구 사용(공구 돌출 길이는 직경의 3배를 넘지 않게)","해당 TSG에 안전 문단 없음 → 적용 여부는 안전 매트릭스(A6)에서 결정","tsg_mill_spindle.txt","Mill Spindle - Troubleshooting Guide","증상표 Alarm 966","Always use the shortest tool possible","Y",""
"C-966-04","966","EXCESSIVE TOOL IMBALANCE","과도한 공구 불균형","직접","엔드밀 런아웃 과다","다이얼 인디케이터를 공구에 대고 주축을 손으로 돌려 런아웃 확인(허용 0.076mm 이하)","해당 TSG에 안전 문단 없음 → 적용 여부는 안전 매트릭스(A6)에서 결정","tsg_mill_spindle.txt","Mill Spindle - Troubleshooting Guide","증상표 Alarm 966","Tool runout should not exceed 0.0003","Y",""
"C-966-05","966","EXCESSIVE TOOL IMBALANCE","과도한 공구 불균형","직접","드로바 클램프 힘 부정확","드로바 클램프 힘 측정(드로바 TSG 참조)","해당 TSG에 안전 문단 없음 → 적용 여부는 안전 매트릭스(A6)에서 결정","tsg_mill_spindle.txt","Mill Spindle - Troubleshooting Guide","증상표 Alarm 966 / Drawbar Force","Make sure the drawbar clamp force is correct.","Y",""
"C-966-06","966","EXCESSIVE TOOL IMBALANCE","과도한 공구 불균형","직접","고정구가 부품을 충분히 지지하지 못함","절삭 부하 또는 프로그램 조정, 고정 강화","해당 TSG에 안전 문단 없음 → 적용 여부는 안전 매트릭스(A6)에서 결정","tsg_mill_spindle.txt","Mill Spindle - Troubleshooting Guide","증상표 Alarm 966 / Workholding","Stiffen the workholding if possible.","Y",""
"C-966-07","966","EXCESSIVE TOOL IMBALANCE","과도한 공구 불균형","직접","주축 구동벨트 또는 엔코더 풀리·벨트 마모·손상","구동벨트(헤진 곳, 늘어남, 끊김, 이 빠짐)와 엔코더 풀리·벨트 점검","원문: 전원 OFF 후 잠금·표지(lock and tag out) 하고 주축 헤드 커버 제거, 공기 공급 분리","tsg_mill_spindle.txt","Mill Spindle - Troubleshooting Guide","증상표 Alarm 966 / Drive Belt","Power off, lock and tag out machine.","Y","주축 헤드 커버 분리가 필요한 정비원 작업"
"C-966-08","966","EXCESSIVE TOOL IMBALANCE","과도한 공구 불균형","직접","메인 프로세서 PCB 스탠드오프 또는 제어 캐비닛 장착 볼트 풀림","스탠드오프 볼트를 조임 → 제어 캐비닛 장착 볼트를 풀었다가 가볍게 조이고 규정 토크로 조임","TSG 전기 안전 문단: 메인 차단기 OFF, 제어 캐비닛 작업 전 고전압 표시등이 최소 5분 꺼져 있어야 함(원문 Danger)","tsg_mill_spindle.txt","Mill Spindle - Troubleshooting Guide","증상표 Alarm 966","Tighten the Main Processor PCB standoff hardware.","Y",""
"C-966-09","966","EXCESSIVE TOOL IMBALANCE","과도한 공구 불균형","직접","주축 베어링 손상 또는 주축 불균형","진동 분석 수행, 주축 균형은 Haas 공인 대리점(HFO)에 문의","해당 TSG에 안전 문단 없음 → 적용 여부는 안전 매트릭스(A6)에서 결정","tsg_mill_spindle.txt","Mill Spindle - Troubleshooting Guide","증상표 Alarm 966 / Bearings, Balance","Contact your HFO to balance the spindle.","Y","작업자·보전 담당 범위 밖(외부 업체)"
"C-966-10","966","EXCESSIVE TOOL IMBALANCE","과도한 공구 불균형","직접","가속도계 민감도 설정(Setting 245)","민감도를 Normal/Low/Off로 바꿀 수 있음(Low는 파라미터 856의 1.5배, Off면 966이 발생하지 않음). 전원을 다시 켜면 설정이 유지되지 않음","해당 TSG에 안전 문단 없음 → 적용 여부는 안전 매트릭스(A6)에서 결정","tsg_analog_sensors_ngc.txt","Analog Sensors - Troubleshooting Guide - NGC","증상표 ALARM 966","Setting 245 = Off: Alarm 966 will not be thrown.","Y","안전 기능을 끄는 항목이므로 카드에 노출할지는 팀 결정(기본: 노출 안 함)"
"C-174-01","174","TOOL LOAD EXCEEDED","공구 부하가 초과됨","알람목록","이송 중 공구 부하가 사용자 정의 한계 초과","ATM(고급 공구 관리) 탭에서 공구 부하 한계가 올바른지 확인 → 공구 마모 검사, 필요하면 교체 → 프로그램 오류 확인","알람 목록 설명 수준의 확인(작업자 가능 여부는 심각도 기준서 A3에서 결정)","haas_alarm_list_20250130_en_ko.csv","Haas NGC 알람 목록","Alarm 174","Inspect the tool for wear. Replace it if necessary.","Y",""
"C-174-02","174","TOOL LOAD EXCEEDED","공구 부하가 초과됨","직접","공구 부하 한계 설정 부정확","ATM 탭에서 사용자 정의 공구 부하 한계 조정","해당 TSG에 안전 문단 없음 → 적용 여부는 안전 매트릭스(A6)에서 결정","tsg_mill_spindle.txt","Mill Spindle - Troubleshooting Guide","증상표 Alarm 174","adjust user defined tool load limit","Y",""
"C-174-03","174","TOOL LOAD EXCEEDED","공구 부하가 초과됨","직접","과격한 이송 속도","프로그램을 더 보수적인 이송으로 조정","해당 TSG에 안전 문단 없음 → 적용 여부는 안전 매트릭스(A6)에서 결정","tsg_mill_spindle.txt","Mill Spindle - Troubleshooting Guide","증상표 Alarm 174","Adjust your program for a more conservative feedrate","Y",""
"C-174-04","174","TOOL LOAD EXCEEDED","공구 부하가 초과됨","직접","표면 거침과 함께 발생: 베어링 프리로드 부정확","Spindle Deflection Test로 프리로드 확인. 주축 점검 리포트의 다른 항목을 모두 한 뒤에만 수행","해당 TSG에 안전 문단 없음 → 적용 여부는 안전 매트릭스(A6)에서 결정","tsg_mill_spindle.txt","Mill Spindle - Troubleshooting Guide","증상표 Alarm 174","Only perform this procedure AFTER all other troubleshooting steps","Y","정비원·HFO 수준"
"C-174-05","174","TOOL LOAD EXCEEDED","공구 부하가 초과됨","직접","주축 회전수 상승 중 오경보(소프트웨어 구버전)","소프트웨어를 최신으로 업데이트(HFO에 문의)","해당 TSG에 안전 문단 없음 → 적용 여부는 안전 매트릭스(A6)에서 결정","tsg_ngc_software.txt","NGC Software - Troubleshooting Guide","증상표 Alarm 174 (TP#43268)","TOOL LOAD EXCEEDED generated erronously when tool RPM","Y",""
"C-254-01","254","SPINDLE MOTOR OVERHEAT","스핀들 모터 과열","알람목록","100% 초과 부하로 장시간 주축 운전, 고속에서 짧게 여러 번 시작·정지","프로그램을 조정해 평균 부하·부하 주기 낮춤 → 무뎌지거나 손상된 공구 확인","알람 목록 설명 수준의 확인(작업자 가능 여부는 심각도 기준서 A3에서 결정)","haas_alarm_list_20250130_en_ko.csv","Haas NGC 알람 목록","Alarm 254","Adjust your program to lower the average load or duty cycle","Y",""
"C-254-02","254","SPINDLE MOTOR OVERHEAT","스핀들 모터 과열","직접","과격한 가공 조건","프로그램 조정(이송 감소, 주축 회전수 조정), 무뎌진 공구 확인","벡터 드라이브 점검 시 전압 표시등 LED가 완전히 꺼질 때까지 대기(원문 경고). 별도 '전기 안전' 문단은 없음","tsg_spindle_motor_30t_40t_ngc.txt","30T/40T Spindle Motor - Troubleshooting Guide - NGC","증상표 Alarm 4.254 / Program/Application","Reduce the axis feed rate, or adjust the spindle rpm in the program.","Y",""
"C-254-03","254","SPINDLE MOTOR OVERHEAT","스핀들 모터 과열","직접","주축 팬 불량","주축 외함 위쪽으로 공기가 나가는지 확인 → MDI에서 S50 M03 실행 후 I/O PCB P32의 검정·빨강 선 사이 전압 측정(정상 120 VAC) → 전압이 없으면 I/O PCB 불량","벡터 드라이브 점검 시 전압 표시등 LED가 완전히 꺼질 때까지 대기(원문 경고). 별도 '전기 안전' 문단은 없음","tsg_spindle_motor_30t_40t_ngc.txt","30T/40T Spindle Motor - Troubleshooting Guide - NGC","증상표 Alarm 4.254 / Spindle Fan","The voltage should be 120 VAC.","Y",""
"C-254-04","254","SPINDLE MOTOR OVERHEAT","스핀들 모터 과열","직접","주축 헤드 입력 케이블에 페라이트 필터 없음(전기 노이즈로 잘못된 온도 피드백)","I/O PCB P39 연결부 케이블에 페라이트 필터가 있는지 확인, 없으면 설치. 센서 값은 DIAGNOSTIC > I/O의 아날로그 입력 #9에서 확인","벡터 드라이브 점검 시 전압 표시등 LED가 완전히 꺼질 때까지 대기(원문 경고). 별도 '전기 안전' 문단은 없음","tsg_spindle_motor_30t_40t_ngc.txt","30T/40T Spindle Motor - Troubleshooting Guide - NGC","Spindle Motor Overheat","Make sure the cable has a ferrite filter installed at connection P39 on the I/O PCB.","Y",""
"C-254-05","254","SPINDLE MOTOR OVERHEAT","스핀들 모터 과열","직접","주축 모터 온도 센서 값이 요동(주변 전기 노이즈)","모터 리프트 브래킷과 주축 열 차폐 사이에 접지선 추가(Haas 서비스 뉴스 HSG-N 08-23-2024 참조)","해당 TSG에 안전 문단 없음 → 적용 여부는 안전 매트릭스(A6)에서 결정","tsg_analog_sensors_ngc.txt","Analog Sensors - Troubleshooting Guide - NGC","증상표 Spindle motor temperature sensor fluctuating","A ground wire should added from the motor lift bracket to the spindle heat shield.","Y",""
"C-2073-01","2073","AXIS LUBRICATION PRESSURE NOT DETECTED","축 윤활 압력이 감지 불능","알람목록","축 윤활 압력이 감지되지 않음(스위치 문제 가능)","윤활유 저장소 확인","알람 목록 설명 수준의 확인(작업자 가능 여부는 심각도 기준서 A3에서 결정)","haas_alarm_list_20250130_en_ko.csv","Haas NGC 알람 목록","Alarm 2073","This might be a switch problem. Check the lubricant reservoir.","Y",""
"C-2073-02","2073","AXIS LUBRICATION PRESSURE NOT DETECTED","축 윤활 압력이 감지 불능","직접","솔레노이드가 HALO 시스템에 공기를 공급하지 않음","축 윤활 테스트 중 솔레노이드 전압 120 VAC 확인(솔레노이드를 분리한 채 측정 금지) → 커넥터 위치, 느슨하거나 끊어진 배선, I/O 보드 연결 확인","해당 TSG에 안전 문단 없음 → 적용 여부는 안전 매트릭스(A6)에서 결정","tsg_haas_axis_lubrication_oil.txt","Haas Axis Lubrication Oil - Troubleshooting Guide","증상표 Alarm 2073 / Solenoid Troubleshooting","Solenoid not supplying air to HALO system.","Y","발생 조건: 솔레노이드 ON 후 3초 안에 압력이 감지되지 않는 윤활 주기가 5회 연속이면 발생. 프로그램 실행 중에는 발생하지 않고 종료 또는 [RESET] 때 발생"
"C-2073-03","2073","AXIS LUBRICATION PRESSURE NOT DETECTED","축 윤활 압력이 감지 불능","직접","압력 스위치가 상태를 바꾸지 않음","스위치 케이블을 분리해 점퍼로 연결했을 때 입력이 1→0으로 바뀌는지 확인 → I/O 보드~스위치 도통 확인 → 윤활 주기 중 스위치 단자 저항이 OL→값→OL로 변하면 정상. NGC 소프트웨어는 100.16.000.1020 이상이어야 함","해당 TSG에 안전 문단 없음 → 적용 여부는 안전 매트릭스(A6)에서 결정","tsg_haas_axis_lubrication_oil.txt","Haas Axis Lubrication Oil - Troubleshooting Guide","증상표 Alarm 2073 / Pressure Switch Troubleshooting","If the input changes from a 1 to a 0, the pressure switch is working properly.","Y",""
"C-2073-04","2073","AXIS LUBRICATION PRESSURE NOT DETECTED","축 윤활 압력이 감지 불능","직접","오일 저장소를 채울 때 바닥의 필터가 찌그러져 있음","보강형 필터로 교체(저장소 압력이 필터 바닥을 찌그러뜨릴 수 있음)","해당 TSG에 안전 문단 없음 → 적용 여부는 안전 매트릭스(A6)에서 결정","tsg_haas_axis_lubrication_oil.txt","Haas Axis Lubrication Oil - Troubleshooting Guide","증상표 Alarm 2073","The pressure in the oil reservoir can cause the bottom of the filter to crush.","Y",""
"C-2075-01","2075","AXIS LUBRICATION RESERVOIR EMPTY","축 윤활유 저장소 비워짐","알람목록","윤활 압력이 기대보다 빨리 떨어짐 / 저장소 비어 있음","윤활유 저장소를 다시 채움. 최근에 채운 경우 공기가 빠질 때까지 여러 윤활 주기 동안 알람이 나타날 수 있음","알람 목록 설명 수준의 확인(작업자 가능 여부는 심각도 기준서 A3에서 결정)","haas_alarm_list_20250130_en_ko.csv","Haas NGC 알람 목록","Alarm 2075","this alarm may appear for several lubrication cycles until the air has been purged","Y",""
"C-2075-02","2075","AXIS LUBRICATION RESERVOIR EMPTY","축 윤활유 저장소 비워짐","직접","윤활 라인에 공기가 들어 있음","공기가 들어온 원인을 찾아 해결 → 프라이밍: 저장소를 가득 채움 → 라인을 하나씩 분리해 솔레노이드를 수동 작동시켜 공기 제거 → 마지막에 10초씩 5회(15초 간격) 수동 작동 → 윤활 주기를 실행해 알람 재현 여부 확인","해당 TSG에 안전 문단 없음 → 적용 여부는 안전 매트릭스(A6)에서 결정","tsg_haas_axis_lubrication_oil.txt","Haas Axis Lubrication Oil - Troubleshooting Guide","증상표 Alarm 2075 / Priming the HALO System","An empty HALO reservoir is the most common way to introduce air into the lines.","Y",""
"C-2075-03","2075","AXIS LUBRICATION RESERVOIR EMPTY","축 윤활유 저장소 비워짐","직접","월간 점검 소홀(저장소 비움 방치)로 공기 유입","월 1회 축 윤활유 점검을 지킴(정비 일정 연결). 알람을 방치하면 라인에 공기가 들어가 계통 기능에 영향","해당 TSG에 안전 문단 없음 → 적용 여부는 안전 매트릭스(A6)에서 결정","tsg_haas_axis_lubrication_oil.txt","Haas Axis Lubrication Oil - Troubleshooting Guide","ALARM 2075 절 안내 문구","Neglecting the alarm can cause air to be introduced into the lines","Y","S2 시나리오(예방 정비 기한 넘김 → 2075)의 직접 근거. 발생 조건: 압력이 4PSI 아래로 15초 안에 떨어지는 윤활 주기가 5회 연속이면 발생"
"C-2075-04","2075","AXIS LUBRICATION RESERVOIR EMPTY","축 윤활유 저장소 비워짐","직접","체크밸브 고착으로 오일 과다 소모","저장소 조립체의 체크밸브가 걸리지 않는지 점검 → O-링 안착 확인 → 청소 또는 교체","해당 TSG에 안전 문단 없음 → 적용 여부는 안전 매트릭스(A6)에서 결정","tsg_haas_axis_lubrication_oil.txt","Haas Axis Lubrication Oil - Troubleshooting Guide","증상표 Alarm 2075 / Check Valve O-rings","The check valves may be sticking and causing excessive oil usage.","Y",""
"C-2075-05","2075","AXIS LUBRICATION RESERVOIR EMPTY","축 윤활유 저장소 비워짐","직접","HALO 매니폴드 또는 압력 센서 앞 이물질","매니폴드와 압력 스위치 주변 청소","해당 TSG에 안전 문단 없음 → 적용 여부는 안전 매트릭스(A6)에서 결정","tsg_haas_axis_lubrication_oil.txt","Haas Axis Lubrication Oil - Troubleshooting Guide","증상표 Alarm 2075","Clean out the HALO manifold and clean around the pressure switch.","Y",""
"C-2075-06","2075","AXIS LUBRICATION RESERVOIR EMPTY","축 윤활유 저장소 비워짐","직접","매니폴드·윤활 라인 누설","오일 라인을 모두 분리하고 매니폴드 포트를 막은 뒤 윤활 주기 실행 → 15초 안에 압력이 떨어지면 매니폴드 누설 → 라인을 하나씩 연결해 누설 라인 찾기 → 해당 축의 매니폴드·트럭·볼너트 연결부 청소 후 누설 확인","해당 TSG에 안전 문단 없음 → 적용 여부는 안전 매트릭스(A6)에서 결정","tsg_haas_axis_lubrication_oil.txt","Haas Axis Lubrication Oil - Troubleshooting Guide","Manifold / Lubrication Line Troubleshooting","indicates that there is a leak in manifold and requires further troubleshooting","Y",""
"C-120-01","120","LOW AIR PRESSURE OR FLOW","공기 압력 또는 흐름 낮음","알람목록","공급 공기의 압력 또는 유량이 최소 요구치보다 낮음","공기 공급원의 체적과 유량 용량 확인(압력은 충분해도 유량이 부족할 수 있음)","알람 목록 설명 수준의 확인(작업자 가능 여부는 심각도 기준서 A3에서 결정)","haas_alarm_list_20250130_en_ko.csv","Haas NGC 알람 목록","Alarm 120","You may have enough pressure but not enough flow to complete a tool change","Y",""
"C-120-02","120","LOW AIR PRESSURE OR FLOW","공기 압력 또는 흐름 낮음","직접","공기압 센서 오염","공기압 센서의 오염 확인, 오염됐으면 센서 교체. 반복 고장을 막으려면 공급 공기를 깨끗하고 건조하게 유지","해당 TSG에 안전 문단 없음 → 적용 여부는 안전 매트릭스(A6)에서 결정","tsg_analog_sensors_ngc.txt","Analog Sensors - Troubleshooting Guide - NGC","증상표 Alarm 120","Ensure that air supply to the machine is clean and dry to avoid repeat failures.","Y",""
"C-120-03","120","LOW AIR PRESSURE OR FLOW","공기 압력 또는 흐름 낮음","직접","소프트웨어 업데이트(100.20.000.1110 이상) 후 입력을 읽지 못함","I/O 구성 파일이 제대로 적재되지 않은 것 → 소프트웨어 재설치(Clean Software Install)","해당 TSG에 안전 문단 없음 → 적용 여부는 안전 매트릭스(A6)에서 결정","tsg_ngc_software.txt","NGC Software - Troubleshooting Guide","증상표 Alarm 120","Reload the software using option 5) Perform Clean Software Install.","Y","HFO 또는 서비스 담당 수준"
"C-120-04","120","LOW AIR PRESSURE OR FLOW","공기 압력 또는 흐름 낮음","공용 절","압력 게이지 불량 또는 입력 압력 이상(공압 계통)","게이지 지침이 요동하거나 0으로 돌아가지 않으면: 입력 압력을 만드는 부분(컴프레서)이 정상인지 확인 → 인라인 레귤레이터 허용 압력 확인(조정 가능하면 조정, 아니면 청소·교체) → 스너버 세트 스크류가 빠지지 않았는지 확인 → 게이지 교체","해당 TSG에 안전 문단 없음 → 적용 여부는 안전 매트릭스(A6)에서 결정","tsg_gauges_pneumatic_hydraulic.txt","Gauges (Pneumatic/Hydraulic) - Troubleshooting Guide","Fluctuation / Incoming Pressure","Verify the regulator allows the correct amount of incoming air pressure.","Y","이 TSG는 알람 번호를 언급하지 않음. 120과의 연결은 공압 계통이라는 주제 단위 연결(기획서 MNT-02 표)"
"C-362-01","362","TOOL-LIFE LIMIT REACHED","공구 수명 한계 도달","알람목록","공구 수명이 만료됐고 대체할 공구가 없음","만료된 공구 검사 후 필요하면 교체 → 공구 오프셋 업데이트 → ATM 탭(현재 명령 아래)에서 만료 공구의 사용 계수기를 선택하고 [0] 입력 후 [ENTER]로 공구 수명 초기화","알람 목록 설명 수준의 확인(작업자 가능 여부는 심각도 기준서 A3에서 결정)","haas_alarm_list_20250130_en_ko.csv","Haas NGC 알람 목록","Alarm 362","Reset the tool life in the Advanced Tool Management (ATM) tab.","Y","TSG에 별도 안내 없음. 알람 목록 설명만 근거. 공구 교체는 작업자 조치로 볼 수 있으나 A3에서 결정"
"C-9823-01","9823","COOLANT VFD FAULT","절삭유 VFD 고장","알람목록","절삭유 펌프의 가변 주파수 드라이브(VFD)가 고장 보고","[RESET]을 눌러 고장 삭제 시도","알람 목록 설명 수준의 확인(작업자 가능 여부는 심각도 기준서 A3에서 결정)","haas_alarm_list_20250130_en_ko.csv","Haas NGC 알람 목록","Alarm 9823","Press [RESET] to attempt to clear the fault.","Y",""
"C-9823-02","9823","COOLANT VFD FAULT","절삭유 VFD 고장","직접","절삭유/샤워 VFD 문제","Coolant VFD 고장 대응 안내 참조","해당 TSG에 안전 문단 없음 → 적용 여부는 안전 매트릭스(A6)에서 결정","tsg_standard_coolant_ngc.txt","Standard Coolant - Troubleshooting Guide - NGC","증상표 Alarm 9823 / 9824","There is a problem with the Coolant / Shower VFD.","Y","참조 대상 'Coolant VFD - Troubleshooting Guide'는 이 폴더에 없음(미수집)"
"C-9823-03","9823","COOLANT VFD FAULT","절삭유 VFD 고장","직접","플러드 절삭유 펌프 고착","임펠러 점검: 펌프 하부 임펠러 캡 분리 → 임펠러를 빼서 청소 → 마모·손상·균열 확인 → 펌프 축을 손으로 돌려 자유롭게 도는지 확인(안 돌면 모터 베어링 손상) → 손상 시 임펠러 교체","해당 TSG에 안전 문단 없음 → 적용 여부는 안전 매트릭스(A6)에서 결정","tsg_standard_coolant_ngc.txt","Standard Coolant - Troubleshooting Guide - NGC","증상표 Alarm 9823 / Coolant Pump Impeller Damage/Contamination","The flood coolant pump has seized up.","Y",""
"C-314-01","314","SUBPROGRAM NOT IN MEMORY","메모리에 있지 않은 서브프로그램","알람목록","M98 또는 G65의 P코드로 호출한 서브프로그램이 메모리에 없음","호출한 서브프로그램이 메모리에 있는지 확인 → FNC로 호출할 때는 메인 프로그램과 같은 장치·같은 디렉터리에 있어야 함 → USB에서 하드 드라이브로 옮긴 파일은 파일명 대소문자 확인","알람 목록 설명 수준의 확인(작업자 가능 여부는 심각도 기준서 A3에서 결정)","haas_alarm_list_20250130_en_ko.csv","Haas NGC 알람 목록","Alarm 314","Check that a sub-program called by the P code in M98 or G65 is in memory.","Y","조작 안내 알람(S5): 정비 작업지시서를 만들지 않음. 알람 설명 원문은 이어짐(여기서는 앞부분만 정리)"
