doc_id,title,revision,last_updated,folder,features,source_url,retrieved_at,retrieved_via,http_status,sha256,local_path,format,applies_to,priority,status,notes
TG0125,Servo Amplifier - Troubleshooting Guide - NGC,Revision F - 8/2026,10/14/2025,02_서보축_알람대응,MNT-02;MNT-03;MNT-01,,,browser-print,,6a1861e703332a324ff843ca47aef4f12b4b1c182f9b14d835ca73352a3f3d5d,02_서보축_알람대응/TG0125_servo-amplifier-tg-ngc/TG0125__RevF-2026-08__20261001.pdf,pdf,NGC,P1,collected,"웹 페이지 인쇄본(PDF 생성일 2026-10-01). 원 수집 경위는 사용자 보관. Haas 저작물: 사이트 약관상 서면 허가 없는 사용 불가 표기. 내부 참고용 사본, 재배포 금지"
ID0003,Amplifier Inspection Checklist,Rev B,,02_서보축_알람대응,MNT-03,,,local-existing,,de8827dcbfbbafe99895cac24d952ee71dd0d2dfc6cd7749ec657bd1fa1698df,02_서보축_알람대응/TG0125_servo-amplifier-tg-ngc/ID0003__RevB__20261003.pdf,pdf,NGC,P1,collected,"원 수집일 미상, 파일명 날짜는 재배치일. TG0125가 교체 전 작성 지시. Haas 저작물: 사이트 약관상 서면 허가 없는 사용 불가 표기. 내부 참고용 사본, 재배포 금지"
TG0125,서보 앰프 - 문제 해결 가이드 - NGC (한국어 번역),Revision F - 8/2026,,02_서보축_알람대응,MNT-01,,,local-existing,,68f20e1ad19c8f2421de12ced546abc5b3439b62ea697144853badd87b2128fa,02_서보축_알람대응/TG0125_servo-amplifier-tg-ngc/TG0125__RevF-2026-08__20261003.ko.md,md,NGC,P1,collected,"번역본·탐색용. 사실 근거로 쓰지 않음. 파일명 날짜는 재배치일. Haas 저작물: 사이트 약관상 서면 허가 없는 사용 불가 표기. 내부 참고용 사본, 재배포 금지"
96-8210,Mill Operator's Manual - Next Generation Control,Revision N December 2020,,08_운전·화면,MNT-01,,,local-existing,,bc312ec297fc6b787a964a18edf7dd878b8e5b92d2686089a39073a2fc3b0f99,08_운전·화면/96-8210_mill-operators-manual-ngc/96-8210__RevN__20261003.pdf,pdf,NGC,P1,superseded,"구판(Rev N). 원 수집일 미상, 파일명 날짜는 재배치일. Haas 저작물: 사이트 약관상 서면 허가 없는 사용 불가 표기. 내부 참고용 사본, 재배포 금지"
RD0002,Alarm Search Help Guide - RD0002,,10/16/2025,01_알람코드체계,알람DB;MNT-02,https://www.haascnc.com/service/troubleshooting-and-how-to/reference-documents/alarm-search-help.html,2026-10-03T17:57:22,direct,200,dfa6a2f04b9880c72e8a46aa168c008950504cd457f475ecc3db91e2beef90d8,01_알람코드체계/RD0002_alarm-search-help/RD0002__norev__20261003.html,html,,P1,collected,"Haas 저작물: 사이트 약관상 서면 허가 없는 사용 불가 표기. 내부 참고용 사본, 재배포 금지"
ngc_103,103 AXIS SERVO ERROR TOO LARGE,,02/27/2026,01_알람코드체계,알람DB;MNT-02,https://www.haascnc.com/service/alarm-search.alarm=ngc_103-0000.html,2026-10-03T17:57:44,direct,200,c72bb32bbfb9bdf6b29b785b181a8c3ed284090acca2d846bbb01665fc02613a,01_알람코드체계/ngc-alarms/ngc_103__norev__20261003.html,html,,P1,collected,"Haas 저작물: 사이트 약관상 서면 허가 없는 사용 불가 표기. 내부 참고용 사본, 재배포 금지"
ngc_135,135,,02/27/2026,01_알람코드체계,알람DB;MNT-02,https://www.haascnc.com/service/alarm-search.alarm=ngc_135-0000.html,2026-10-03T17:57:56,direct,200,2ec0614f84ef64e75a7c41509e2ae58de8a1656b261c74deb868729edd1bbb10,01_알람코드체계/ngc-alarms/ngc_135__norev__20261003.html,html,,P1,collected,"Haas 저작물: 사이트 약관상 서면 허가 없는 사용 불가 표기. 내부 참고용 사본, 재배포 금지"
ngc_179,179,,02/27/2026,01_알람코드체계,알람DB;MNT-02,https://www.haascnc.com/service/alarm-search.alarm=ngc_179-0000.html,2026-10-03T17:59:08,direct,200,c593ac62b0450cd857fb5b5295a1ca8ed159123e43974091df5677cd80cf5a3e,01_알람코드체계/ngc-alarms/ngc_179__norev__20261003.html,html,,P1,collected,"Haas 저작물: 사이트 약관상 서면 허가 없는 사용 불가 표기. 내부 참고용 사본, 재배포 금지"
ngc_991,991 AMPLIFIER OVER TEMPERATURE,,02/27/2026,01_알람코드체계,알람DB;MNT-02,https://www.haascnc.com/service/alarm-search.alarm=ngc_991-0000.html,2026-10-03T17:59:20,direct,200,2e0db15a14ce0243fabe4abbaacc7bfd976379d41739ea710a50b42d3cb2f273,01_알람코드체계/ngc-alarms/ngc_991__norev__20261003.html,html,,P1,collected,"Haas 저작물: 사이트 약관상 서면 허가 없는 사용 불가 표기. 내부 참고용 사본, 재배포 금지"
ngc_992,992 AMPLIFIER OVER CURRENT,,02/27/2026,01_알람코드체계,알람DB;MNT-02,https://www.haascnc.com/service/alarm-search.alarm=ngc_992-0000.html,2026-10-03T17:59:40,direct,200,68a6068ddca2c9b752fd1139f5eba459f5c7990ae4127decf1fbe5edb4ca6796,01_알람코드체계/ngc-alarms/ngc_992__norev__20261003.html,html,,P1,collected,"Haas 저작물: 사이트 약관상 서면 허가 없는 사용 불가 표기. 내부 참고용 사본, 재배포 금지"
ngc_993,993 AMPLIFIER SHORT CIRCUIT,,02/27/2026,01_알람코드체계,알람DB;MNT-02,https://www.haascnc.com/service/alarm-search.alarm=ngc_993-0000.html,2026-10-03T17:59:52,direct,200,aceaf336c1665330d486df4fa6b6799cbc348081ec8f7b59a9191cff7b4cbc27,01_알람코드체계/ngc-alarms/ngc_993__norev__20261003.html,html,,P1,collected,"Haas 저작물: 사이트 약관상 서면 허가 없는 사용 불가 표기. 내부 참고용 사본, 재배포 금지"
ngc_994,994 AMPLIFIER OVERLOAD,,02/27/2026,01_알람코드체계,알람DB;MNT-02,https://www.haascnc.com/service/alarm-search.alarm=ngc_994-0000.html,2026-10-03T18:00:03,direct,200,98b0be3f43d35a536d78ca609a41c66c1db4513304520f45d9fea9a71240a1a9,01_알람코드체계/ngc-alarms/ngc_994__norev__20261003.html,html,,P1,collected,"Haas 저작물: 사이트 약관상 서면 허가 없는 사용 불가 표기. 내부 참고용 사본, 재배포 금지"
ngc_108,108 AXIS SERVO OVERLOAD,,02/27/2026,01_알람코드체계,알람DB;MNT-02,https://www.haascnc.com/service/alarm-search.alarm=ngc_108-0000.html,2026-10-03T18:00:15,direct,200,90c4c05a3883af24c3febc4b01350628ef94e87886636a3e6e0a634dbbab037c,01_알람코드체계/ngc-alarms/ngc_108__norev__20261003.html,html,,P1,collected,"URL 패턴 기반(노트 미열람); Haas 저작물: 사이트 약관상 서면 허가 없는 사용 불가 표기. 내부 참고용 사본, 재배포 금지"
ngc_120,120 LOW AIR PRESSURE OR FLOW,,02/27/2026,01_알람코드체계,알람DB;MNT-02,https://www.haascnc.com/service/alarm-search.alarm=ngc_120-0000.html,2026-10-03T18:00:27,direct,200,9aab627200ff5b3b9f6be95738e41ea34615a0851b04486a4da42fbadbaf6f5c,01_알람코드체계/ngc-alarms/ngc_120__norev__20261003.html,html,,P1,collected,"URL 패턴 기반(노트 미열람); Haas 저작물: 사이트 약관상 서면 허가 없는 사용 불가 표기. 내부 참고용 사본, 재배포 금지"
ngc_254,254 SPINDLE MOTOR OVERHEAT,,02/27/2026,01_알람코드체계,알람DB;MNT-02,https://www.haascnc.com/service/alarm-search.alarm=ngc_254-0000.html,2026-10-03T18:00:39,direct,200,4c227a3d62b9335e45862531858f423c6b17ed0bd10ce822dda36d6ecde58c46,01_알람코드체계/ngc-alarms/ngc_254__norev__20261003.html,html,,P1,collected,"URL 패턴 기반(노트 미열람); Haas 저작물: 사이트 약관상 서면 허가 없는 사용 불가 표기. 내부 참고용 사본, 재배포 금지"
ngc_2073,2073 AXIS LUBRICATION PRESSURE NOT DETECTED,,02/27/2026,01_알람코드체계,알람DB;MNT-02,https://www.haascnc.com/service/alarm-search.alarm=ngc_2073-0000.html,2026-10-03T18:00:51,direct,200,74bdfde4b308e0939b4c1f895c17722f87a98561bc514badbc8a21996e862571,01_알람코드체계/ngc-alarms/ngc_2073__norev__20261003.html,html,,P1,collected,"URL 패턴 기반(노트 미열람); Haas 저작물: 사이트 약관상 서면 허가 없는 사용 불가 표기. 내부 참고용 사본, 재배포 금지"
ngc_2075,2075 AXIS LUBRICATION RESERVOIR EMPTY,,02/27/2026,01_알람코드체계,알람DB;MNT-02,https://www.haascnc.com/service/alarm-search.alarm=ngc_2075-0000.html,2026-10-03T18:02:03,direct,200,b7623f4296f65ff58a2b57340ae446422cde7eb4f56c6637c89adc41a07c2af3,01_알람코드체계/ngc-alarms/ngc_2075__norev__20261003.html,html,,P1,collected,"URL 패턴 기반(노트 미열람); Haas 저작물: 사이트 약관상 서면 허가 없는 사용 불가 표기. 내부 참고용 사본, 재배포 금지"
TG0033,Axis Servo Motor and Cables - Troubleshooting Guide - NGC - TG0033,Revision A - 07/2026,10/09/2025,02_서보축_알람대응,MNT-02;MNT-03,https://www.haascnc.com/service/troubleshooting-and-how-to/troubleshooting/axis-servo-motor-and-cables---troubleshooting-guide---ngc.html,2026-10-03T18:02:14,direct,200,64a45d69b5065798ef5befff980bf3e2c620b207563512fc047ede24f5b6005b,02_서보축_알람대응/TG0033_axis-servo-motor-cables-tg-ngc/TG0033__RevA-2026-07__20261003.html,html,,P1,collected,"Haas 저작물: 사이트 약관상 서면 허가 없는 사용 불가 표기. 내부 참고용 사본, 재배포 금지"
TG0125,Servo Amplifier - Troubleshooting Guide - NGC - TG0125,Revision F - 8/2026,10/14/2025,02_서보축_알람대응,MNT-02;MNT-03;MNT-01,https://www.haascnc.com/service/troubleshooting-and-how-to/troubleshooting/servo-amplifier---troubleshooting-guide---ngc.html,2026-10-03T18:02:26,direct,200,ea9a5132d7527b73e6792659198cda4d91195875714a4e0093d12c4236f5c065,02_서보축_알람대응/TG0125_servo-amplifier-tg-ngc/TG0125__RevF-2026-08__20261003.html,html,,P1,collected,"로컬 PDF(browser-print, Rev F)와 개정 비교용 HTML 원본; Haas 저작물: 사이트 약관상 서면 허가 없는 사용 불가 표기. 내부 참고용 사본, 재배포 금지"
NGC-ESM-00,Next Gen Control Electrical - Service Manual,,,03_센서·공압·진단,MNT-01,https://www.haascnc.com/service/online-manuals/next-gen-control-electrical---service-manual.html,2026-10-03T18:02:37,direct,200,8c92691b303989379af13dd14494c3748a0e8351ed6cff59a5e528404706b3f3,03_센서·공압·진단/NGC-ESM-00_root-introduction/NGC-ESM-00__norev__20261003.html,html,,P1,collected,"Haas 저작물: 사이트 약관상 서면 허가 없는 사용 불가 표기. 내부 참고용 사본, 재배포 금지"
NGC-ESM-01,NGC - Introduction - Haas Service Manual,,,03_센서·공압·진단,MNT-01;MNT-03,https://www.haascnc.com/service/online-manuals/next-gen-control-electrical---service-manual/ngc---introduction.html,2026-10-03T18:02:49,direct,200,51ce67c2cceaed857ecb614a47614c4f22cb268de970503cf5a38582bbecc55e,03_센서·공압·진단/NGC-ESM-00_root-introduction/NGC-ESM-01__norev__20261003.html,html,,P1,collected,"Haas 저작물: 사이트 약관상 서면 허가 없는 사용 불가 표기. 내부 참고용 사본, 재배포 금지"
NGC-ESM-06,NGC - Error Report and Backup - Haas Service Manual,,,03_센서·공압·진단,MNT-03,https://www.haascnc.com/service/online-manuals/next-gen-control-electrical---service-manual/ngc---error-report-and-backup.html,2026-10-03T18:03:02,direct,200,3b4947211b4eef5fb6e8f0cdaa6bd61874b312c6722a61a98680a838a0ebb45b,03_센서·공압·진단/NGC-ESM-06_error-report-backup/NGC-ESM-06__norev__20261003.html,html,"Applies to machines built from: September, 2015",P1,collected,"Haas 저작물: 사이트 약관상 서면 허가 없는 사용 불가 표기. 내부 참고용 사본, 재배포 금지"
RD0102,(NGC-ESM-06 장 페이지 안의 문서),Revision A - 08/2026,,03_센서·공압·진단,MNT-03,https://www.haascnc.com/service/online-manuals/next-gen-control-electrical---service-manual/ngc---error-report-and-backup.html,2026-10-03T18:03:02,direct,200,3b4947211b4eef5fb6e8f0cdaa6bd61874b312c6722a61a98680a838a0ebb45b,03_센서·공압·진단/NGC-ESM-06_error-report-backup/NGC-ESM-06__norev__20261003.html,html,,P1,collected,"NGC-ESM-06 장 페이지에 포함. Haas 저작물: 사이트 약관상 서면 허가 없는 사용 불가 표기. 내부 참고용 사본, 재배포 금지"
NGC-ESM-08,NGC - I/O and TC PCB - Haas Service Manual,,,03_센서·공압·진단,PRD-01;가상데이터;MNT-02,https://www.haascnc.com/service/online-manuals/next-gen-control-electrical---service-manual/ngc---i-o.html,2026-10-03T18:03:13,direct,200,c55dbf37720fd10cf7eff6ba452bf2c3ab6a818be3b8bdec118a0841d2a341de,03_센서·공압·진단/NGC-ESM-08_io-tc-pcb/NGC-ESM-08__norev__20261003.html,html,Applies to the Following Kits:; Only applies to these machines built after 12/20/2023,P1,collected,"Haas 저작물: 사이트 약관상 서면 허가 없는 사용 불가 표기. 내부 참고용 사본, 재배포 금지"
TG0002,(NGC-ESM-08 장 페이지 안의 문서),Revision C - 08/2026,,03_센서·공압·진단,PRD-01;가상데이터;MNT-02,https://www.haascnc.com/service/online-manuals/next-gen-control-electrical---service-manual/ngc---i-o.html,2026-10-03T18:03:13,direct,200,c55dbf37720fd10cf7eff6ba452bf2c3ab6a818be3b8bdec118a0841d2a341de,03_센서·공압·진단/NGC-ESM-08_io-tc-pcb/NGC-ESM-08__norev__20261003.html,html,,P1,collected,"NGC-ESM-08 장 페이지에 포함. Haas 저작물: 사이트 약관상 서면 허가 없는 사용 불가 표기. 내부 참고용 사본, 재배포 금지"
NGC-ESM-29,NGC - Sensors and Switches - Haas Service Manual,,,03_센서·공압·진단,MNT-02;PRD-01,https://www.haascnc.com/service/online-manuals/next-gen-control-electrical---service-manual/ngc---sensors-and-switches.html,2026-10-03T18:03:26,direct,200,79144a310667fa6698688a5c05242e73eb5e91f7509ae3a3c3785bc8b5557788,03_센서·공압·진단/NGC-ESM-29_sensors-switches/NGC-ESM-29__norev__20261003.html,html,,P1,collected,"Haas 저작물: 사이트 약관상 서면 허가 없는 사용 불가 표기. 내부 참고용 사본, 재배포 금지"
TG0027,(NGC-ESM-29 장 페이지 안의 문서),Revision C - 12/2025,,03_센서·공압·진단,MNT-02;PRD-01,https://www.haascnc.com/service/online-manuals/next-gen-control-electrical---service-manual/ngc---sensors-and-switches.html,2026-10-03T18:03:26,direct,200,79144a310667fa6698688a5c05242e73eb5e91f7509ae3a3c3785bc8b5557788,03_센서·공압·진단/NGC-ESM-29_sensors-switches/NGC-ESM-29__norev__20261003.html,html,,P1,collected,"NGC-ESM-29 장 페이지에 포함. Haas 저작물: 사이트 약관상 서면 허가 없는 사용 불가 표기. 내부 참고용 사본, 재배포 금지"
NGC-ESM-10,NGC - Servo Motors and Axis Cables - Haas Service Manual,,,02_서보축_알람대응,MNT-02;알람DB,https://www.haascnc.com/service/online-manuals/next-gen-control-electrical---service-manual/ngc---servo-motors-and-axis-cables.html,2026-10-03T18:03:37,direct,200,582c95956db7cfad6d911b5be2225aab3f44a60e35c3c091cb3cabac01ef1751,02_서보축_알람대응/NGC-ESM-10_servo-motors-axis-cables/NGC-ESM-10__norev__20261003.html,html,Applies to machines built from July 2015,P1,collected,"Haas 저작물: 사이트 약관상 서면 허가 없는 사용 불가 표기. 내부 참고용 사본, 재배포 금지"
RD0003,(NGC-ESM-10 장 페이지 안의 문서),Revision A - 01/2026,,02_서보축_알람대응,MNT-02;알람DB,https://www.haascnc.com/service/online-manuals/next-gen-control-electrical---service-manual/ngc---servo-motors-and-axis-cables.html,2026-10-03T18:03:37,direct,200,582c95956db7cfad6d911b5be2225aab3f44a60e35c3c091cb3cabac01ef1751,02_서보축_알람대응/NGC-ESM-10_servo-motors-axis-cables/NGC-ESM-10__norev__20261003.html,html,,P1,collected,"NGC-ESM-10 장 페이지에 포함. Haas 저작물: 사이트 약관상 서면 허가 없는 사용 불가 표기. 내부 참고용 사본, 재배포 금지"
TG0033,(NGC-ESM-10 장 페이지 안의 문서),Revision A - 07/2026,,02_서보축_알람대응,MNT-02;알람DB,https://www.haascnc.com/service/online-manuals/next-gen-control-electrical---service-manual/ngc---servo-motors-and-axis-cables.html,2026-10-03T18:03:37,direct,200,582c95956db7cfad6d911b5be2225aab3f44a60e35c3c091cb3cabac01ef1751,02_서보축_알람대응/NGC-ESM-10_servo-motors-axis-cables/NGC-ESM-10__norev__20261003.html,html,,P1,collected,"NGC-ESM-10 장 페이지에 포함. Haas 저작물: 사이트 약관상 서면 허가 없는 사용 불가 표기. 내부 참고용 사본, 재배포 금지"
NGC-ESM-12,NGC - Servo Amplifiers - Haas Service Manual,,,02_서보축_알람대응,MNT-02;MNT-03,https://www.haascnc.com/service/online-manuals/next-gen-control-electrical---service-manual/ngc---servo-amplifiers.html,2026-10-03T18:03:49,direct,200,d8a5311dbe280a320d79d30cc402afae38e77d52fa0fe23d45245a0f2cc4eb2a,02_서보축_알람대응/NGC-ESM-12_servo-amplifiers/NGC-ESM-12__norev__20261003.html,html,Applies to these Parts,P1,collected,"Haas 저작물: 사이트 약관상 서면 허가 없는 사용 불가 표기. 내부 참고용 사본, 재배포 금지"
RD0095,(NGC-ESM-12 장 페이지 안의 문서),Revision B - 07/2026,,02_서보축_알람대응,MNT-02;MNT-03,https://www.haascnc.com/service/online-manuals/next-gen-control-electrical---service-manual/ngc---servo-amplifiers.html,2026-10-03T18:03:49,direct,200,d8a5311dbe280a320d79d30cc402afae38e77d52fa0fe23d45245a0f2cc4eb2a,02_서보축_알람대응/NGC-ESM-12_servo-amplifiers/NGC-ESM-12__norev__20261003.html,html,,P1,collected,"NGC-ESM-12 장 페이지에 포함. Haas 저작물: 사이트 약관상 서면 허가 없는 사용 불가 표기. 내부 참고용 사본, 재배포 금지"
AD0280,(NGC-ESM-12 장 페이지 안의 문서),Revision C - 08/2026,,02_서보축_알람대응,MNT-02;MNT-03,https://www.haascnc.com/service/online-manuals/next-gen-control-electrical---service-manual/ngc---servo-amplifiers.html,2026-10-03T18:03:49,direct,200,d8a5311dbe280a320d79d30cc402afae38e77d52fa0fe23d45245a0f2cc4eb2a,02_서보축_알람대응/NGC-ESM-12_servo-amplifiers/NGC-ESM-12__norev__20261003.html,html,,P1,collected,"NGC-ESM-12 장 페이지에 포함. Haas 저작물: 사이트 약관상 서면 허가 없는 사용 불가 표기. 내부 참고용 사본, 재배포 금지"
TG0125,(NGC-ESM-12 장 페이지 안의 문서),Revision F - 8/2026,,02_서보축_알람대응,MNT-02;MNT-03,https://www.haascnc.com/service/online-manuals/next-gen-control-electrical---service-manual/ngc---servo-amplifiers.html,2026-10-03T18:03:49,direct,200,d8a5311dbe280a320d79d30cc402afae38e77d52fa0fe23d45245a0f2cc4eb2a,02_서보축_알람대응/NGC-ESM-12_servo-amplifiers/NGC-ESM-12__norev__20261003.html,html,,P1,collected,"NGC-ESM-12 장 페이지에 포함. Haas 저작물: 사이트 약관상 서면 허가 없는 사용 불가 표기. 내부 참고용 사본, 재배포 금지"
NGC-ESM-17,NGC - Circuit Breaker and Transformer - Haas Service Manual,,,04_전원·차단기,MNT-02;MNT-03,https://www.haascnc.com/service/online-manuals/next-gen-control-electrical---service-manual/ngc---circuit-breaker-and-transformer.html,2026-10-03T18:04:01,direct,200,a8614bb1aeb2cdfdd43437fd015bfe5c0a681acfd025a567ed085ba3140a168f,04_전원·차단기/NGC-ESM-17_circuit-breaker-transformer/NGC-ESM-17__norev__20261003.html,html,Applies to these Parts,P1,collected,"Haas 저작물: 사이트 약관상 서면 허가 없는 사용 불가 표기. 내부 참고용 사본, 재배포 금지"
AD1003,(NGC-ESM-17 장 페이지 안의 문서),Revision A - 09/2026,,04_전원·차단기,MNT-02;MNT-03,https://www.haascnc.com/service/online-manuals/next-gen-control-electrical---service-manual/ngc---circuit-breaker-and-transformer.html,2026-10-03T18:04:01,direct,200,a8614bb1aeb2cdfdd43437fd015bfe5c0a681acfd025a567ed085ba3140a168f,04_전원·차단기/NGC-ESM-17_circuit-breaker-transformer/NGC-ESM-17__norev__20261003.html,html,,P1,collected,"NGC-ESM-17 장 페이지에 포함. Haas 저작물: 사이트 약관상 서면 허가 없는 사용 불가 표기. 내부 참고용 사본, 재배포 금지"
RD0080,VMC Maintenance Schedule - RD0080,Revision B - 5/2025,10/17/2025,07_예방정비,MNT-03;가상데이터,https://www.haascnc.com/service/troubleshooting-and-how-to/reference-documents/vmc-maintenance-schedule.html,2026-10-03T18:04:13,direct,200,c2fe8f53eae4f482c8df8eaac2cccde2327bacff96c201adf7fb36fad1354126,07_예방정비/RD0080_vmc-maintenance-schedule/RD0080__RevB-2025-05__20261003.html,html,,P1,collected,"Haas 저작물: 사이트 약관상 서면 허가 없는 사용 불가 표기. 내부 참고용 사본, 재배포 금지"
RD0080,VMC Maintenance Schedule - RD0080,Revision B - 5/2025,10/17/2025,07_예방정비,MNT-03;가상데이터,https://web.archive.org/web/20260214053732/https://www.haascnc.com/service/troubleshooting-and-how-to/reference-documents/vmc-maintenance-schedule.html,2026-10-03T18:05:29,archive 20260214,200,d3872741b294718d9358c4ee16448d7d92cca1ab9e3c422906996b3de277a80a,07_예방정비/RD0080_vmc-maintenance-schedule/RD0080__RevB-2025-05__20261003__archive.html,html,,P1,collected,"Haas 저작물: 사이트 약관상 서면 허가 없는 사용 불가 표기. 내부 참고용 사본, 재배포 금지"
LUBE-SM-02,Haas Axis Lubrication Oil - Haas Service Manual,,,05_윤활,MNT-02;MNT-03,https://www.haascnc.com/service/online-manuals/lubrication-systems---service-manual/haas-axis-lubrication-oil.html,2026-10-03T18:05:40,direct,200,bedcf3418967c7a05debcca37d3deae689ab290fb4ab902437bd2580520221d2,05_윤활/LUBE-SM-02_haas-axis-lubrication-oil/LUBE-SM-02__norev__20261003.html,html,"Applies to machines built from April, 2014 to August 2022",P1,collected,"축 윤활 기능 포함 결정으로 P3→P1; Haas 저작물: 사이트 약관상 서면 허가 없는 사용 불가 표기. 내부 참고용 사본, 재배포 금지"
AD0659,(LUBE-SM-02 장 페이지 안의 문서),Revision B - 09/2025,,05_윤활,MNT-02;MNT-03,https://www.haascnc.com/service/online-manuals/lubrication-systems---service-manual/haas-axis-lubrication-oil.html,2026-10-03T18:05:40,direct,200,bedcf3418967c7a05debcca37d3deae689ab290fb4ab902437bd2580520221d2,05_윤활/LUBE-SM-02_haas-axis-lubrication-oil/LUBE-SM-02__norev__20261003.html,html,,P1,collected,"LUBE-SM-02 장 페이지에 포함. Haas 저작물: 사이트 약관상 서면 허가 없는 사용 불가 표기. 내부 참고용 사본, 재배포 금지"
AD0660,(LUBE-SM-02 장 페이지 안의 문서),Revision C - 04/2026,,05_윤활,MNT-02;MNT-03,https://www.haascnc.com/service/online-manuals/lubrication-systems---service-manual/haas-axis-lubrication-oil.html,2026-10-03T18:05:40,direct,200,bedcf3418967c7a05debcca37d3deae689ab290fb4ab902437bd2580520221d2,05_윤활/LUBE-SM-02_haas-axis-lubrication-oil/LUBE-SM-02__norev__20261003.html,html,,P1,collected,"LUBE-SM-02 장 페이지에 포함. Haas 저작물: 사이트 약관상 서면 허가 없는 사용 불가 표기. 내부 참고용 사본, 재배포 금지"
VFVM-SM-01,VF/VM - Introduction - Haas Service Manual,,,09_설비사양·설치,MNT-01;MNT-03,https://www.haascnc.com/service/online-manuals/vf-vm-series---service-manual/vf-vm---introduction.html,2026-10-03T18:05:51,direct,200,e6f8ee1070c9e33ffdd20faa8dcc22fdbc8518136a4533c23dc888fb19d8b374,09_설비사양·설치/VFVM-SM-01_introduction/VFVM-SM-01__norev__20261003.html,html,,P2,collected,"Haas 저작물: 사이트 약관상 서면 허가 없는 사용 불가 표기. 내부 참고용 사본, 재배포 금지"
VFVM-SM-02,VF/VM - Specifications - Haas Service Manual,,,09_설비사양·설치,MNT-03,https://www.haascnc.com/service/online-manuals/vf-vm-series---service-manual/vf-vm---specifications.html,2026-10-03T18:06:04,direct,200,e12662a4efa69a55bd2f91736c39352bcf25a4ef690ff043f260e9e303f873fb,09_설비사양·설치/VFVM-SM-02_specifications/VFVM-SM-02__norev__20261003.html,html,,P2,collected,"Haas 저작물: 사이트 약관상 서면 허가 없는 사용 불가 표기. 내부 참고용 사본, 재배포 금지"
VFVM-SM-03,VF/VM - Installation - Haas Service Manual,,,09_설비사양·설치,설비마스터,https://www.haascnc.com/service/online-manuals/vf-vm-series---service-manual/vf-vm---installation.html,2026-10-03T18:06:16,direct,200,0ae8c69210055391a8c31fb6648629e3664b6f7d1ece8266ad3bbfafda5f909e,09_설비사양·설치/VFVM-SM-03_installation/VFVM-SM-03__norev__20261003.html,html,,P2,collected,"Haas 저작물: 사이트 약관상 서면 허가 없는 사용 불가 표기. 내부 참고용 사본, 재배포 금지"
AD0456,(VFVM-SM-03 장 페이지 안의 문서),Revision G - 09/2026,,09_설비사양·설치,설비마스터,https://www.haascnc.com/service/online-manuals/vf-vm-series---service-manual/vf-vm---installation.html,2026-10-03T18:06:16,direct,200,0ae8c69210055391a8c31fb6648629e3664b6f7d1ece8266ad3bbfafda5f909e,09_설비사양·설치/VFVM-SM-03_installation/VFVM-SM-03__norev__20261003.html,html,,P2,collected,"VFVM-SM-03 장 페이지에 포함. Haas 저작물: 사이트 약관상 서면 허가 없는 사용 불가 표기. 내부 참고용 사본, 재배포 금지"
VFVM-SM-07,VF/VM - Axis Motion - Haas Service Manual,,,02_서보축_알람대응,MNT-02;MNT-03,https://www.haascnc.com/service/online-manuals/vf-vm-series---service-manual/vf-vm---axis-motion.html,2026-10-03T18:06:28,direct,200,1072fe3cfb993ad91b8ae2a7e5f827668b48da56d4cce90c2f80e5e5b1d4fa17,02_서보축_알람대응/VFVM-SM-07_axis-motion/VFVM-SM-07__norev__20261003.html,html,,P2,collected,"Haas 저작물: 사이트 약관상 서면 허가 없는 사용 불가 표기. 내부 참고용 사본, 재배포 금지"
TG0033,(VFVM-SM-07 장 페이지 안의 문서),Revision A - 07/2026,,02_서보축_알람대응,MNT-02;MNT-03,https://www.haascnc.com/service/online-manuals/vf-vm-series---service-manual/vf-vm---axis-motion.html,2026-10-03T18:06:28,direct,200,1072fe3cfb993ad91b8ae2a7e5f827668b48da56d4cce90c2f80e5e5b1d4fa17,02_서보축_알람대응/VFVM-SM-07_axis-motion/VFVM-SM-07__norev__20261003.html,html,,P2,collected,"VFVM-SM-07 장 페이지에 포함. Haas 저작물: 사이트 약관상 서면 허가 없는 사용 불가 표기. 내부 참고용 사본, 재배포 금지"
TG0038,(VFVM-SM-07 장 페이지 안의 문서),Revision B - 08/2025,,02_서보축_알람대응,MNT-02;MNT-03,https://www.haascnc.com/service/online-manuals/vf-vm-series---service-manual/vf-vm---axis-motion.html,2026-10-03T18:06:28,direct,200,1072fe3cfb993ad91b8ae2a7e5f827668b48da56d4cce90c2f80e5e5b1d4fa17,02_서보축_알람대응/VFVM-SM-07_axis-motion/VFVM-SM-07__norev__20261003.html,html,,P2,collected,"VFVM-SM-07 장 페이지에 포함. Haas 저작물: 사이트 약관상 서면 허가 없는 사용 불가 표기. 내부 참고용 사본, 재배포 금지"
VFVM-SM-09,VF/VM - 40T - Spindle - Haas Service Manual,,,06_스핀들·기어박스,MNT-02,https://www.haascnc.com/service/online-manuals/vf-vm-series---service-manual/vf-vm---40t---spindle.html,2026-10-03T18:06:40,direct,200,6e4f4d318946ce077730cafbe7aadc9d259691a5b6326e43dcb2d13fbf9bcc20,06_스핀들·기어박스/VFVM-SM-09_40t-spindle/VFVM-SM-09__norev__20261003.html,html,"Applies to machines built from: January, 1989; Applies to the Following Service Kits:",P2,collected,"Haas 저작물: 사이트 약관상 서면 허가 없는 사용 불가 표기. 내부 참고용 사본, 재배포 금지"
AD0318,(VFVM-SM-09 장 페이지 안의 문서),Revision B - 12/2025,,06_스핀들·기어박스,MNT-02,https://www.haascnc.com/service/online-manuals/vf-vm-series---service-manual/vf-vm---40t---spindle.html,2026-10-03T18:06:40,direct,200,6e4f4d318946ce077730cafbe7aadc9d259691a5b6326e43dcb2d13fbf9bcc20,06_스핀들·기어박스/VFVM-SM-09_40t-spindle/VFVM-SM-09__norev__20261003.html,html,,P2,collected,"VFVM-SM-09 장 페이지에 포함. Haas 저작물: 사이트 약관상 서면 허가 없는 사용 불가 표기. 내부 참고용 사본, 재배포 금지"
TG0101,(VFVM-SM-09 장 페이지 안의 문서),Revision B - 11/2025,,06_스핀들·기어박스,MNT-02,https://www.haascnc.com/service/online-manuals/vf-vm-series---service-manual/vf-vm---40t---spindle.html,2026-10-03T18:06:40,direct,200,6e4f4d318946ce077730cafbe7aadc9d259691a5b6326e43dcb2d13fbf9bcc20,06_스핀들·기어박스/VFVM-SM-09_40t-spindle/VFVM-SM-09__norev__20261003.html,html,,P2,collected,"VFVM-SM-09 장 페이지에 포함. Haas 저작물: 사이트 약관상 서면 허가 없는 사용 불가 표기. 내부 참고용 사본, 재배포 금지"
TG0132,(VFVM-SM-09 장 페이지 안의 문서),Revision A - 12/2025,,06_스핀들·기어박스,MNT-02,https://www.haascnc.com/service/online-manuals/vf-vm-series---service-manual/vf-vm---40t---spindle.html,2026-10-03T18:06:40,direct,200,6e4f4d318946ce077730cafbe7aadc9d259691a5b6326e43dcb2d13fbf9bcc20,06_스핀들·기어박스/VFVM-SM-09_40t-spindle/VFVM-SM-09__norev__20261003.html,html,,P2,collected,"VFVM-SM-09 장 페이지에 포함. Haas 저작물: 사이트 약관상 서면 허가 없는 사용 불가 표기. 내부 참고용 사본, 재배포 금지"
VFVM-SM-10,VF/VM - 40T - Spindle Motor - Haas Service Manual,,,06_스핀들·기어박스,MNT-02,https://www.haascnc.com/service/online-manuals/vf-vm-series---service-manual/vf-vm---40t-spindle-motor.html,2026-10-03T18:06:52,direct,200,fc0834e4bf41808d325446c57d9ffcdcacdafa1ac328a26b5233d5c729e330c6,06_스핀들·기어박스/VFVM-SM-10_40t-spindle-motor/VFVM-SM-10__norev__20261003.html,html,Applies to machines built after August 2016,P2,collected,"Haas 저작물: 사이트 약관상 서면 허가 없는 사용 불가 표기. 내부 참고용 사본, 재배포 금지"
TG0010,(VFVM-SM-10 장 페이지 안의 문서),Revision C - 04/2026,,06_스핀들·기어박스,MNT-02,https://www.haascnc.com/service/online-manuals/vf-vm-series---service-manual/vf-vm---40t-spindle-motor.html,2026-10-03T18:06:52,direct,200,fc0834e4bf41808d325446c57d9ffcdcacdafa1ac328a26b5233d5c729e330c6,06_스핀들·기어박스/VFVM-SM-10_40t-spindle-motor/VFVM-SM-10__norev__20261003.html,html,,P2,collected,"VFVM-SM-10 장 페이지에 포함. Haas 저작물: 사이트 약관상 서면 허가 없는 사용 불가 표기. 내부 참고용 사본, 재배포 금지"
VFVM-SM-18,VF/VM - Maintenance - Haas Service Manual,,,07_예방정비,MNT-03,https://www.haascnc.com/service/online-manuals/vf-vm-series---service-manual/vf-vm---maintenance.html,2026-10-03T18:07:04,direct,200,7699294cf0a06352061d5de73b558896085e9f48e408f24474c0c0ec138baeb8,07_예방정비/VFVM-SM-18_maintenance/VFVM-SM-18__norev__20261003.html,html,,P2,collected,"Haas 저작물: 사이트 약관상 서면 허가 없는 사용 불가 표기. 내부 참고용 사본, 재배포 금지"
mill-checklist,,,,07_예방정비,MNT-03,https://www.haascnc.com/content/dam/haascnc/service/guides/how-to/vmc-maintenance-schedule/mill_maintenance_checklist.pdf,2026-10-03T18:07:15,direct,200,3a2d2f0eb8bd5dd0dc975a0ddf3608a4b1d7ae617acfc5ec6a89a913983984d2,07_예방정비/mill-checklist_mill-weekly-maintenance/mill-checklist__norev__20261003.pdf,pdf,,P2,collected,"Haas 저작물: 사이트 약관상 서면 허가 없는 사용 불가 표기. 내부 참고용 사본, 재배포 금지"
96-8210,English - Mill Operator’s Manual - NGC - 2023,T March 2023,,08_운전·화면,MNT-01,https://www.haascnc.com/content/dam/haascnc/en/service/manual/operator/english---mill-ngc---operator's-manual---2023.pdf,2026-10-03T18:07:27,direct,200,390223dc5558096a1c1af924bcf96a1228985814e0ab4ff98ae2156fa7ca9e6c,08_운전·화면/96-8210_mill-operators-manual-ngc/96-8210__RevT__20261003.pdf,pdf,,P2,collected,"Haas 저작물: 사이트 약관상 서면 허가 없는 사용 불가 표기. 내부 참고용 사본, 재배포 금지"
96-8210,English - Mill Operator’s Manual - NGC - 2024,U December 2024,,08_운전·화면,MNT-01,https://www.haascnc.com/content/dam/haascnc/en/service/manual/operator/english---mill-ngc---operator's-manual---2024.pdf,2026-10-03T18:07:39,direct,200,b80f2bb571f8982c00855092a062c4ac73368fe56688717b11801f5efa12a0d5,08_운전·화면/96-8210_mill-operators-manual-ngc/96-8210__RevU__20261003.pdf,pdf,,P2,collected,"15인치 가정의 현행판; Haas 저작물: 사이트 약관상 서면 허가 없는 사용 불가 표기. 내부 참고용 사본, 재배포 금지"
VF-2-spec,VF-2 | 40-Taper Mill | Vertical Mills – Haas CNC Machines,,,09_설비사양·설치,설비마스터;가상데이터,https://www.haascnc.com/machines/vertical-mills/vf-series/models/small/vf-2.html,2026-10-03T18:07:50,direct,200,12d5b6a00fb02ee91269eafbd07b5c62b027e374be97c7bb20a6e2fe359e6ccd,09_설비사양·설치/VF-2-spec_vf-2-product-page/VF-2-spec__norev__20261003.html,html,,P2,collected,"Haas 저작물: 사이트 약관상 서면 허가 없는 사용 불가 표기. 내부 참고용 사본, 재배포 금지"
VF-2-spec,VF-2 | 40-Taper Mill | Vertical Mills – Haas CNC Machines,,,09_설비사양·설치,설비마스터;가상데이터,http://web.archive.org/web/20230507091954/https://www.haascnc.com/machines/vertical-mills/vf-series/models/small/vf-2.html,2026-10-03T18:09:06,archive 20230507,200,cd280002ec95d1e2db753022765c17c1404a047f8852b303b2601180501b0c34,09_설비사양·설치/VF-2-spec_vf-2-product-page/VF-2-spec__norev__20261003__archive.html,html,,P2,collected,"Haas 저작물: 사이트 약관상 서면 허가 없는 사용 불가 표기. 내부 참고용 사본, 재배포 금지"
VF-2-preinstall,VF-2 Pre-install Guide,,,09_설비사양·설치,설비마스터,https://www.haascnc.com/owners/pre-install-guide/mills-pre-install/VF-2.html,2026-10-03T18:09:18,direct,200,710d88d461c24aa62c6950c6cd33d2520a7631f8b2d6768baf263582b72fd1cd,09_설비사양·설치/VF-2-preinstall_pre-install-guide/VF-2-preinstall__norev__20261003.html,html,,P2,collected,"Haas 저작물: 사이트 약관상 서면 허가 없는 사용 불가 표기. 내부 참고용 사본, 재배포 금지"
NGC-ESM-13,NGC - Vector Drive - Haas Service Manual,,,02_서보축_알람대응,MNT-02;MNT-03,https://www.haascnc.com/service/online-manuals/next-gen-control-electrical---service-manual/ngc---vector-drive.html,2026-10-03T18:09:28,direct,200,8bd47432cc820e6801b930f48eb9226a66e482acb65c00660dfd1ed1420c4f7f,02_서보축_알람대응/NGC-ESM-13_vector-drive/NGC-ESM-13__norev__20261003.html,html,"Applies to machines built from: January, 2007; Applies to these Parts",P1,collected,"Haas 저작물: 사이트 약관상 서면 허가 없는 사용 불가 표기. 내부 참고용 사본, 재배포 금지"
AD0056,(NGC-ESM-13 장 페이지 안의 문서),Revision A - 05/2025,,02_서보축_알람대응,MNT-02;MNT-03,https://www.haascnc.com/service/online-manuals/next-gen-control-electrical---service-manual/ngc---vector-drive.html,2026-10-03T18:09:28,direct,200,8bd47432cc820e6801b930f48eb9226a66e482acb65c00660dfd1ed1420c4f7f,02_서보축_알람대응/NGC-ESM-13_vector-drive/NGC-ESM-13__norev__20261003.html,html,,P1,collected,"NGC-ESM-13 장 페이지에 포함. Haas 저작물: 사이트 약관상 서면 허가 없는 사용 불가 표기. 내부 참고용 사본, 재배포 금지"
AD0294,(NGC-ESM-13 장 페이지 안의 문서),Revision A - 05/2025,,02_서보축_알람대응,MNT-02;MNT-03,https://www.haascnc.com/service/online-manuals/next-gen-control-electrical---service-manual/ngc---vector-drive.html,2026-10-03T18:09:28,direct,200,8bd47432cc820e6801b930f48eb9226a66e482acb65c00660dfd1ed1420c4f7f,02_서보축_알람대응/NGC-ESM-13_vector-drive/NGC-ESM-13__norev__20261003.html,html,,P1,collected,"NGC-ESM-13 장 페이지에 포함. Haas 저작물: 사이트 약관상 서면 허가 없는 사용 불가 표기. 내부 참고용 사본, 재배포 금지"
TG0158,(NGC-ESM-13 장 페이지 안의 문서),Revision A - 03/2026,,02_서보축_알람대응,MNT-02;MNT-03,https://www.haascnc.com/service/online-manuals/next-gen-control-electrical---service-manual/ngc---vector-drive.html,2026-10-03T18:09:28,direct,200,8bd47432cc820e6801b930f48eb9226a66e482acb65c00660dfd1ed1420c4f7f,02_서보축_알람대응/NGC-ESM-13_vector-drive/NGC-ESM-13__norev__20261003.html,html,,P1,collected,"NGC-ESM-13 장 페이지에 포함. Haas 저작물: 사이트 약관상 서면 허가 없는 사용 불가 표기. 내부 참고용 사본, 재배포 금지"
NGC-ESM-15,NGC - 320V Power Supply - Haas Service Manual,,,02_서보축_알람대응,MNT-02;MNT-03,https://www.haascnc.com/service/online-manuals/next-gen-control-electrical---service-manual/ngc---320v-power-supply.html,2026-10-03T18:09:40,direct,200,418f79fa49bbcbce920d6232af12dcdc2258297a3accd0c3108ef49bb2efb492,02_서보축_알람대응/NGC-ESM-15_320v-power-supply/NGC-ESM-15__norev__20261003.html,html,Applies to these Parts:,P1,collected,"Haas 저작물: 사이트 약관상 서면 허가 없는 사용 불가 표기. 내부 참고용 사본, 재배포 금지"
ngc_314,314 SUBPROGRAM NOT IN MEMORY,,02/27/2026,01_알람코드체계,알람DB;MNT-02,https://www.haascnc.com/service/alarm-search.alarm=ngc_314-0000.html,2026-10-03T18:26:36,direct,200,9d6b7f9b2cdf476a48bb807e965c2619cff8e02ab032728ddc1bdc8ca86ce44e,01_알람코드체계/ngc-alarms/ngc_314__norev__20261003.html,html,,P1,collected,"URL 패턴 기반(노트 미열람); Haas 저작물: 사이트 약관상 서면 허가 없는 사용 불가 표기. 내부 참고용 사본, 재배포 금지"
ngc_174,174 TOOL LOAD EXCEEDED,,02/27/2026,01_알람코드체계,알람DB;MNT-02,https://www.haascnc.com/service/alarm-search.alarm=ngc_174-0000.html,2026-10-03T18:26:48,direct,200,9ab00e39f9e58ff0387b52ca487537edfd66b54af692990a7a172e3826ba67cb,01_알람코드체계/ngc-alarms/ngc_174__norev__20261003.html,html,,P1,collected,"URL 패턴 기반(노트 미열람); Haas 저작물: 사이트 약관상 서면 허가 없는 사용 불가 표기. 내부 참고용 사본, 재배포 금지"
ngc_362,362 TOOL-LIFE LIMIT REACHED,,02/27/2026,01_알람코드체계,알람DB;MNT-02,https://www.haascnc.com/service/alarm-search.alarm=ngc_362-0000.html,2026-10-03T18:27:00,direct,200,4d52608f6c011721e0102dd8218d5561c411ab3a845994451fc7c288c286f109,01_알람코드체계/ngc-alarms/ngc_362__norev__20261003.html,html,,P1,collected,"URL 패턴 기반(노트 미열람); Haas 저작물: 사이트 약관상 서면 허가 없는 사용 불가 표기. 내부 참고용 사본, 재배포 금지"
ngc_4001,4001 LOW AIR DURING TOOL CHANGE,,02/27/2026,01_알람코드체계,알람DB;MNT-02,https://www.haascnc.com/service/alarm-search.alarm=ngc_4001-0000.html,2026-10-03T18:29:23,direct,200,d4399588a0b9f5c8c60e6e316009c16a779a6cacb9bd109f88b16de12f781365,01_알람코드체계/ngc-alarms/ngc_4001__norev__20261003.html,html,,P1,collected,"URL 패턴 기반(노트 미열람); Haas 저작물: 사이트 약관상 서면 허가 없는 사용 불가 표기. 내부 참고용 사본, 재배포 금지"
ngc_160,160 LOW INCOMING AC LINE VOLTAGE,,02/27/2026,01_알람코드체계,알람DB;MNT-02,https://www.haascnc.com/service/alarm-search.alarm=ngc_160-0000.html,2026-10-03T18:29:35,direct,200,6462db5c3e8ed5af88be18f1e0286ae5288092621001111e6ff0bb2af0a92340,01_알람코드체계/ngc-alarms/ngc_160__norev__20261003.html,html,,P1,collected,"URL 패턴 기반(노트 미열람); Haas 저작물: 사이트 약관상 서면 허가 없는 사용 불가 표기. 내부 참고용 사본, 재배포 금지"
ngc_966,966 EXCESSIVE TOOL IMBALANCE,,02/27/2026,01_알람코드체계,알람DB;MNT-02,https://www.haascnc.com/service/alarm-search.alarm=ngc_966-0000.html,2026-10-03T18:29:48,direct,200,557dc68af1477f33405685f98b55abd670ccf8ad528459f254ed7a66fa2c8c29,01_알람코드체계/ngc-alarms/ngc_966__norev__20261003.html,html,,P1,collected,"URL 패턴 기반(노트 미열람); Haas 저작물: 사이트 약관상 서면 허가 없는 사용 불가 표기. 내부 참고용 사본, 재배포 금지"
