수리시작일,수리종료일,유지보수내용,수리비,보고날짜
2021-11-24,2021-11-24,32423423-1,3000,2021-11-24
2023-03-30,2023-03-31,sol valve 및 oil filter 교체,957000,2023-03-31
2023-03-28,2023-03-29,spreading belt tention 조정 및 signal cable kit 교체,968000,2023-03-28
2022-09-05,2022-09-07,heating unit relay 교체,770000,2022-09-07
2022-03-21,2022-03-28,수냉케이블 세관작업,3850000,2022-03-29
2023-04-04,2023-04-06,"압력게이지,고압호스,air sol,원터치 카플러 교체",869000,2023-04-07
2023-02-13,2023-02-16,"HP filter, mold seal, air, moistre filter 교체",6391000,2023-02-17
2022-10-26,2022-11-01,thermocouple 교체,1375000,2022-11-02
2023-03-17,2023-03-31,hprtm 몰드 래핑 및 폴리싱,4500000,2023-04-03
2023-02-01,2023-02-14,진공펌프 오바홀,3750000,2023-02-15
2022-09-07,2022-10-12,냉각수 manifold 및 냉각라인 개선공사,7711000,2022-10-13
2022-10-03,2022-10-07,열성형장비 분리막 제작 개선,8847000,2022-10-10
2023-02-15,2023-02-15,"1. PRO-2 Cylinder - 0.88 plunger units 2ea 2. HP Seal Kit (황동포함) [KMT 60HP 1/8 ] 1 ea 교체 작업 """,6082340,2023-04-27
2023-03-27,2023-03-27,고압펌프 워터젯 필터 및 솔래노이드밸브 교체작업,570460,2023-04-27
2023-02-13,2023-02-13,고압펌프 급수용 자동펌프 교체작업,550000,2023-02-27
2023-04-13,2023-04-13,자동재단기 진공펌프 토출배관 교체,352000,2023-04-17
2023-04-24,2023-04-28,LIT 장비 capacitor외 fuse 유지보수,897600,2023-04-28
2023-04-26,2023-04-28,열처리장비 Thermocouple (C-Type) 유지보수,1501500,2023-04-28
2023-04-13,2023-04-14,리싸이클 열처리장비 방사온도계 검교정,1870000,2023-04-14
2023-05-15,2023-05-17,electronically unwinder 교체,1056000,2023-05-19
2023-05-11,2023-05-12,LIT 장비 pcb온도조절기 교체,1430000,2023-05-12
2023-07-12,2023-07-13,진공 seal 교체,825000,2023-07-19
2023-07-24,2023-07-25,Ar 유량계 교체,341000,2023-07-19
2023-07-20,2023-07-20,c축 서보알람 : 서보드라이브 밧데리교체후 원점설정,0,2023-07-20
2023-08-01,2023-08-01,연마제 공급 밸브 교체 작업 15A 및 닛블 교체,0,2023-08-01
2023-07-24,2023-07-24,진공펌프 전장부품 (릴레이) 교체 작업,20000,2023-07-24
2023-08-17,2023-08-17,자체 점검 1. 오류 내용 확인 2. 냉각기 냉각수 점검,0,2023-08-17
2023-09-14,2023-09-15,자체 점검 1. 전압 승압 전후 오류 메시지 확인 2. 기타 장비 상태 점검,0,2023-09-15
2023-09-14,2023-09-14,y축센서 에러 및 연마제 라인 점검,374000,2023-09-18
2023-09-19,2023-10-16,"히팅 분할 개선 공사(히팅 1/2사용, 전체 사용 가능)",5553900,2023-10-16
2023-11-30,2023-12-01,"1) 장비 점검 및 수리 - 장비 상태 점검 및 고장 부품 상태를 확인 (현 상태 : 4축에러 코드 발생으로 장비 작동 불가 상태, 에어 레귤레이터 고장으로 에어 누설) - 고장 부품 상태를 점검을 실시함 - 부품 교체 후 해당 장비에 대한 시운전 TEST를 통한 장비 정상화 작업 2) 교체 부품 - SIE Power Module 교체 - 에어 레귤레이터 교체",9458900,2023-12-01
2023-11-08,2023-11-08,오리프스 교체,0,2023-11-09
2023-11-29,2023-11-29,워터젯 고압펌프 TOP A/S작업. “RIGHT OVERSTROKE WARNING” 알람발생건 노즐 헤드 스크래치 발생 교체 or 보수작업,756200,2023-11-30
2023-10-31,2023-10-31,크릴대 전원공급장치(파워서플라이) 및 UPS 디바이스,4998400,2023-10-31
2023-09-26,2023-09-27,cooling moter fan,2090000,2023-09-27
2023-12-15,2023-12-15,폴대라인 블럭누수 기존 고압배관 절단 및 재가공완료,1122990,2023-12-18
2023-12-01,2023-12-22,LFI 연동,100,2024-01-30
2023-12-01,2023-12-30,LFI연동,100,2024-01-30
2023-12-01,2024-01-30,LFI 연동,100,2024-01-30
2023-12-01,2024-01-30,LFI 연동,100,2024-01-30
2023-07-01,2023-07-07,한국ACM 입주공간 퇴거에 따라 실용화지원2동 으로 장비이전,0,2024-01-30
2023-09-13,2023-10-03,합리적관리목적의 장비이전 (실용화지원2동으로 이전),0,2024-01-30
2024-02-01,2024-02-01,워터젯 장비점검 전기판넬 G축 드라이버 보체 A830 알람 (조치 : 배터리교체) 원인 : 배터리 전압 규정값이하,0,2024-02-01
2024-02-06,2024-02-07,배터리 교체 및 Pmac solute 원점 셋팅 / 연마제 라인 플러싱 작업,0,2024-02-08
2024-02-16,2024-02-16,폐수처리장치 수중펌프 보수 및 확인,0,2024-02-19
2024-02-19,2024-02-19,워터젯 해드 누수발생으로 재조립,0,2024-02-21
2024-03-26,2024-04-08,장비 안전 커버 제작 및 설치,4700000,2024-04-07
2024-07-11,2024-07-12,자동재단기 컨베이어 벨트,13350000,2024-07-22
2023-06-02,2023-06-02,carbon twin tube ir lamp 보수,858000,2023-06-02
2023-08-31,2023-08-31,es card 보수,440000,2023-08-31
2023-09-13,2023-09-13,fuse 모듈 보수,990000,2023-09-13
2023-06-08,2023-06-08,와인딩 장비 라이너 지재대 개조,1900000,2023-06-08
2024-03-22,2024-03-22,"자체 점검, 온도 센서, 기밀, 구동모터, 순환팬 등",0,2024-03-22
2024-04-02,2024-04-02,IP Hood for lens 등 보수,2860000,2024-04-02
2024-05-20,2024-05-20,"노후 보수-컷팅 롤러,백필터 교환",0,2024-05-20
2024-01-25,2024-01-25,소모품 노후화로 vacuum seal 보수,880000,2024-01-25
2024-02-15,2024-02-15,노후화로 챔버 누수(특수 용접 작업 보수),1372800,2024-02-15
2024-07-08,2024-07-08,"노후 보수-컷팅 롤러, 백필터, 브러쉬 교환",0,2024-07-08
2024-02-29,2024-02-29,장비 점검 - 오류 확인 및 기타 장비 테스트,0,2024-02-29
2024-05-13,2024-05-17,작동 테스트 및 점검 에러 코드 확인 및 제작사와 점검 시운전 칠러 및 레이저 점검,0,2024-05-13
2024-06-27,2024-06-27,시운전 칠러 및 레이저 점검,0,2024-06-27
2024-02-27,2024-02-27,장비 소모품 구매-flexile hose,972400,2024-02-27
2024-08-12,2024-08-12,작동 테스트 및 점검 시운전 및 로봇 작동 점검 칠러 및 레이저 점검,0,2024-08-12
2024-04-12,2024-04-12,소모품 구매-brush,1861200,2024-04-12
2024-09-30,2024-09-30,작동 테스트 및 점검 -로봇 점검 -칠러 및 레이저 점검 -오류 제거 및 자체 점검,0,2024-09-30
2024-10-17,2024-10-17,작동 테스트 및 점검 확인,0,2024-10-17
2024-03-20,2024-03-20,작동 테스트 -에어점검 -절삭유 및 냉각수 점검 - 작동 테스트 - 시운전 등,0,2024-03-20
2024-06-26,2024-06-26,"냉각수, 절삭유, 구동 모터 등 점검",0,2024-06-26
2024-07-25,2024-07-25,작동 및 판넬 점검 주변 정리 및 청소,0,2024-07-25
2024-08-26,2024-08-26,작동 테스트 및 점검,0,2024-08-26
2024-09-11,2024-09-11,장비 전체 점검 작동 및 소모품등 점검 에어 점검 등,0,2024-09-11
2024-10-10,2024-10-10,절삭유 교체 및 장비 점검,2200000,2024-10-10
2024-10-14,2024-10-16,장비 교육 및 장비 점검,0,2024-10-16
2024-02-20,2024-02-20,노후배관 교체,907500,2024-02-20
2024-05-06,2024-05-06,장비 점검 및 시운전,0,2024-05-06
2024-07-10,2024-07-10,장비 점검 -크릴부 점검 - 칠러부 점검 - 히팅부 점검 등,0,2024-07-10
2024-08-14,2024-08-14,장비 점검 - 와인더 쪽 롤러 청소 및 점검 - 수지 함침부 볼트 교체 등 점검 -UPS 배터리 교체,308000,2024-08-14
2024-10-11,2024-10-11,장비 점검 - 전체적 작동 점검 - 오류 확인 및 점검,0,2024-10-11
2024-03-05,2024-03-05,장비 청소 및 라인 점검 - 패널 점검등,0,2024-03-05
2024-05-29,2024-05-29,장비 점검 및 장비 주변 청소,0,2024-05-29
2024-06-19,2024-06-19,장비 라인 점검 - 오류 점검 및 조치 - 금형 청소,0,2024-06-19
2024-07-25,2024-07-25,장비 전기 및 에어 계통 점검,0,2024-07-25
2024-08-20,2024-08-20,장비 시운전 및 점검,0,2024-08-20
2024-09-24,2024-09-24,장비 점검,0,2024-09-24
2024-10-10,2024-10-10,장비 작동 점검 및 주변 정리,0,2024-10-10
2024-04-23,2024-04-23,소모품 구매-우레탄 롤러,958100,2024-04-24
2024-08-20,2024-08-20,"노후 보수-우레탄 롤러, 브러쉬, 백필터",0,2024-08-20
2024-08-20,2024-08-22,preform 장비 노후 에어 실린더 리크 수리,0,2024-08-22
2024-10-04,2024-10-04,노후 소모품 보수(pressure sensor외 8종),4906000,2024-10-04
2024-11-05,2024-11-05,LIT 장비 fuse (fr10am50v1)교체,880000,2024-11-05
2023-08-28,2023-08-28,프레스 몰드 교체 소모로 유압유 보충,4400000,2023-08-28
2024-10-21,2024-10-21,노후 mold heating unit oil 교체,4400000,2024-10-21
2024-05-07,2024-05-07,노후 NCF gauge 및 guide 보수,6060000,2024-05-07
2024-11-18,2024-11-18,NCF 노후 치구 보수,4620000,2024-11-18
2024-11-19,2024-11-19,NCF 장비 off line air hose 파손 보수,0,2024-11-19
2024-04-16,2024-04-18,앞도어 유압 펌프 gasket교체,0,2024-04-18
2024-04-24,2024-04-25,노후 flexible hose 보수(금속 접찹 보수),0,2024-04-25
2024-05-03,2024-05-03,노후 vacuum gauge controller 교체(진공도 부정확),2320000,2024-05-03
2024-07-22,2024-07-22,소모품 T/C교체,3014000,2024-07-22
2023-07-10,2023-07-10,자제 점검,0,2023-07-10
2024-02-14,2024-02-16,PMS seal 교체,0,2024-02-16
2024-03-11,2024-03-14,function line 보수,0,2024-03-14
2023-03-13,2023-03-13,수지 주입기 수리,0,2023-03-13
2023-02-22,2023-02-22,롤러 수정,0,2023-02-22
2024-06-20,2024-06-28,노후 cooling tower 수리,5100000,2024-06-28
2023-10-19,2023-10-19,노후 수리 -히터 교환,0,2023-10-19
2024-07-08,2024-07-11,repair electrical control error 문제 수리,0,2024-07-11
2024-08-07,2024-08-09,H/P flow meter cleaning,0,2024-08-09
2024-10-14,2024-10-18,press interlock system 수리,0,2024-10-18
2023-11-14,2023-11-14,유압 작동유 누유,0,2023-11-14
2024-11-06,2024-11-08,air line 보수(노후 hose 교체),0,2024-11-08
2024-01-11,2024-01-11,메인 에어라인 누설 점검 및 보수,0,2024-01-11
2024-02-28,2024-02-28,장비 점검 및 에어 라인 누설로 인한 에어 호스 교체 및 점검,0,2024-02-28
2024-04-17,2024-04-17,장비 작동점검 및 시운전,0,2024-04-17
2024-05-28,2024-05-28,장비 점검 및 보수 -메인 에어 누설로 피팅 교체,0,2024-05-28
2024-06-14,2024-06-14,"장비 센서류, 소프트웨어 점검",0,2024-06-14
2024-09-20,2024-09-20,와인딩 장비 시운전 점검 - 장비 오류 점검 및 조치,0,2024-09-20
2024-02-02,2024-02-02,장비 점검 및 보수 누설 진공라인 점검 및 보수,0,2024-02-02
2024-03-22,2024-03-22,오븐 분활 운전 테스트 및 점검,0,2024-03-22
2024-04-19,2024-04-19,순환팬 점검 및 그리스 주입,0,2024-04-19
2024-05-31,2024-05-31,승온 온도 및 시간 점검 진공 라인 누설 밸브 교체,0,2024-05-31
2024-06-25,2024-06-25,구동모터 그리스 주입 및 작동 상태 점검,0,2024-06-25
2024-08-30,2024-09-06,"1. R/C FAN 보수 2. 샤프트 교체, 벨트 교체 등 3. 그리스 주입 등 4. 시운전 테스트",3700000,2024-09-06
2024-10-22,2024-10-22,"작동 점검 - 구동 모터, 팬, 히터 등 작동 점검",0,2024-10-22
2024-04-11,2024-04-11,모니터 보수 및 장비 점검,5720000,2024-04-11
2024-04-26,2024-04-26,컴팩션 롤러 보수 - 교체 및 테스트,4675000,2024-04-26
2024-07-01,2024-07-01,장비 점검 및 작동 테스트,0,2024-07-01
2024-08-12,2024-08-12,"장비 작동 테스트 및 점검 - 에러라인, 프로그램, 섬유라인 점검",0,2024-08-12
2024-09-09,2024-09-09,프로그램 오류 확인 및 조치,0,2024-09-09
2024-04-17,2024-04-17,노후 보수- 금형 리프트,0,2024-04-17
2024-07-25,2024-07-25,자체 점검,0,2024-07-25
2024-10-17,2024-10-17,냉각 칠러 라인 수리,0,2024-10-17
2024-03-07,2024-03-07,자체 점검,0,2024-03-07
2024-10-10,2024-10-10,비상 스위치 점검,0,2024-10-10
2024-06-14,2024-06-14,자체 점검,0,2024-06-14
2024-08-23,2024-08-23,컷터 롤 점검,0,2024-08-23
2024-05-13,2024-05-13,노후 점검-스크류 청소,0,2024-05-13
2024-10-14,2024-10-14,노후 수리- 히터 교환,0,2024-10-14
2024-11-12,2024-11-13,smps 출력점검 및 교체 작업,137500,2024-11-14
2025-02-21,2025-02-21,고압펌프 공급수 배관 교체,2629000,2025-03-10
2025-03-06,2025-03-06,각 주요 부품 fiter 교체,4708000,2025-03-06
2025-03-14,2025-03-14,cutting servomotor 교체,3400000,2025-03-14
2025-03-11,2025-03-11,ELECTRONIC TRIP AMPLIFIER PRESSURE SENSOR FILTER REGULATOR BRANCHING MODULE COMPRESSE AIR FILTER PNEUMATIC VALVE 교체,4642000,2025-03-11
2025-03-21,2025-03-21,cooling chiller 보수,680000,2025-03-21
2025-04-04,2025-04-04,Thermo couple 교체,3740000,2025-04-04
2025-04-17,2025-04-17,power supply PLC 교체,770000,2025-04-17
2024-11-19,2024-11-19,장비 점검,0,2024-11-19
2024-12-08,2024-12-08,장비 작동 점검_장비 센서 및 동작 점검,0,2024-12-08
2025-01-07,2025-01-08,장비 점검_작동 및 기능 점검,0,2025-01-08
2025-02-10,2025-02-11,"장비 시운전_토우프레그 꼬임 확인 및 원인 파악 , 주변정리",0,2025-02-11
2025-03-05,2025-03-06,패턴 설계 소프트웨어 점검 및 와인딩 장비 시운전,0,2025-03-06
2025-04-09,2025-04-23,탄소섬유 와인딩 장비 개선 1. 토우프레그 꼬임 방지(가이드 개선) 2. IR 히팅 유닛 추가,5300000,2025-04-23
2025-04-02,2025-04-02,고압급수배관 (온오프밸브),1635260,2025-05-21
2025-06-27,2025-06-27,진공펌프 과열에 의한 꺼짐현상 발생으로 작업중 재단 중단 진공펌프 과열에 의한 교체,5940000,2025-06-30
