pdf_page,printed_page,footer_doc,extractor,layout,column_regions,table_like_regions,gutter_x,center_straddle_ratio,body_rows,pdf_body_tokens,out_tokens,token_recall,token_precision,markitdown_token_recall,fallback_reason,markitdown_tables,headings,hf_lines_not_removed,escaped_hash_lines,cid,fffd,ctrl_marks,repeated_lines,superscript_after_digit,superscript_examples,watch_glyphs,other_nonascii,images,drawings,figure_label_words,markitdown_error
1,,,markitdown,single,0,0,,0.133,15,45,45,1.0,1.0,1.0,,0,0,0,0,0,0,0,,0,,"{""’"": 1, ""”"": 1}","{""©"": 1}",2,23,41,
2,,,pymupdf-fallback,single,0,0,,0.0,0,0,0,,,1.0,MarkItDown 결과 비어 있음,0,0,0,0,0,0,0,,0,,{},{},0,0,0,
3,,,markitdown,single,0,0,,0.5,10,122,122,1.0,1.0,1.0,,0,0,0,0,0,0,0,,0,,{},"{""©"": 1}",0,2,0,
4,,,markitdown,single,0,0,,0.571,7,73,73,1.0,1.0,1.0,,0,0,0,0,0,0,0,,0,,{},{},0,22,0,
5,,,markitdown,single,0,0,,0.645,31,300,300,1.0,1.0,1.0,,0,3,0,0,0,0,0,,0,,"{""“"": 7, ""”"": 7, ""’"": 4}",{},0,1,0,
6,,,markitdown,single,0,0,,0.762,42,521,521,1.0,1.0,1.0,,0,1,0,0,0,0,0,,0,,"{""’"": 4, ""“"": 1, ""”"": 1}",{},0,1,0,
7,,,markitdown,single,0,0,,0.633,30,350,350,1.0,1.0,1.0,,0,3,0,0,0,0,0,,0,,{},{},0,1,0,
8,,,markitdown,single,0,0,,0.722,18,81,81,1.0,1.0,1.0,,0,0,0,0,0,0,0,,0,,"{""’"": 1, ""“"": 1, ""”"": 1}",{},57,976,0,
9,,,markitdown,single,0,0,,0.486,37,250,250,1.0,1.0,1.0,,0,0,0,0,0,0,0,• x4,0,,"{""’"": 3, ""•"": 4}",{},0,1,0,
10,,,markitdown,single,0,0,,0.0,1,1,1,1.0,1.0,1.0,,0,0,0,0,0,0,0,,0,,{},{},0,1,0,
11,,,markitdown,single,0,0,,0.5,32,163,163,1.0,1.0,1.0,,0,0,0,0,0,0,0,• x4; – x7,0,,"{""•"": 4, ""–"": 7}",{},0,1,0,
12,,,markitdown,single,0,0,,0.791,43,349,349,1.0,1.0,1.0,,0,1,0,0,0,0,0,• x5,0,,"{""•"": 5}",{},0,44,0,
13,,,markitdown,single,0,0,,0.741,27,248,248,1.0,1.0,1.0,,0,0,0,0,0,0,0,,0,,{},{},0,2,0,
14,,,markitdown,single,0,0,,0.438,32,260,260,1.0,1.0,1.0,,0,0,0,0,0,0,0,,0,,"{""’"": 1, ""“"": 4, ""”"": 4}",{},0,34,0,
15,,,markitdown,single,0,0,,0.125,16,124,124,1.0,1.0,1.0,,0,0,0,0,0,0,0,,0,,"{""’"": 1}",{},0,14,0,
16,,,markitdown,single,0,0,,0.0,1,1,1,1.0,1.0,1.0,,0,0,0,0,0,0,0,,0,,{},{},0,1,0,
17,,,markitdown,single,0,0,,0.73,37,907,911,0.9956,0.9912,0.9956,,0,2,0,0,0,0,0,,0,,"{""’"": 1}",{},0,1,0,
18,,,markitdown,single,0,0,,0.575,40,1033,1036,0.9971,0.9942,0.9971,,0,2,0,0,0,0,0,,0,,{},{},0,1,0,
19,,,markitdown,single,0,0,,0.829,41,971,1027,0.999,0.9445,0.999,,0,1,4,0,0,0,0,,0,,{},{},0,1,0,
20,,,markitdown,single,0,0,,0.463,41,954,1006,0.999,0.9473,0.999,,0,1,3,0,0,0,0,,0,,{},{},0,1,0,
21,,,markitdown,single,0,0,,0.625,40,831,834,0.9964,0.9928,0.9964,,0,1,0,0,0,0,0,,0,,{},{},0,1,0,
22,,,markitdown,single,0,0,,0.5,24,576,578,0.9965,0.9931,0.9965,,0,2,0,0,0,0,0,,0,,{},{},0,1,0,
23,,,markitdown,single,0,0,,0.765,34,341,341,1.0,1.0,1.0,,0,0,0,0,0,0,0,,0,,"{""’"": 1}",{},0,10,0,
24,,,markitdown,single,0,0,,0.714,35,350,350,1.0,1.0,1.0,,0,0,0,0,0,0,0,,0,,"{""•"": 5, ""“"": 1, ""”"": 1}",{},0,2,0,
25,,,markitdown,single,0,0,,0.8,30,280,280,1.0,1.0,1.0,,0,0,0,0,0,0,0,,0,,"{""•"": 6, ""’"": 5}",{},0,2,0,
26,,,markitdown,single,0,0,,0.722,36,362,366,1.0,0.9891,1.0,,0,0,2,0,0,0,0,• x8; • x4,0,,"{""•"": 12, ""’"": 1}",{},0,11,0,
27,,,markitdown,single,0,0,,0.75,36,377,377,1.0,1.0,1.0,,0,0,0,0,0,0,0,• x4; • x3; • x3,0,,"{""•"": 10}",{},0,15,0,
28,,,markitdown,single,0,0,,0.528,36,326,326,1.0,1.0,1.0,,0,0,0,0,0,0,0,• x4; • x5; • x3; • x4,0,,"{""•"": 17, ""–"": 3}",{},0,2,0,
29,,,markitdown,single,0,0,,0.8,25,191,191,1.0,1.0,1.0,,0,0,0,0,0,0,0,• x3,0,,"{""•"": 4, ""°"": 8, ""’"": 1}",{},0,20,0,
30,,,markitdown,single,0,0,,0.758,33,375,375,1.0,1.0,1.0,,0,0,0,0,0,0,0,,0,,"{""’"": 3, ""“"": 1, ""”"": 1}",{},0,11,0,
31,,,markitdown,single,0,0,,0.607,28,166,166,1.0,1.0,1.0,,8,2,0,0,0,0,0,,0,,{},{},0,28,0,
32,,,markitdown,single,0,0,,0.633,30,290,290,1.0,1.0,1.0,,5,0,0,0,0,0,0,,0,,{},{},0,24,0,
33,,,markitdown,single,0,0,,0.75,28,307,307,1.0,1.0,1.0,,0,0,0,0,0,0,0,,0,,{},{},0,13,0,
34,,,markitdown,single,0,0,,0.722,18,189,189,1.0,1.0,1.0,,0,2,0,0,0,0,0,,0,,{},{},2,13,0,
35,,,markitdown,single,0,0,,0.545,11,90,90,1.0,1.0,1.0,,0,0,0,0,0,0,0,,0,,{},{},1,2,0,
36,,,markitdown,single,0,0,,0.278,18,101,101,1.0,1.0,1.0,,0,0,0,0,0,0,0,,0,,{},{},1,17,0,
37,,,markitdown,single,0,0,,0.727,33,326,326,1.0,1.0,1.0,,0,0,0,0,0,0,0,• x3,0,,"{""•"": 3, ""“"": 1, ""”"": 1}",{},0,13,0,
38,,,markitdown,single,0,0,,0.786,14,123,123,1.0,1.0,1.0,,0,0,0,0,0,0,0,• x4,0,,"{""•"": 4}",{},0,374,3,
39,,,markitdown,single,0,0,,0.682,22,171,175,1.0,0.9771,1.0,,0,0,2,0,0,0,0,,0,,"{""–"": 1}",{},0,242,0,
40,,,markitdown,single,0,0,,0.7,20,182,182,1.0,1.0,1.0,,0,0,0,0,0,0,0,,0,,{},{},0,201,0,
41,,,markitdown,single,0,0,,0.737,19,139,139,1.0,1.0,1.0,,0,0,0,0,0,0,0,,0,,{},{},0,365,0,
42,,,markitdown,single,0,0,,0.769,13,97,97,1.0,1.0,1.0,,0,1,0,0,0,0,0,,0,,{},{},0,143,0,
43,,,markitdown,single,0,0,,0.75,16,106,106,1.0,1.0,1.0,,0,0,0,0,0,0,0,,0,,"{""“"": 2, ""”"": 2, ""’"": 1}",{},1,20,0,
44,,,markitdown,single,0,0,,0.0,1,1,1,1.0,1.0,1.0,,0,0,0,0,0,0,0,,0,,{},{},0,2,0,
45,,,markitdown,single,0,0,,0.667,6,43,43,1.0,1.0,1.0,,0,0,0,0,0,0,0,,0,,"{""’"": 1}",{},0,2,0,
46,,,pymupdf-columns,multi,1,0,258,0.061,33,92,92,1.0,1.0,1.0,,0,0,0,0,0,0,0,,0,,{},{},0,5498,1,
47,,,markitdown,single,0,0,,0.0,27,90,90,1.0,1.0,1.0,,0,0,0,0,0,0,0,,0,,"{""’"": 1}",{},120,4218,0,
48,,,pymupdf-columns,multi,1,0,258,0.286,14,51,51,1.0,1.0,1.0,,0,0,0,0,0,0,0,,0,,{},{},0,2827,0,
49,,,markitdown,single,0,0,,0.0,19,53,54,1.0,0.9815,1.0,,0,0,1,0,0,0,0,,0,,{},{},0,2618,0,
50,,,markitdown,single,0,0,,0.0,16,44,47,1.0,0.9362,1.0,,0,0,1,0,0,0,0,,0,,{},{},0,338,0,
51,,,pymupdf-columns,multi,1,0,272,0.167,30,129,129,1.0,1.0,1.0,,0,0,0,0,0,0,0,,0,,"{""’"": 1}",{},0,9957,0,
52,,,pymupdf-columns,multi,1,0,254,0.138,29,89,89,1.0,1.0,1.0,,0,0,0,0,0,0,0,,0,,{},{},0,16368,0,
53,,,pymupdf-columns,multi,1,0,270,0.0,17,50,50,1.0,1.0,1.0,,0,0,0,0,0,0,0,,0,,{},{},0,7989,0,
54,,,markitdown,single,0,0,,0.214,14,79,79,1.0,1.0,1.0,,0,0,0,0,0,0,0,,0,,"{""’"": 1}",{},0,106,0,
55,,,markitdown,single,0,0,,0.0,20,49,49,1.0,1.0,1.0,,0,0,0,0,0,0,0,,0,,{},{},0,21491,0,
56,,,markitdown,single,0,0,,0.083,12,34,34,1.0,1.0,1.0,,0,0,0,0,0,0,0,,0,,{},{},0,13219,0,
57,,,markitdown,single,0,0,,0.036,28,73,73,1.0,1.0,1.0,,0,0,0,0,0,0,0,,0,,{},{},0,27148,0,
58,,,markitdown,single,0,0,,0.593,27,157,157,1.0,1.0,1.0,,0,1,0,0,0,0,0,• x4,0,,"{""•"": 4}",{},4,102,0,
59,,,markitdown,single,0,0,,0.12,25,174,174,1.0,1.0,1.0,,0,0,0,0,0,0,0,,0,,"{""“"": 2, ""”"": 2, ""’"": 1}",{},0,81,0,
60,,,markitdown,single,0,0,,0.412,17,72,72,1.0,1.0,1.0,,0,0,0,0,0,0,0,,0,,{},{},0,10,0,
61,,,pymupdf-columns,multi,1,0,224,0.057,53,252,252,1.0,1.0,0.7024,MarkItDown 토큰 회수율 0.702 < 0.95 (단어 결합·라벨 뒤섞임 후보),10,1,0,0,0,0,0,,0,,{},{},1023,1543,8,
62,,,markitdown,single,0,0,,0.808,26,198,195,0.9848,1.0,1.0,,4,1,-3,0,0,0,0,,0,,{},{},0,23,0,
63,,,markitdown,single,0,0,,0.76,25,208,208,1.0,1.0,1.0,,0,1,0,0,0,0,0,,0,,{},{},0,22,0,
64,,,markitdown,single,0,0,,0.607,28,249,259,1.0,0.9614,1.0,,6,2,2,0,0,0,0,,0,,{},{},0,36,0,
65,,,markitdown,single,0,0,,0.0,25,214,214,1.0,1.0,1.0,,0,2,0,0,0,0,0,,0,,{},{},0,21,0,
66,,,markitdown,single,0,0,,0.704,27,205,205,1.0,1.0,1.0,,0,2,0,0,0,0,0,,0,,{},{},0,26,0,
67,,,markitdown,single,0,0,,0.154,26,195,192,0.9846,1.0,1.0,,6,1,-3,0,0,0,0,,0,,"{""‘"": 2}",{},0,28,0,
68,,,markitdown,single,0,0,,0.704,27,204,201,0.9853,1.0,1.0,,6,1,-3,0,0,0,0,,0,,{},{},0,27,0,
69,,,markitdown,single,0,0,,0.036,28,197,194,0.9848,1.0,1.0,,5,1,-3,0,0,0,0,,0,,{},{},0,24,0,
70,,,markitdown,single,0,0,,0.68,25,162,162,1.0,1.0,1.0,,4,1,0,0,0,0,0,,0,,{},{},0,20,0,
71,,,markitdown,single,0,0,,0.667,18,204,204,1.0,1.0,1.0,,0,0,0,0,0,0,0,,0,,{},{},0,2,0,
72,,,markitdown,single,0,0,,0.412,17,159,162,1.0,0.9815,1.0,,0,0,2,0,0,0,0,,0,,{},{},0,104,0,
73,,,markitdown,single,0,0,,0.516,31,210,210,1.0,1.0,1.0,,7,1,0,0,0,0,0,,0,,{},{},1,48,0,
74,,,markitdown,single,0,0,,0.357,14,117,117,1.0,1.0,1.0,,0,1,0,0,0,0,0,,0,,{},{},0,60,0,
75,,,markitdown,single,0,0,,0.419,31,258,258,1.0,1.0,1.0,,0,0,0,0,0,0,0,• x6,0,,"{""•"": 6}",{},0,9,0,
76,,,markitdown,single,0,0,,0.517,29,256,256,1.0,1.0,1.0,,0,0,0,0,0,0,0,,0,,{},{},0,10,0,
77,,,markitdown,single,0,0,,0.75,8,87,87,1.0,1.0,1.0,,0,0,0,0,0,0,0,,0,,{},{},1,2,0,
78,,,markitdown,single,0,0,,0.6,15,103,103,1.0,1.0,1.0,,0,0,0,0,0,0,0,• x4,0,,"{""•"": 6}",{},1,2,0,
79,,,markitdown,single,0,0,,0.375,16,135,135,1.0,1.0,1.0,,1,0,0,0,0,0,0,,0,,"{""•"": 2}",{},1,14,0,
80,,,markitdown,single,0,0,,0.5,12,100,100,1.0,1.0,1.0,,0,1,0,0,0,0,0,,0,,{},{},2,8,0,
81,,,markitdown,single,0,0,,0.556,18,171,171,1.0,1.0,1.0,,0,0,0,0,0,0,0,• x4,0,,"{""•"": 5}",{},1,2,0,
82,,,markitdown,single,0,0,,0.633,30,288,307,0.9931,0.9316,0.9931,,4,1,2,0,0,0,0,,0,,"{""•"": 5}",{},0,17,0,
83,,,markitdown,single,0,0,,0.417,12,92,92,1.0,1.0,1.0,,2,0,0,0,0,0,0,,0,,{},{},2,20,0,
84,,,markitdown,single,0,0,,0.0,15,80,82,1.0,0.9756,1.0,,3,0,2,0,0,0,0,,0,,{},{},0,10,0,
85,,,markitdown,single,0,0,,0.0,39,179,179,1.0,1.0,1.0,,0,0,0,0,0,0,0,,0,,{},{},0,10,0,
86,,,markitdown,single,0,0,,0.643,14,147,147,1.0,1.0,1.0,,0,0,0,0,0,0,0,,0,,"{""“"": 1, ""”"": 1}",{},5,2,0,
87,,,markitdown,single,0,0,,0.417,12,101,101,1.0,1.0,1.0,,0,0,0,0,0,0,0,• x8,0,,"{""•"": 8}",{},1,2,0,
88,,,markitdown,single,0,0,,0.5,10,106,106,1.0,1.0,1.0,,0,0,0,0,0,0,0,,0,,{},{},2,2,0,
89,,,markitdown,single,0,0,,0.654,26,277,277,1.0,1.0,1.0,,0,0,0,0,0,0,0,• x4; • x3,0,,"{""•"": 7, ""’"": 1}",{},1,2,0,
90,,,markitdown,single,0,0,,0.5,20,182,182,1.0,1.0,1.0,,0,0,0,0,0,0,0,,0,,"{""•"": 1}",{},0,2,0,
91,,,markitdown,single,0,0,,0.625,24,227,227,1.0,1.0,1.0,,0,0,0,0,0,0,0,,0,,{},{},0,12,0,
92,,,markitdown,single,0,0,,0.333,9,80,80,1.0,1.0,1.0,,0,0,0,0,0,0,0,,0,,{},{},2,10,0,
93,,,markitdown,single,0,0,,0.188,16,55,55,1.0,1.0,1.0,,0,0,0,0,0,0,0,,0,,{},{},0,16,0,
94,,,markitdown,single,0,0,,0.714,7,51,51,1.0,1.0,1.0,,0,0,0,0,0,0,0,,0,,"{""’"": 1}",{},2,2,0,
95,,,markitdown,single,0,0,,0.625,24,212,212,1.0,1.0,1.0,,0,0,0,0,0,0,0,,0,,{},{},1,2,0,
96,,,markitdown,single,0,0,,0.476,21,156,156,1.0,1.0,1.0,,0,0,0,0,0,0,0,,0,,{},{},0,31,0,
97,,,markitdown,single,0,0,,0.182,11,42,42,1.0,1.0,1.0,,0,0,0,0,0,0,0,Not available x4,0,,{},{},3,23,0,
98,,,markitdown,single,0,0,,0.143,7,30,30,1.0,1.0,1.0,,0,0,0,0,0,0,0,,0,,{},{},2,14,0,
99,,,markitdown,single,0,0,,0.444,9,68,69,1.0,0.9855,1.0,,0,0,1,0,0,0,0,,0,,"{""•"": 3}",{},1,10,0,
100,,,markitdown,single,0,0,,0.111,9,47,47,1.0,1.0,1.0,,0,0,0,0,0,0,0,,0,,"{""•"": 1}",{},2,73,0,
101,,,markitdown,single,0,0,,0.222,9,55,56,1.0,0.9821,1.0,,0,0,1,0,0,0,0,,0,,"{""•"": 2}",{},1,21,0,
102,,,markitdown,single,0,0,,0.556,9,80,80,1.0,1.0,1.0,,0,0,0,0,0,0,0,,0,,{},{},1,30,0,
103,,,markitdown,single,0,0,,0.333,6,38,38,1.0,1.0,1.0,,0,0,0,0,0,0,0,,0,,"{""•"": 1}",{},2,56,0,
104,,,markitdown,single,0,0,,0.471,17,148,148,1.0,1.0,1.0,,0,0,0,0,0,0,0,,0,,{},{},1,6,0,
105,,,markitdown,single,0,0,,0.524,21,157,171,1.0,0.9181,1.0,,0,0,0,0,0,0,0,,0,,"{""’"": 1}",{},1,3,0,
106,,,markitdown,single,0,0,,0.0,1,1,1,1.0,1.0,1.0,,0,0,0,0,0,0,0,,0,,{},{},0,2,0,
107,,,markitdown,single,0,0,,0.545,11,82,82,1.0,1.0,1.0,,0,0,0,0,0,0,0,,0,,{},{},2,6,0,
108,,,markitdown,single,0,0,,0.692,13,104,104,1.0,1.0,1.0,,0,1,0,0,0,0,0,,0,,{},{},28,13,0,
109,,,markitdown,single,0,0,,0.5,14,134,134,1.0,1.0,1.0,,0,0,0,0,0,0,0,,0,,{},{},14,67,0,
110,,,markitdown,single,0,0,,0.833,12,89,89,1.0,1.0,1.0,,0,0,0,0,0,0,0,Jog x3,0,,{},{},29,20,0,
111,,,markitdown,single,0,0,,0.8,10,90,93,0.9778,0.9462,0.9778,,3,0,0,0,0,0,0,,0,,{},{},34,51,0,
112,,,markitdown,single,0,0,,0.263,19,118,118,1.0,1.0,1.0,,0,0,0,0,0,0,0,,0,,{},{},10,77,0,
113,,,markitdown,single,0,0,,0.467,15,106,106,1.0,1.0,1.0,,0,0,0,0,0,0,0,,0,,{},{},8,58,0,
114,,,markitdown,single,0,0,,0.417,12,71,71,1.0,1.0,1.0,,0,0,0,0,0,0,0,,0,,{},{},48,42,0,
115,,,markitdown,single,0,0,,0.75,12,91,91,1.0,1.0,1.0,,0,0,0,0,0,0,0,,0,,{},{},28,60,0,
116,,,markitdown,single,0,0,,0.5,16,113,113,1.0,1.0,1.0,,0,0,0,0,0,0,0,,0,,{},{},8,66,0,
117,,,markitdown,single,0,0,,0.625,16,131,131,1.0,1.0,1.0,,0,0,0,0,0,0,0,,0,,{},{},24,60,0,
118,,,markitdown,single,0,0,,0.462,26,178,178,1.0,1.0,1.0,,4,0,0,0,0,0,0,,0,,{},{},29,69,0,
119,,,markitdown,single,0,0,,0.522,23,196,196,1.0,1.0,1.0,,0,0,0,0,0,0,0,,0,,"{""’"": 2}",{},19,27,1,
120,,,markitdown,single,0,0,,0.4,20,131,131,1.0,1.0,1.0,,5,0,0,0,0,0,0,,0,,{},{},28,27,3,
121,,,markitdown,single,0,0,,0.769,13,107,107,1.0,1.0,1.0,,0,0,0,0,0,0,0,,0,,{},{},24,34,0,
122,,,markitdown,single,0,0,,0.6,10,53,53,1.0,1.0,1.0,,0,0,0,0,0,0,0,,0,,{},{},22,14,0,
123,,,markitdown,single,0,0,,0.4,10,64,64,1.0,1.0,1.0,,0,0,0,0,0,0,0,,0,,{},{},15,35,0,
124,,,markitdown,single,0,0,,0.6,5,34,38,1.0,0.8947,1.0,,0,0,2,0,0,0,0,,0,,"{""’"": 1}",{},1,3,0,
125,,,markitdown,single,0,0,,0.8,25,209,209,1.0,1.0,1.0,,0,0,0,0,0,0,0,,0,,{},{},0,446,4,
126,,,markitdown,single,0,0,,0.8,20,240,240,1.0,1.0,1.0,,0,0,0,0,0,0,0,,0,,"{""’"": 1}",{},0,2,0,
127,,,markitdown,single,0,0,,0.6,25,234,238,1.0,0.9832,1.0,,0,0,2,0,0,0,0,• x4,0,,"{""•"": 4}",{},2,12,0,
128,,,markitdown,single,0,0,,0.667,24,272,272,1.0,1.0,1.0,,0,0,0,0,0,0,0,• x6,0,,"{""•"": 6, ""‘"": 1, ""’"": 1}",{},1,8,0,
129,,,markitdown,single,0,0,,0.52,25,258,258,1.0,1.0,1.0,,0,0,0,0,0,0,0,,0,,"{""•"": 2, ""’"": 1}",{},1,13,0,
130,,,markitdown,single,0,0,,0.586,29,269,269,1.0,1.0,1.0,,0,2,0,0,0,0,0,,0,,"{""•"": 2}",{},0,19,0,
131,,,markitdown,single,0,0,,0.839,31,365,365,1.0,1.0,1.0,,0,0,0,0,0,0,0,,0,,"{""’"": 3}",{},0,19,0,
132,,,markitdown,single,0,0,,0.467,15,116,116,1.0,1.0,1.0,,0,0,0,0,0,0,0,,0,,{},{},2,2,0,
133,,,markitdown,single,0,0,,0.696,23,232,232,1.0,1.0,1.0,,0,0,0,0,0,0,0,• x7,0,,"{""•"": 7}",{},1,2,0,
134,,,markitdown,single,0,0,,0.538,26,241,241,1.0,1.0,1.0,,0,0,0,0,0,0,0,• x3,0,,"{""•"": 3}",{},0,8,0,
135,,,markitdown,single,0,0,,0.75,12,112,112,1.0,1.0,1.0,,0,0,0,0,0,0,0,,0,,"{""’"": 1}",{},0,8,0,
136,,,markitdown,single,0,0,,0.167,6,29,29,1.0,1.0,1.0,,0,0,0,0,0,0,0,,0,,{},{},1,2,0,
137,,,markitdown,single,0,0,,0.353,17,116,116,1.0,1.0,1.0,,1,0,0,0,0,0,0,,0,,{},{},1,15,0,
138,,,markitdown,single,0,0,,0.385,26,197,202,1.0,0.9752,1.0,,2,0,2,0,0,0,0,,0,,{},{},0,17,0,
139,,,markitdown,single,0,0,,0.667,21,169,169,1.0,1.0,1.0,,0,0,0,0,0,0,0,,0,,"{""•"": 1}",{},1,7,0,
140,,,markitdown,single,0,0,,0.652,23,199,199,1.0,1.0,1.0,,0,0,0,0,0,0,0,,0,,{},{},0,24,0,
141,,,markitdown,single,0,0,,0.615,13,122,122,1.0,1.0,1.0,,0,0,0,0,0,0,0,,0,,{},{},0,14,0,
142,,,markitdown,single,0,0,,0.25,20,123,123,1.0,1.0,1.0,,0,1,0,0,0,0,0,• x7,0,,"{""•"": 7, ""’"": 3}",{},1,14,0,
143,,,markitdown,single,0,0,,0.7,20,202,202,1.0,1.0,1.0,,0,0,0,0,0,0,0,• x3; • x3,0,,"{""•"": 6}",{},0,14,0,
144,,,markitdown,single,0,0,,0.455,11,107,107,1.0,1.0,1.0,,0,0,0,0,0,0,0,,0,,{},{},1,8,0,
145,,,markitdown,single,0,0,,0.588,17,185,185,1.0,1.0,1.0,,0,0,0,0,0,0,0,,0,,{},{},1,10,0,
146,,,markitdown,single,0,0,,0.536,28,277,277,1.0,1.0,1.0,,0,0,0,0,0,0,0,• x3,0,,"{""“"": 1, ""”"": 1, ""•"": 3}",{},39,164,0,
147,,,markitdown,single,0,0,,0.462,26,249,256,1.0,0.9727,1.0,,0,0,0,0,0,0,0,• x3,0,,"{""•"": 3, ""’"": 1}",{},1,12,0,
148,,,markitdown,single,0,0,,0.676,34,354,368,1.0,0.962,1.0,,0,1,0,0,0,0,0,• x5; • x8,0,,"{""•"": 15}",{},0,8,0,
149,,,markitdown,single,0,0,,0.469,32,241,241,1.0,1.0,1.0,,0,0,0,0,0,0,0,,0,,{},{},0,8,0,
150,,,markitdown,single,0,0,,0.545,33,240,240,1.0,1.0,1.0,,0,0,0,0,0,0,0,,0,,{},{},0,2,0,
151,,,markitdown,single,0,0,,0.5,28,241,255,1.0,0.9451,1.0,,0,0,0,0,0,0,0,,0,,{},{},0,2,0,
152,,,markitdown,single,0,0,,0.692,13,125,129,1.0,0.969,1.0,,0,0,2,0,0,0,0,,0,,{},{},1,32,0,
153,,,markitdown,single,0,0,,0.192,26,146,146,1.0,1.0,1.0,,0,0,0,0,0,0,0,,0,,"{""•"": 2}",{},0,22,0,
154,,,markitdown,single,0,0,,0.5,14,104,105,1.0,0.9905,1.0,,0,0,1,0,0,0,0,,0,,{},{},1,17,0,
155,,,markitdown,single,0,0,,0.667,12,115,119,1.0,0.9664,1.0,,0,0,2,0,0,0,0,,0,,{},{},1,8,0,
156,,,markitdown,single,0,0,,0.4,10,62,62,1.0,1.0,1.0,,0,0,0,0,0,0,0,• x4,0,,"{""•"": 4}",{},0,2,0,
157,,,markitdown,single,0,0,,0.529,17,135,135,1.0,1.0,1.0,,0,0,0,0,0,0,0,,0,,{},{},1,23,0,
158,,,markitdown,single,0,0,,0.5,12,96,96,1.0,1.0,1.0,,0,0,0,0,0,0,0,,0,,"{""“"": 1, ""”"": 1}",{},1,10,0,
159,,,markitdown,single,0,0,,0.533,15,98,102,1.0,0.9608,1.0,,0,0,2,0,0,0,0,,0,,{},{},1,14,0,
160,,,markitdown,single,0,0,,0.333,12,119,119,1.0,1.0,1.0,,0,0,0,0,0,0,0,,0,,{},{},1,15,0,
161,,,markitdown,single,0,0,,0.353,17,162,162,1.0,1.0,1.0,,0,0,0,0,0,0,0,,0,,"{""“"": 1, ""”"": 1}",{},1,17,0,
162,,,markitdown,single,0,0,,0.0,1,1,1,1.0,1.0,1.0,,0,0,0,0,0,0,0,,0,,{},{},1,2,0,
163,,,markitdown,single,0,0,,0.467,15,98,102,1.0,0.9608,1.0,,0,0,2,0,0,0,0,,0,,{},{},1,14,0,
164,,,markitdown,single,0,0,,0.333,12,119,119,1.0,1.0,1.0,,0,0,0,0,0,0,0,,0,,{},{},1,15,0,
165,,,markitdown,single,0,0,,0.538,26,249,249,1.0,1.0,1.0,,0,0,0,0,0,0,0,,0,,"{""“"": 1, ""”"": 2}",{},0,21,0,
166,,,markitdown,single,0,0,,0.667,12,120,120,1.0,1.0,1.0,,0,0,0,0,0,0,0,,0,,{},{},0,16,0,
167,,,markitdown,single,0,0,,0.263,19,91,91,1.0,1.0,1.0,,0,0,0,0,0,0,0,,0,,{},{},1,33,0,
168,,,markitdown,single,0,0,,0.727,22,255,255,1.0,1.0,1.0,,0,0,0,0,0,0,0,,0,,{},{},273,203,0,
169,,,markitdown,single,0,0,,0.667,24,232,232,1.0,1.0,1.0,,0,0,0,0,0,0,0,• x3,0,,"{""•"": 3, ""“"": 1, ""”"": 1}",{},170,199,0,
170,,,markitdown,single,0,0,,0.467,30,350,350,1.0,1.0,1.0,,0,0,0,0,0,0,0,,0,,"{""“"": 8, ""”"": 8, ""‘"": 2, ""’"": 2}",{},0,6,0,
171,,,markitdown,single,0,0,,0.692,26,277,277,1.0,1.0,1.0,,0,0,0,0,0,0,0,,0,,"{""“"": 1, ""”"": 1}",{},410,969,0,
172,,,markitdown,single,0,0,,0.594,32,299,299,1.0,1.0,1.0,,0,1,0,0,0,0,0,• x4,0,,"{""“"": 1, ""”"": 1, ""•"": 4}",{},0,7,0,
173,,,markitdown,single,0,0,,0.722,18,185,185,1.0,1.0,1.0,,0,0,0,0,0,0,0,,0,,{},{},0,2,0,
174,,,markitdown,single,0,0,,0.64,25,269,274,1.0,0.9818,1.0,,0,0,2,0,0,0,0,,0,,"{""“"": 2, ""”"": 2}",{},0,123,0,
175,,,markitdown,single,0,0,,0.667,15,129,133,1.0,0.9699,1.0,,0,0,2,0,0,0,0,,0,,"{""°"": 1, ""•"": 2}",{},0,6139,0,
176,,,markitdown,single,0,0,,0.65,20,223,228,1.0,0.9781,1.0,,0,0,2,0,0,0,0,,0,,"{""’"": 1}",{},0,42,0,
177,,,markitdown,single,0,0,,0.5,10,89,89,1.0,1.0,1.0,,0,0,0,0,0,0,0,,0,,"{""”"": 2}",{},0,2198,0,
178,,,markitdown,single,0,0,,0.65,20,219,223,1.0,0.9821,1.0,,0,0,2,0,0,0,0,,0,,{},{},1,2,0,
179,,,markitdown,single,0,0,,0.786,14,143,143,1.0,1.0,1.0,,0,0,0,0,0,0,0,,0,,{},{},0,2,0,
180,,,markitdown,single,0,0,,0.438,16,131,131,1.0,1.0,1.0,,0,0,0,0,0,0,0,,0,,{},{},1,17,0,
181,,,markitdown,single,0,0,,0.353,34,234,234,1.0,1.0,1.0,,0,0,0,0,0,0,0,0.0000 x3,0,,{},{},0,18198,0,
182,,,markitdown,single,0,0,,0.645,31,246,245,0.9919,0.9959,0.9919,,0,0,0,0,0,0,0,• x3,0,,"{""•"": 3}",{},0,10,0,
183,,,markitdown,single,0,0,,0.667,24,182,196,0.9835,0.9133,0.9835,,4,0,2,0,0,0,0,,0,,"{""•"": 11}",{},0,16,0,
184,,,markitdown,single,0,0,,0.533,30,247,251,0.9919,0.9761,0.9919,,0,0,2,0,0,0,0,• x6,0,,"{""•"": 6}",{},0,11,0,
185,,,markitdown,single,0,0,,0.483,29,238,268,0.9874,0.8769,0.9874,,3,0,2,0,0,0,0,,0,,"{""•"": 6}",{},0,11,0,
186,,,markitdown,single,0,0,,0.5,28,249,249,1.0,1.0,1.0,,0,0,0,0,0,0,0,,0,,{},{},193,423,0,
187,,,markitdown,single,0,0,,0.368,19,130,130,1.0,1.0,1.0,,0,0,0,0,0,0,0,,0,,{},{},2,30,0,
188,,,markitdown,single,0,0,,0.583,12,90,90,1.0,1.0,1.0,,0,0,0,0,0,0,0,,0,,{},{},1,26,0,
189,,,markitdown,single,0,0,,0.737,19,232,232,1.0,1.0,1.0,,0,0,0,0,0,0,0,,0,,{},{},0,8,0,
190,,,markitdown,single,0,0,,0.5,16,190,190,1.0,1.0,1.0,,0,0,0,0,0,0,0,,0,,{},{},1,18,0,
191,,,markitdown,single,0,0,,0.6,30,327,344,1.0,0.9506,1.0,,0,0,2,0,0,0,0,,0,,"{""°"": 2}",{},108,402,11,
192,,,markitdown,single,0,0,,0.429,14,114,114,1.0,1.0,1.0,,0,0,0,0,0,0,0,,0,,"{""“"": 2, ""”"": 1}",{},1,17,0,
193,,,markitdown,single,0,0,,0.531,32,313,313,1.0,1.0,1.0,,0,0,0,0,0,0,0,,0,,{},{},66,420,10,
194,,,markitdown,single,0,0,,0.639,36,426,426,1.0,1.0,1.0,,0,0,0,0,0,0,0,,0,,{},{},0,10,0,
195,,,markitdown,single,0,0,,0.75,8,84,84,1.0,1.0,1.0,,0,0,0,0,0,0,0,,0,,{},{},0,10,0,
196,,,pymupdf-columns,multi,1,0,262,0.45,20,174,174,1.0,1.0,1.0,,0,0,0,0,0,0,0,,0,,{},{},1,40,0,
197,,,markitdown,single,0,0,,0.633,30,306,306,1.0,1.0,1.0,,0,0,0,0,0,0,0,,0,,"{""’"": 1}",{},0,20,0,
198,,,markitdown,single,0,0,,0.0,1,1,1,1.0,1.0,1.0,,0,0,0,0,0,0,0,,0,,{},{},1,2,0,
199,,,markitdown,single,0,0,,0.619,21,188,188,1.0,1.0,1.0,,0,0,0,0,0,0,0,,0,,{},{},1,8,0,
200,,,markitdown,single,0,0,,0.655,29,249,261,1.0,0.954,1.0,,0,0,0,0,0,0,0,,0,,{},{},0,14,0,
201,,,markitdown,single,0,0,,0.652,23,227,227,1.0,1.0,1.0,,0,0,0,0,0,0,0,NOTE: x4,0,,{},{},0,26,0,
202,,,markitdown,single,0,0,,0.48,25,215,215,1.0,1.0,1.0,,0,0,0,0,0,0,0,,0,,{},{},1,9,0,
203,,,markitdown,single,0,0,,0.667,33,313,316,1.0,0.9905,1.0,,0,0,2,0,0,0,0,,0,,"{""•"": 4}",{},0,2,0,
204,,,markitdown,single,0,0,,0.533,15,116,116,1.0,1.0,1.0,,0,0,0,0,0,0,0,,0,,{},{},1,12,0,
205,,,markitdown,single,0,0,,0.789,38,396,396,1.0,1.0,1.0,,0,0,0,0,0,0,0,• x12,0,,"{""•"": 14, ""“"": 2, ""”"": 2, ""’"": 3}",{},0,2,0,
206,,,markitdown,single,0,0,,0.393,28,232,232,1.0,1.0,1.0,,0,1,0,0,0,0,0,,0,,{},{},1,23,0,
207,,,markitdown,single,0,0,,0.6,30,315,315,1.0,1.0,1.0,,0,0,0,0,0,0,0,• x3,0,,"{""•"": 3}",{},0,14,0,
208,,,markitdown,single,0,0,,0.533,15,166,166,1.0,1.0,1.0,,0,0,0,0,0,0,0,,0,,"{""•"": 1}",{},1,2,0,
209,,,markitdown,single,0,0,,0.618,34,223,223,1.0,1.0,1.0,,0,1,0,0,0,0,0,,0,,"{""“"": 2, ""”"": 2}",{},0,14,0,
210,,,markitdown,single,0,0,,0.615,39,307,311,0.9902,0.9775,0.9902,,12,0,0,0,0,0,0,,0,,{},{},0,17,0,
211,,,markitdown,single,0,0,,0.846,26,259,261,1.0,0.9923,1.0,,0,2,2,0,0,0,0,,0,,{},{},0,19,0,
212,,,markitdown,single,0,0,,0.542,24,209,224,0.9904,0.9241,0.9904,,0,0,2,0,0,0,0,0 x3; 1.250 x5,0,,{},"{""Ø"": 1}",0,132,0,
213,,,markitdown,single,0,0,,0.586,29,165,165,1.0,1.0,1.0,,0,0,0,0,0,0,0,,0,,{},{},0,91,0,
214,,,markitdown,single,0,0,,0.29,31,155,155,1.0,1.0,1.0,,0,0,0,0,0,0,0,,0,,{},{},0,120,0,
215,,,markitdown,single,0,0,,0.767,43,321,321,1.0,1.0,1.0,,0,0,0,0,0,0,0,,0,,{},{},0,2,0,
216,,,markitdown,single,0,0,,0.5,32,291,306,1.0,0.951,1.0,,0,0,0,0,0,0,0,,0,,{},{},0,6,0,
217,,,markitdown,single,0,0,,0.571,35,213,213,1.0,1.0,1.0,,0,0,0,0,0,0,0,,0,,{},{},0,8,0,
218,,,markitdown,single,0,0,,0.655,29,317,317,1.0,1.0,1.0,,0,0,0,0,0,0,0,• x3; • x3,0,,"{""•"": 6}",{},0,18,0,
219,,,markitdown,single,0,0,,0.76,25,214,214,1.0,1.0,1.0,,0,0,0,0,0,0,0,• x5,0,,"{""•"": 5}",{},0,7,0,
220,,,markitdown,single,0,0,,0.394,33,288,292,1.0,0.9863,1.0,,0,1,2,0,0,0,0,,0,,{},{},0,36,0,
221,,,markitdown,single,0,0,,0.375,32,211,211,1.0,1.0,1.0,,0,0,0,0,0,0,0,,0,,{},{},0,2,0,
222,,,markitdown,single,0,0,,0.765,34,467,473,1.0,0.9873,1.0,,0,0,2,0,0,0,0,,0,,"{""’"": 1}",{},0,2,0,
223,,,pymupdf-columns,multi,1,0,256,0.19,21,98,98,1.0,1.0,1.0,,0,1,0,0,0,0,0,,0,,{},{},0,113,0,
224,,,pymupdf-columns,multi,2,0,244,0.087,23,98,98,1.0,1.0,1.0,,0,2,0,0,0,0,0,,0,,{},{},0,128,0,
225,,,markitdown,single,0,0,,0.879,33,478,478,1.0,1.0,1.0,,0,0,0,0,0,0,0,,0,,{},{},0,2,0,
226,,,markitdown,single,0,0,,0.55,20,206,206,1.0,1.0,1.0,,0,0,0,0,0,0,0,,0,,{},{},0,20,0,
227,,,pymupdf-columns,multi,1,0,278,0.056,18,42,42,1.0,1.0,1.0,,0,0,0,0,0,0,0,,0,,{},{},0,29,0,
228,,,markitdown,single,0,0,,0.5,32,219,219,1.0,1.0,1.0,,0,0,0,0,0,0,0,r x3; r x4,0,,{},{},0,49,0,
229,,,markitdown,single,0,0,,0.625,16,191,191,1.0,1.0,1.0,,0,0,0,0,0,0,0,,0,,{},{},1,24,0,
230,,,markitdown,single,0,0,,0.514,35,179,179,1.0,1.0,1.0,,0,0,0,0,0,0,0,,0,,{},{},26,120,0,
231,,,markitdown,single,0,0,,0.579,38,346,346,1.0,1.0,1.0,,0,0,0,0,0,0,0,• x3,0,,"{""•"": 5}",{},0,2,0,
232,,,markitdown,single,0,0,,0.656,32,349,349,1.0,1.0,1.0,,0,0,0,0,0,0,0,• x5; • x4,0,,"{""•"": 9}",{},0,2,0,
233,,,markitdown,single,0,0,,0.656,32,328,328,1.0,1.0,1.0,,0,0,0,0,0,0,0,,0,,"{""•"": 2}",{},0,8,0,
234,,,markitdown,single,0,0,,0.714,35,384,386,1.0,0.9948,1.0,,0,0,2,0,0,0,0,• x4; • x4,0,,"{""•"": 9, ""’"": 2}",{},0,2,0,
235,,,markitdown,single,0,0,,0.605,43,268,268,1.0,1.0,1.0,,0,0,0,0,0,0,0,,0,,{},{},0,2,0,
236,,,pymupdf-columns,multi,1,0,346,0.263,38,121,121,1.0,1.0,0.9256,MarkItDown 토큰 회수율 0.926 < 0.95 (단어 결합·라벨 뒤섞임 후보),0,1,0,0,0,0,0,,0,,{},{},0,483,0,
237,,,markitdown,single,0,0,,0.707,41,278,278,1.0,1.0,1.0,,0,0,0,0,0,0,0,,0,,{},{},0,2,0,
238,,,markitdown,single,0,0,,0.442,43,220,220,1.0,1.0,1.0,,0,0,0,0,0,0,0,,0,,{},{},0,2,0,
239,,,markitdown,single,0,0,,0.723,47,272,272,1.0,1.0,1.0,,0,0,0,0,0,0,0,,0,,{},{},0,2,0,
240,,,markitdown,single,0,0,,0.5,38,271,271,1.0,1.0,1.0,,0,2,0,0,0,0,0,,0,,{},{},0,2,0,
241,,,markitdown,single,0,0,,0.615,26,125,125,1.0,1.0,1.0,,0,0,0,0,0,0,0,,0,,{},{},0,4284,0,
242,,,markitdown,single,0,0,,0.688,16,158,163,1.0,0.9693,1.0,,0,0,2,0,0,0,0,,0,,"{""’"": 1}",{},1,3,0,
243,,,markitdown,single,0,0,,0.417,12,75,75,1.0,1.0,1.0,,0,0,0,0,0,0,0,,0,,{},{},2,2,0,
244,,,markitdown,single,0,0,,0.583,24,213,213,1.0,1.0,1.0,,0,0,0,0,0,0,0,,0,,{},{},0,14,0,
245,,,markitdown,single,0,0,,0.438,16,117,117,1.0,1.0,1.0,,0,0,0,0,0,0,0,,0,,"{""’"": 1}",{},1,10,0,
246,,,pymupdf-columns,multi,1,0,340,0.4,25,190,190,1.0,1.0,0.9947,,0,0,0,0,0,0,0,,0,,{},{},1,18,0,
247,,,markitdown,single,0,0,,0.385,26,198,213,1.0,0.9296,1.0,,11,1,2,0,0,0,0,,0,,{},{},0,21,0,
248,,,markitdown,single,0,0,,0.371,35,218,218,1.0,1.0,1.0,,0,0,0,0,0,0,0,,0,,"{""’"": 1}",{},0,2,0,
249,,,markitdown,single,0,0,,0.263,19,124,124,1.0,1.0,1.0,,0,0,0,0,0,0,0,,0,,{},{},0,2407,0,
250,,,markitdown,single,0,0,,0.312,16,106,110,1.0,0.9636,1.0,,0,0,2,0,0,0,0,,0,,{},{},0,855,0,
251,,,pymupdf-columns,multi,1,0,338,0.5,30,186,186,1.0,1.0,1.0,,0,0,0,0,0,0,0,,0,,{},{},0,160,0,
252,,,markitdown,single,0,0,,0.182,33,173,173,1.0,1.0,1.0,,6,0,0,0,0,0,0,,0,,{},{},0,13,0,
253,,,markitdown,single,0,0,,0.875,8,72,72,1.0,1.0,1.0,,0,0,0,0,0,0,0,,0,,{},{},1,2,0,
254,,,markitdown,single,0,0,,0.69,29,277,278,0.9964,0.9928,0.9964,,8,0,0,0,0,0,0,,0,,"{""“"": 1, ""”"": 1}",{},0,15,0,
255,,,pymupdf-columns,multi,1,0,342,0.5,24,179,179,1.0,1.0,1.0,,0,0,0,0,0,0,0,,0,,"{""±"": 1, ""•"": 3}","{""º"": 2}",0,1325,0,
256,,,markitdown,single,0,0,,0.652,23,233,233,1.0,1.0,1.0,,0,0,0,0,0,0,0,,0,,"{""“"": 2, ""”"": 2}",{},1,32,0,
257,,,markitdown,single,0,0,,0.455,22,140,140,1.0,1.0,1.0,,0,0,0,0,0,0,0,,0,,{},{},2,20,0,
258,,,markitdown,single,0,0,,0.667,27,248,248,1.0,1.0,1.0,,0,0,0,0,0,0,0,,0,,{},{},1,6,0,
259,,,markitdown,single,0,0,,0.704,27,299,310,1.0,0.9645,1.0,,0,0,0,0,0,0,0,,0,,"{""’"": 1}",{},1,2,0,
260,,,markitdown,single,0,0,,0.556,18,142,142,1.0,1.0,1.0,,0,0,0,0,0,0,0,,0,,{},{},2,18,0,
261,,,markitdown,single,0,0,,0.706,17,151,154,1.0,0.9805,1.0,,0,0,2,0,0,0,0,,0,,{},{},2,8,0,
262,,,markitdown,single,0,0,,0.636,33,349,349,1.0,1.0,1.0,,0,0,0,0,0,0,0,• x4,0,,"{""–"": 3, ""•"": 4, ""’"": 1}",{},0,8,0,
263,,,markitdown,single,0,0,,0.567,30,281,281,1.0,1.0,1.0,,0,0,0,0,0,0,0,,0,,"{""’"": 2}",{},0,19,0,
264,,,markitdown,single,0,0,,0.591,22,236,236,1.0,1.0,1.0,,0,0,0,0,0,0,0,,0,,{},{},0,7,0,
265,,,markitdown,single,0,0,,0.684,19,190,190,1.0,1.0,1.0,,0,0,0,0,0,0,0,,0,,{},{},1,8,0,
266,,,markitdown,single,0,0,,0.586,29,301,305,1.0,0.9869,1.0,,0,0,2,0,0,0,0,,0,,{},{},0,6,0,
267,,,markitdown,single,0,0,,0.792,24,222,222,1.0,1.0,1.0,,0,0,0,0,0,0,0,• x3,0,,"{""•"": 5}",{},0,2,0,
268,,,markitdown,single,0,0,,0.619,21,227,227,1.0,1.0,1.0,,0,0,0,0,0,0,0,,0,,{},{},0,94,0,
269,,,markitdown,single,0,0,,0.421,19,184,184,1.0,1.0,1.0,,0,0,0,0,0,0,0,,0,,"{""’"": 1}",{},0,209,0,
270,,,markitdown,single,0,0,,0.68,25,272,275,1.0,0.9891,1.0,,0,0,2,0,0,0,0,,0,,"{""’"": 1, ""•"": 1}",{},1,8,0,
271,,,markitdown,single,0,0,,0.457,35,266,277,1.0,0.9603,1.0,,0,0,0,0,0,0,0,• x3,0,,"{""•"": 3}",{},0,2,0,
272,,,markitdown,single,0,0,,0.333,30,227,227,1.0,1.0,1.0,,0,0,0,0,0,0,0,; x3,0,,"{""…"": 2}",{},0,2,0,
273,,,markitdown,single,0,0,,0.769,26,263,263,1.0,1.0,1.0,,0,0,0,0,0,0,0,,0,,{},{},0,8,0,
274,,,markitdown,single,0,0,,0.731,26,288,288,1.0,1.0,1.0,,0,0,0,0,0,0,0,,0,,{},{},1,2,0,
275,,,markitdown,single,0,0,,0.8,25,160,169,1.0,0.9467,1.0,,3,1,2,0,0,0,0,,0,,{},{},0,21,0,
276,,,markitdown,single,0,0,,0.238,21,141,135,0.9574,1.0,1.0,,2,1,-6,0,0,0,0,,0,,{},{},0,34,0,
277,,,markitdown,single,0,0,,0.25,24,178,178,1.0,1.0,1.0,,2,1,0,0,0,0,0,,0,,{},{},0,22,0,
278,,,markitdown,single,0,0,,0.464,28,349,354,0.9742,0.9605,0.9742,,5,0,0,0,0,0,0,,0,,{},{},0,25,0,
279,,,markitdown,single,0,0,,0.667,24,254,254,1.0,1.0,1.0,,0,0,0,0,0,0,0,,0,,"{""’"": 1}",{},1,12,0,
280,,,pymupdf-fallback,single,0,0,,0.88,25,228,228,1.0,1.0,0.8509,MarkItDown 토큰 회수율 0.851 < 0.95 (단어 결합·라벨 뒤섞임 후보),8,1,0,0,0,0,0,,0,,{},{},0,30,0,
281,,,markitdown,single,0,0,,0.958,24,132,132,0.9545,0.9545,0.9545,,13,0,0,0,0,0,0,,0,,{},{},0,31,0,
282,,,pymupdf-fallback,single,0,0,,0.519,27,174,174,1.0,1.0,0.8678,MarkItDown 토큰 회수율 0.868 < 0.95 (단어 결합·라벨 뒤섞임 후보),6,0,0,0,0,0,0,,0,,{},{},0,31,0,
283,,,pymupdf-fallback,single,0,0,,0.958,24,193,193,1.0,1.0,0.7927,MarkItDown 토큰 회수율 0.793 < 0.95 (단어 결합·라벨 뒤섞임 후보),3,0,0,0,0,0,0,,0,,{},{},0,31,0,
284,,,markitdown,single,0,0,,0.625,24,183,183,1.0,1.0,1.0,,14,0,0,0,0,0,0,,0,,{},{},0,31,0,
285,,,pymupdf-fallback,single,0,0,,0.96,25,155,155,1.0,1.0,0.8581,MarkItDown 토큰 회수율 0.858 < 0.95 (단어 결합·라벨 뒤섞임 후보),6,0,0,0,0,0,0,,0,,{},{},0,31,0,
286,,,pymupdf-fallback,single,0,0,,0.818,22,150,150,1.0,1.0,0.94,MarkItDown 토큰 회수율 0.940 < 0.95 (단어 결합·라벨 뒤섞임 후보),2,0,0,0,0,0,0,,0,,{},{},0,24,0,
287,,,markitdown,single,0,0,,0.471,17,122,122,1.0,1.0,1.0,,0,1,0,0,0,0,0,,0,,{},{},1,10,0,
288,,,markitdown,single,0,0,,0.72,25,251,251,1.0,1.0,1.0,,0,0,0,0,0,0,0,,0,,{},{},0,19,0,
289,,,markitdown,single,0,0,,0.568,37,284,284,1.0,1.0,1.0,,0,0,0,0,0,0,0,,0,,"{""•"": 2}",{},0,2,0,
290,,,markitdown,single,0,0,,0.48,25,192,202,0.9896,0.9406,0.9896,,3,1,1,0,0,0,0,,0,,{},{},0,23,0,
291,,,markitdown,single,0,0,,0.774,31,348,348,1.0,1.0,1.0,,0,0,0,0,0,0,0,,0,,{},{},0,8,0,
292,,,markitdown,single,0,0,,0.684,19,196,196,1.0,1.0,1.0,,0,0,0,0,0,0,0,,0,,{},{},0,21,0,
293,,,pymupdf-fallback,single,0,0,,0.12,25,229,229,1.0,1.0,0.6856,MarkItDown 토큰 회수율 0.686 < 0.95 (단어 결합·라벨 뒤섞임 후보),5,1,0,0,0,0,0,,0,,{},{},0,27,0,
294,,,pymupdf-fallback,single,0,0,,0.667,27,194,194,1.0,1.0,0.9072,MarkItDown 토큰 회수율 0.907 < 0.95 (단어 결합·라벨 뒤섞임 후보),6,0,0,0,0,0,0,,0,,{},{},0,22,0,
295,,,markitdown,single,0,0,,0.136,22,169,169,1.0,1.0,1.0,,0,0,0,0,0,0,0,,0,,{},{},0,25,0,
296,,,markitdown,single,0,0,,0.95,20,118,118,1.0,1.0,1.0,,0,0,0,0,0,0,0,,0,,{},{},0,27,0,
297,,,markitdown,single,0,0,,0.48,25,165,165,1.0,1.0,1.0,,0,1,0,0,0,0,0,,0,,{},{},0,23,0,
298,,,markitdown,single,0,0,,0.231,26,183,183,1.0,1.0,1.0,,0,0,0,0,0,0,0,,0,,{},{},0,12,0,
299,,,markitdown,single,0,0,,0.385,26,173,173,1.0,1.0,1.0,,0,0,0,0,0,0,0,,0,,{},{},0,10,0,
300,,,markitdown,single,0,0,,0.571,28,221,221,1.0,1.0,1.0,,0,1,0,0,0,0,0,Degrees x3; Decimal x4,0,,"{""’"": 1}",{},0,13,0,
301,,,markitdown,single,0,0,,0.303,33,214,214,1.0,1.0,1.0,,1,0,0,0,0,0,0,,0,,{},{},0,16,0,
302,,,markitdown,single,0,0,,0.346,26,141,141,1.0,1.0,1.0,,0,0,0,0,0,0,0,,0,,{},{},0,9,0,
303,,,markitdown,single,0,0,,0.269,26,143,145,1.0,0.9862,1.0,,1,0,2,0,0,0,0,,0,,{},{},0,21,0,
304,,,markitdown,single,0,0,,0.379,29,174,174,1.0,1.0,1.0,,0,0,0,0,0,0,0,,0,,{},{},0,8,0,
305,,,markitdown,single,0,0,,0.69,29,283,283,1.0,1.0,1.0,,0,0,0,0,0,0,0,,0,,{},{},0,2,0,
306,,,markitdown,single,0,0,,0.583,36,331,331,1.0,1.0,1.0,,0,0,0,0,0,0,0,,0,,{},{},0,2,0,
307,,,markitdown,single,0,0,,0.333,36,129,129,1.0,1.0,1.0,,0,0,0,0,0,0,0,,0,,{},{},0,2,0,
308,,,markitdown,single,0,0,,0.64,25,236,236,1.0,1.0,1.0,,0,0,0,0,0,0,0,,0,,{},{},0,2,0,
309,,,markitdown,single,0,0,,0.607,28,263,263,1.0,1.0,1.0,,0,0,0,0,0,0,0,,0,,{},{},0,7,0,
310,,,markitdown,single,0,0,,0.429,35,277,277,1.0,1.0,1.0,,0,0,0,0,0,0,0,,0,,{},{},0,2,0,
311,,,markitdown,single,0,0,,0.692,26,246,246,1.0,1.0,1.0,,0,0,0,0,0,0,0,,0,,{},{},0,6,0,
312,,,markitdown,single,0,0,,0.333,24,171,171,1.0,1.0,1.0,,0,0,0,0,0,0,0,,0,,{},{},0,13,0,
313,,,markitdown,single,0,0,,0.731,26,278,278,1.0,1.0,1.0,,0,0,0,0,0,0,0,,0,,{},{},0,2,0,
314,,,markitdown,single,0,0,,0.562,32,283,283,1.0,1.0,1.0,,0,0,0,0,0,0,0,,0,,"{""’"": 1}",{},0,7,0,
315,,,markitdown,single,0,0,,0.594,32,265,265,1.0,1.0,1.0,,0,0,0,0,0,0,0,,0,,{},{},0,14,0,
316,,,markitdown,single,0,0,,0.652,23,242,242,1.0,1.0,1.0,,0,0,0,0,0,0,0,,0,,{},{},0,7,0,
317,,,markitdown,single,0,0,,0.667,6,38,38,1.0,1.0,1.0,,0,0,0,0,0,0,0,,0,,"{""’"": 1}",{},2,3,0,
318,,,markitdown,single,0,0,,0.759,29,359,363,1.0,0.989,1.0,,0,0,2,0,0,0,0,,0,,{},{},0,2,0,
319,,,markitdown,single,0,0,,0.579,19,160,160,1.0,1.0,1.0,,0,0,0,0,0,0,0,,0,,{},{},1,12,0,
320,,,markitdown,single,0,0,,0.083,24,142,142,1.0,1.0,1.0,,13,1,0,0,0,0,0,,0,,{},{},0,31,0,
321,,,markitdown,single,0,0,,0.5,24,153,157,0.9935,0.9682,0.9935,,12,0,0,0,0,0,0,,0,,{},{},0,32,0,
322,,,markitdown,single,0,0,,0.125,24,164,164,1.0,1.0,1.0,,14,0,0,0,0,0,0,,0,,{},{},0,32,0,
323,,,markitdown,single,0,0,,0.0,24,138,138,1.0,1.0,1.0,,14,0,0,0,0,0,0,,0,,{},{},0,32,0,
324,,,markitdown,single,0,0,,0.08,25,171,171,1.0,1.0,1.0,,11,0,0,0,0,0,0,,0,,"{""•"": 3}",{},0,28,0,
325,,,markitdown,single,0,0,,0.613,31,262,262,1.0,1.0,1.0,,0,0,0,0,0,0,0,,0,,"{""•"": 1}",{},0,14,0,
326,,,markitdown,single,0,0,,0.588,34,370,384,1.0,0.9635,1.0,,0,0,0,0,0,0,0,,0,,"{""•"": 2, ""—"": 1}",{},0,8,0,
327,,,markitdown,single,0,0,,0.654,26,278,293,1.0,0.9488,1.0,,0,0,0,0,0,0,0,,0,,{},{},0,20,0,
328,,,markitdown,single,0,0,,0.333,36,179,191,0.9832,0.9215,0.9832,,0,0,0,0,0,0,0,0 x3; 0 x3; 0 x3,0,,{},{},0,252,0,
329,,,markitdown,single,0,0,,0.611,36,330,330,1.0,1.0,1.0,,0,0,0,0,0,0,0,,0,,{},{},2,109,0,
330,,,markitdown,single,0,0,,0.452,31,224,224,1.0,1.0,1.0,,0,0,0,0,0,0,0,,0,,{},{},0,8,0,
331,,,markitdown,single,0,0,,0.433,30,267,267,1.0,1.0,1.0,,0,0,0,0,0,0,0,,0,,{},{},0,20,0,
332,,,markitdown,single,0,0,,0.4,35,190,196,0.9895,0.9592,0.9895,,0,0,0,0,0,0,0,0 x3,0,,"{""°"": 1}",{},0,17,0,
333,,,markitdown,single,0,0,,0.611,36,391,406,1.0,0.9631,1.0,,0,0,0,0,0,0,0,,0,,{},{},0,8,0,
334,,,markitdown,single,0,0,,0.438,32,185,184,0.9892,0.9946,0.9892,,0,1,0,0,0,0,0,,0,,"{""°"": 2}","{""Ø"": 1}",0,59,0,
335,,,markitdown,single,0,0,,0.529,34,207,206,0.9903,0.9951,0.9903,,0,0,0,0,0,0,0,,0,,{},"{""Ø"": 1}",0,60,0,
336,,,markitdown,single,0,0,,0.432,37,341,341,1.0,1.0,1.0,,0,1,0,0,0,0,0,,0,,{},{},30,47,0,
337,,,markitdown,single,0,0,,0.647,34,239,239,1.0,1.0,1.0,,0,0,0,0,0,0,0,,0,,{},{},0,8,0,
338,,,markitdown,single,0,0,,0.351,37,213,213,1.0,1.0,1.0,,0,1,0,0,0,0,0,,0,,{},{},123,79,0,
339,,,markitdown,single,0,0,,0.59,39,279,293,1.0,0.9522,1.0,,0,0,0,0,0,0,0,,0,,{},{},0,2,0,
340,,,markitdown,single,0,0,,0.64,25,260,260,1.0,1.0,1.0,,0,1,0,0,0,0,0,,0,,{},{},0,14,0,
341,,,markitdown,single,0,0,,0.524,42,244,261,0.9631,0.9004,0.9631,,5,0,0,0,0,0,0,,0,,"{""–"": 2, ""”"": 2}",{},0,2,0,
342,,,markitdown,single,0,0,,0.432,37,327,327,1.0,1.0,1.0,,0,0,0,0,0,0,0,,0,,{},{},0,8,0,
343,,,markitdown,single,0,0,,0.529,34,221,221,1.0,1.0,1.0,,0,0,0,0,0,0,0,,0,,{},{},50,134,0,
344,,,markitdown,single,0,0,,0.567,30,231,231,1.0,1.0,1.0,,0,0,0,0,0,0,0,,0,,{},{},0,2,0,
345,,,pymupdf-columns,multi,1,0,356,0.523,44,390,390,1.0,1.0,0.941,MarkItDown 토큰 회수율 0.941 < 0.95 (단어 결합·라벨 뒤섞임 후보),12,0,0,0,0,0,0,,0,,{},{},0,131,18,
346,,,markitdown,single,0,0,,0.568,37,335,335,1.0,1.0,1.0,,0,0,0,0,0,0,0,,0,,{},{},0,2,0,
347,,,markitdown,single,0,0,,0.5,32,205,209,1.0,0.9809,1.0,,0,0,0,0,0,0,0,,0,,{},{},0,2,0,
348,,,markitdown,single,0,0,,0.469,32,272,272,1.0,1.0,1.0,,0,1,0,0,0,0,0,,0,,{},{},0,2,0,
349,,,markitdown,single,0,0,,0.564,39,259,259,1.0,1.0,1.0,,0,0,0,0,0,0,0,,0,,{},{},0,2,0,
350,,,markitdown,single,0,0,,0.588,34,323,323,1.0,1.0,1.0,,0,1,0,0,0,0,0,,0,,{},{},0,2,0,
351,,,markitdown,single,0,0,,0.711,38,323,323,1.0,1.0,1.0,,0,0,0,0,0,0,0,,0,,{},{},0,2,0,
352,,,markitdown,single,0,0,,0.485,33,236,236,1.0,1.0,1.0,,0,1,0,0,0,0,0,,0,,{},{},0,2,0,
353,,,markitdown,single,0,0,,0.733,30,319,319,1.0,1.0,1.0,,0,0,0,0,0,0,0,,0,,{},{},0,8,0,
354,,,markitdown,single,0,0,,0.543,35,289,289,1.0,1.0,1.0,,0,1,0,0,0,0,0,,0,,{},{},0,14,0,
355,,,markitdown,single,0,0,,0.552,29,206,206,1.0,1.0,1.0,,0,0,0,0,0,0,0,,0,,"{""’"": 1, ""”"": 1}",{},0,2,0,
356,,,pymupdf-fallback,single,0,0,,0.528,36,217,217,1.0,1.0,0.9124,MarkItDown 토큰 회수율 0.912 < 0.95 (단어 결합·라벨 뒤섞임 후보),8,1,0,0,0,0,0,,0,,"{""°"": 1, ""’"": 1}",{},0,44,0,
357,,,markitdown,single,0,0,,0.367,30,227,230,0.9868,0.9739,0.9868,,2,0,0,0,0,0,0,,0,,"{""‘"": 1}",{},0,24,0,
358,,,markitdown,single,0,0,,0.588,34,338,338,1.0,1.0,1.0,,0,2,0,0,0,0,0,,0,,{},{},0,2,0,
359,,,markitdown,single,0,0,,0.289,38,161,161,1.0,1.0,1.0,,0,0,0,0,0,0,0,,0,,{},{},0,8,0,
360,,,markitdown,single,0,0,,0.64,25,291,291,1.0,1.0,1.0,,0,0,0,0,0,0,0,• x3,0,,"{""•"": 3}",{},0,8,0,
361,,,markitdown,single,0,0,,0.375,16,75,75,1.0,1.0,1.0,,0,0,0,0,0,0,0,,0,,{},{},0,32,0,
362,,,markitdown,single,0,0,,0.517,29,174,174,1.0,1.0,1.0,,0,0,0,0,0,0,0,,0,,{},{},0,33,0,
363,,,markitdown,single,0,0,,0.548,31,191,191,1.0,1.0,1.0,,0,0,0,0,0,0,0,,0,,{},{},0,38,0,
364,,,markitdown,single,0,0,,0.469,32,195,195,1.0,1.0,1.0,,0,0,0,0,0,0,0,,0,,{},{},0,39,0,
365,,,markitdown,single,0,0,,0.676,37,440,440,1.0,1.0,1.0,,0,0,0,0,0,0,0,– x4,0,,"{""•"": 2, ""–"": 5}",{},0,2,0,
366,,,markitdown,single,0,0,,0.606,33,345,345,1.0,1.0,1.0,,0,0,0,0,0,0,0,,0,,"{""’"": 1, ""“"": 1, ""”"": 1}",{},0,2,0,
367,,,markitdown,single,0,0,,0.514,37,294,294,1.0,1.0,1.0,,0,0,0,0,0,0,0,,0,,{},{},0,8,0,
368,,,markitdown,single,0,0,,0.452,31,283,283,1.0,1.0,1.0,,0,0,0,0,0,0,0,,0,,{},{},0,29,0,
369,,,markitdown,single,0,0,,0.345,29,134,134,1.0,1.0,1.0,,0,0,0,0,0,0,0,,0,,{},{},0,107,0,
370,,,markitdown,single,0,0,,0.469,32,180,180,1.0,1.0,1.0,,0,1,0,0,0,0,0,,0,,{},{},0,128,0,
371,,,markitdown,single,0,0,,0.514,35,215,215,1.0,1.0,1.0,,0,0,0,0,0,0,0,,0,,"{""’"": 1}",{},0,2,0,
372,,,markitdown,single,0,0,,0.433,30,221,221,1.0,1.0,1.0,,0,0,0,0,0,0,0,,0,,"{""–"": 1}",{},0,2,0,
373,,,pymupdf-columns,multi,1,0,332,0.44,25,156,156,1.0,1.0,1.0,,0,0,0,0,0,0,0,,0,,{},{},0,64,0,
374,,,pymupdf-fallback,single,0,0,,0.296,27,212,212,1.0,1.0,0.9481,MarkItDown 토큰 회수율 0.948 < 0.95 (단어 결합·라벨 뒤섞임 후보),7,0,0,0,0,0,0,,0,,{},{},0,200,0,
375,,,pymupdf-columns,multi,1,0,356,0.438,32,195,195,1.0,1.0,1.0,,0,0,0,0,0,0,0,,0,,{},{},10,125,0,
376,,,markitdown,single,0,0,,0.37,27,212,212,1.0,1.0,1.0,,0,0,0,0,0,0,0,,0,,"{""“"": 1, ""”"": 1}",{},44,186,10,
377,,,markitdown,single,0,0,,0.433,30,240,240,1.0,1.0,1.0,,0,0,0,0,0,0,0,,0,,"{""“"": 1, ""”"": 1}",{},19,94,4,
378,,,markitdown,single,0,0,,0.433,30,194,194,1.0,1.0,1.0,,0,0,0,0,0,0,0,,0,,"{""“"": 2, ""”"": 2}",{},0,48,0,
379,,,markitdown,single,0,0,,0.615,26,214,214,1.0,1.0,1.0,,0,0,0,0,0,0,0,,0,,"{""“"": 1, ""”"": 1}",{},0,29,0,
380,,,markitdown,single,0,0,,0.333,33,165,165,1.0,1.0,1.0,,0,0,0,0,0,0,0,,0,,{},{},42,128,0,
381,,,markitdown,single,0,0,,0.618,34,281,281,1.0,1.0,1.0,,0,0,0,0,0,0,0,,0,,"{""“"": 1, ""”"": 1}",{},0,18,0,
382,,,markitdown,single,0,0,,0.324,34,185,185,1.0,1.0,1.0,,0,0,0,0,0,0,0,,0,,{},{},26,136,0,
383,,,markitdown,single,0,0,,0.241,29,192,210,1.0,0.9143,1.0,,0,0,0,0,0,0,0,Q x3,0,,{},{},58,239,0,
384,,,markitdown,single,0,0,,0.303,33,155,155,1.0,1.0,1.0,,0,0,0,0,0,0,0,Q x3,0,,{},{},0,126,0,
385,,,markitdown,single,0,0,,0.424,33,191,191,1.0,1.0,1.0,,0,0,0,0,0,0,0,,0,,{},{},30,160,0,
386,,,markitdown,single,0,0,,0.233,30,150,150,1.0,1.0,1.0,,0,0,0,0,0,0,0,,0,,{},{},20,127,0,
387,,,markitdown,single,0,0,,0.357,28,180,174,0.9611,0.9943,0.9611,,0,0,0,0,0,0,0,,0,,"{""“"": 1, ""”"": 1}",{},76,186,0,
388,,,markitdown,single,0,0,,0.429,28,202,202,1.0,1.0,1.0,,0,0,0,0,0,0,0,,0,,"{""“"": 1, ""”"": 1}",{},42,160,0,
389,,,markitdown,single,0,0,,0.667,33,320,320,1.0,1.0,1.0,,0,0,0,0,0,0,0,,0,,{},{},0,2,0,
390,,,markitdown,single,0,0,,0.68,25,300,300,1.0,1.0,1.0,,0,0,0,0,0,0,0,,0,,{},{},0,8,0,
391,,,markitdown,single,0,0,,0.643,28,206,206,1.0,1.0,1.0,,0,0,0,0,0,0,0,,0,,{},{},0,265,0,
392,,,markitdown,single,0,0,,0.577,26,190,190,1.0,1.0,1.0,,0,0,0,0,0,0,0,,0,,{},{},0,265,0,
393,,,markitdown,single,0,0,,0.455,22,163,163,1.0,1.0,1.0,,0,0,0,0,0,0,0,,0,,{},{},0,2,0,
394,,,markitdown,single,0,0,,0.538,26,214,214,1.0,1.0,1.0,,0,0,0,0,0,0,0,,0,,"{""“"": 1, ""”"": 1}",{},0,29,0,
395,,,markitdown,single,0,0,,0.371,35,241,241,1.0,1.0,1.0,,0,0,0,0,0,0,0,; x3,0,,"{""•"": 1}",{},0,8,0,
396,,,markitdown,single,0,0,,0.553,38,402,409,1.0,0.9829,1.0,,0,1,0,0,0,0,0,• x3,0,,"{""•"": 3}",{},0,2,0,
397,,,markitdown,single,0,0,,0.636,33,262,262,1.0,1.0,1.0,,0,0,0,0,0,0,0,,0,,{},{},0,2,0,
398,,,markitdown,single,0,0,,0.438,32,202,202,1.0,1.0,1.0,,0,0,0,0,0,0,0,,0,,{},{},0,2,0,
399,,,markitdown,single,0,0,,0.744,43,435,452,1.0,0.9624,1.0,,0,0,0,0,0,0,0,,0,,{},{},0,2,0,
400,,,pymupdf-fallback,single,0,0,,0.346,26,167,167,1.0,1.0,0.9162,MarkItDown 토큰 회수율 0.916 < 0.95 (단어 결합·라벨 뒤섞임 후보),0,0,0,0,0,0,0,,6,[(x2-x1)^2; (y2-y1)^2; (z2-z1)^2; AB=[(.15)^2; (.25)^2; (.9566)^2,{},{},0,48,3,
401,,,markitdown,single,0,0,,0.75,40,382,382,1.0,1.0,1.0,,0,0,0,0,0,0,0,,0,,{},{},0,2,0,
402,,,markitdown,single,0,0,,0.543,35,266,280,1.0,0.95,1.0,,0,0,0,0,0,0,0,,0,,{},{},0,2,0,
403,,,markitdown,single,0,0,,0.694,36,392,392,1.0,1.0,1.0,,0,0,0,0,0,0,0,,0,,{},{},0,14,0,
404,,,markitdown,single,0,0,,0.395,38,220,227,1.0,0.9692,1.0,,0,0,0,0,0,0,0,,0,,"{""”"": 1}",{},60,277,0,
405,,,markitdown,single,0,0,,0.576,33,156,156,1.0,1.0,1.0,,0,0,0,0,0,0,0,,0,,{},{},28,55,0,
406,,,markitdown,single,0,0,,0.45,40,242,242,1.0,1.0,1.0,,0,1,0,0,0,0,0,,0,,"{""”"": 1}",{},0,2,0,
407,,,markitdown,single,0,0,,0.457,35,173,173,1.0,1.0,1.0,,0,0,0,0,0,0,0,,0,,{},{},36,74,0,
408,,,markitdown,single,0,0,,0.595,42,256,256,1.0,1.0,1.0,,0,1,0,0,0,0,0,,0,,"{""”"": 1}",{},0,2,0,
409,,,markitdown,single,0,0,,0.438,32,175,175,1.0,1.0,1.0,,0,0,0,0,0,0,0,,0,,{},{},35,65,0,
410,,,markitdown,single,0,0,,0.639,36,260,260,1.0,1.0,1.0,,0,1,0,0,0,0,0,,0,,"{""”"": 1}",{},0,8,0,
411,,,markitdown,single,0,0,,0.793,29,202,202,1.0,1.0,1.0,,0,0,0,0,0,0,0,,0,,{},{},0,7,0,
412,,,markitdown,single,0,0,,0.241,29,127,127,1.0,1.0,1.0,,0,0,0,0,0,0,0,,0,,{},{},0,8,0,
413,,,markitdown,single,0,0,,0.444,18,116,116,1.0,1.0,1.0,,0,0,0,0,0,0,0,,0,,{},{},0,55,0,
414,,,markitdown,single,0,0,,0.562,32,378,378,1.0,1.0,1.0,,0,0,0,0,0,0,0,,0,,{},{},0,14,0,
415,,,markitdown,single,0,0,,0.306,36,225,225,1.0,1.0,1.0,,0,0,0,0,0,0,0,• x3,0,,"{""•"": 10}",{},0,14,0,
416,,,markitdown,single,0,0,,0.292,24,184,184,1.0,1.0,1.0,,0,2,0,0,0,0,0,,0,,{},{},0,2,0,
417,,,markitdown,single,0,0,,0.774,31,374,374,1.0,1.0,1.0,,0,0,0,0,0,0,0,,0,,{},{},0,14,0,
418,,,markitdown,single,0,0,,0.5,18,190,190,1.0,1.0,1.0,,0,2,0,0,0,0,0,,0,,{},{},1,20,0,
419,,,markitdown,single,0,0,,0.634,41,286,286,1.0,1.0,1.0,,0,0,0,0,0,0,0,,0,,{},{},0,2,0,
420,,,markitdown,single,0,0,,0.412,17,152,152,1.0,1.0,1.0,,0,0,0,0,0,0,0,,0,,{},{},0,306,0,
421,,,markitdown,single,0,0,,0.615,13,103,103,1.0,1.0,1.0,,0,0,0,0,0,0,0,,0,,"{""’"": 1, ""•"": 2}",{},0,856,0,
422,,,markitdown,single,0,0,,0.6,35,306,306,1.0,1.0,1.0,,0,0,0,0,0,0,0,• x5; • x4; • x4,0,,"{""•"": 15, ""–"": 11}",{},0,2,0,
423,,,markitdown,single,0,0,,0.629,35,350,350,1.0,1.0,1.0,,0,0,0,0,0,0,0,,0,,{},{},0,6,0,
424,,,markitdown,single,0,0,,0.765,17,168,168,1.0,1.0,1.0,,0,0,0,0,0,0,0,,0,,{},{},0,371,0,
425,,,markitdown,single,0,0,,0.312,16,112,112,1.0,1.0,1.0,,0,0,0,0,0,0,0,,0,,{},{},0,762,0,
426,,,markitdown,single,0,0,,0.395,38,224,224,1.0,1.0,1.0,,0,1,0,0,0,0,0,• x7; • x4,0,,"{""’"": 1, ""•"": 13, ""–"": 9}",{},0,2,0,
427,,,markitdown,single,0,0,,0.676,34,331,331,1.0,1.0,1.0,,0,0,0,0,0,0,0,,0,,{},{},0,2,0,
428,,,markitdown,single,0,0,,0.684,19,190,190,1.0,1.0,1.0,,0,0,0,0,0,0,0,,0,,{},{},1,2,0,
429,,,markitdown,single,0,0,,0.432,37,216,216,1.0,1.0,1.0,,0,0,0,0,0,0,0,,0,,{},{},0,2,0,
430,,,markitdown,single,0,0,,0.6,5,34,34,1.0,1.0,1.0,,0,0,0,0,0,0,0,,0,,"{""’"": 1}",{},1,3,0,
431,,,markitdown,single,0,0,,0.609,23,204,204,1.0,1.0,1.0,,0,0,0,0,0,0,0,,0,,{},{},1,12,0,
432,,,markitdown,single,0,0,,0.042,24,123,123,1.0,1.0,1.0,,13,1,0,0,0,0,0,,0,,{},{},0,30,0,
433,,,markitdown,single,0,0,,0.125,24,161,161,1.0,1.0,1.0,,14,0,0,0,0,0,0,,0,,{},{},0,31,0,
434,,,markitdown,single,0,0,,0.2,25,196,197,0.9949,0.9898,0.9949,,10,0,0,0,0,0,0,,0,,{},{},0,21,0,
435,,,markitdown,single,0,0,,0.565,23,202,202,1.0,1.0,1.0,,0,0,0,0,0,0,0,,0,,{},{},0,26,0,
436,,,markitdown,single,0,0,,0.704,27,256,256,1.0,1.0,1.0,,0,0,0,0,0,0,0,,0,,"{""“"": 1, ""”"": 1}",{},0,23,0,
437,,,markitdown,single,0,0,,0.633,30,301,301,1.0,1.0,1.0,,0,0,0,0,0,0,0,• x3,0,,"{""•"": 3}",{},0,14,0,
438,,,markitdown,single,0,0,,0.625,24,242,242,1.0,1.0,1.0,,0,1,0,0,0,0,0,,0,,{},{},0,14,0,
439,,,pymupdf-columns,multi,2,0,278,0.132,38,135,135,1.0,1.0,1.0,,0,0,0,0,0,0,0,,0,,{},{},0,1533,0,
440,,,markitdown,single,0,0,,0.692,26,252,252,1.0,1.0,1.0,,0,0,0,0,0,0,0,,0,,{},{},0,14,0,
441,,,markitdown,single,0,0,,0.318,22,116,116,1.0,1.0,1.0,,0,0,0,0,0,0,0,,0,,"{""“"": 1, ""”"": 1}",{},0,1406,0,
442,,,markitdown,single,0,0,,0.5,30,275,275,1.0,1.0,1.0,,0,0,0,0,0,0,0,,0,,{},{},0,2,0,
443,,,markitdown,single,0,0,,0.538,26,231,254,0.9827,0.8937,0.9827,,2,0,1,0,0,0,0,,0,,{},{},0,17,0,
444,,,markitdown,single,0,0,,0.393,28,253,257,0.9842,0.9689,0.9842,,3,0,0,0,0,0,0,,0,,{},{},0,17,0,
445,,,markitdown,single,0,0,,0.64,25,215,218,0.9907,0.9771,0.9907,,2,0,0,0,0,0,0,,0,,{},{},0,30,0,
446,,,markitdown,single,0,0,,0.652,23,253,253,1.0,1.0,1.0,,0,0,0,0,0,0,0,,0,,{},{},0,40,0,
447,,,markitdown,single,0,0,,0.484,31,230,230,1.0,1.0,1.0,,0,0,0,0,0,0,0,,0,,{},{},0,12,0,
448,,,markitdown,single,0,0,,0.474,38,337,337,1.0,1.0,1.0,,0,0,0,0,0,0,0,,0,,{},{},0,2,0,
449,,,markitdown,single,0,0,,0.41,39,262,262,1.0,1.0,1.0,,0,0,0,0,0,0,0,,0,,{},{},0,2,0,
450,,,markitdown,single,0,0,,0.438,32,219,219,1.0,1.0,1.0,,0,2,0,0,0,0,0,,0,,"{""’"": 2}",{},0,13,0,
451,,,markitdown,single,0,0,,0.3,30,131,131,1.0,1.0,1.0,,0,0,0,0,0,0,0,,0,,"{""•"": 3}",{},0,10,0,
452,,,markitdown,single,0,0,,0.348,23,161,161,1.0,1.0,1.0,,0,0,0,0,0,0,0,,0,,{},{},0,20,0,
453,,,markitdown,single,0,0,,0.5,42,297,307,1.0,0.9674,1.0,,0,0,0,0,0,0,0,,0,,{},{},0,2,0,
454,,,markitdown,single,0,0,,0.378,37,235,235,1.0,1.0,1.0,,0,0,0,0,0,0,0,• x3,0,,"{""•"": 3}",{},0,8,0,
455,,,markitdown,single,0,0,,0.833,12,126,126,1.0,1.0,1.0,,0,0,0,0,0,0,0,,0,,{},{},2,14,0,
456,,,markitdown,single,0,0,,0.69,29,312,312,1.0,1.0,1.0,,0,0,0,0,0,0,0,,0,,{},{},0,8,0,
457,,,markitdown,single,0,0,,0.667,24,213,213,1.0,1.0,1.0,,0,0,0,0,0,0,0,NOTE: x3,0,,"{""“"": 1, ""”"": 1}",{},0,20,0,
458,,,markitdown,single,0,0,,0.269,26,153,153,1.0,1.0,1.0,,0,1,0,0,0,0,0,,0,,"{""“"": 2, ""”"": 2}",{},0,19,0,
459,,,markitdown,single,0,0,,0.84,25,290,290,1.0,1.0,1.0,,0,0,0,0,0,0,0,,0,,{},{},0,14,0,
460,,,markitdown,single,0,0,,0.6,10,70,70,1.0,1.0,1.0,,0,0,0,0,0,0,0,,0,,"{""’"": 1}",{},1,8,0,
461,,,markitdown,single,0,0,,0.565,23,208,208,1.0,1.0,1.0,,4,1,0,0,0,0,0,,0,,{},{},1,11,0,
462,,,markitdown,single,0,0,,0.0,24,123,123,1.0,1.0,1.0,,14,0,0,0,0,0,0,,0,,{},{},0,31,0,
463,,,markitdown,single,0,0,,0.0,24,127,127,1.0,1.0,1.0,,14,0,0,0,0,0,0,,0,,{},{},0,31,0,
464,,,markitdown,single,0,0,,0.0,24,120,120,1.0,1.0,1.0,,14,0,0,0,0,0,0,,0,,{},{},0,30,0,
465,,,markitdown,single,0,0,,0.0,24,120,120,1.0,1.0,1.0,,14,0,0,0,0,0,0,,0,,{},{},0,31,0,
466,,,markitdown,single,0,0,,0.042,24,126,126,1.0,1.0,1.0,,14,0,0,0,0,0,0,,0,,{},{},0,31,0,
467,,,markitdown,single,0,0,,0.0,24,140,140,1.0,1.0,1.0,,14,0,0,0,0,0,0,,0,,{},{},0,31,0,
468,,,markitdown,single,0,0,,0.0,24,145,145,1.0,1.0,1.0,,14,0,0,0,0,0,0,,0,,{},{},0,31,0,
469,,,markitdown,single,0,0,,0.083,24,137,137,1.0,1.0,1.0,,14,0,0,0,0,0,0,,0,,{},{},0,31,0,
470,,,markitdown,single,0,0,,0.36,25,221,224,0.991,0.9777,0.991,,8,0,0,0,0,0,0,,0,,{},{},0,21,0,
471,,,markitdown,single,0,0,,0.375,24,186,186,1.0,1.0,1.0,,0,0,0,0,0,0,0,• x4,0,,"{""•"": 6}",{},0,11,0,
472,,,markitdown,single,0,0,,0.292,24,221,221,1.0,1.0,1.0,,0,1,0,0,0,0,0,,0,,{},{},0,22,0,
473,,,markitdown,single,0,0,,0.75,24,220,220,1.0,1.0,1.0,,0,0,0,0,0,0,0,,0,,{},{},0,8,0,
474,,,markitdown,single,0,0,,0.593,27,248,248,1.0,1.0,1.0,,0,0,0,0,0,0,0,,0,,{},{},0,28,0,
475,,,markitdown,single,0,0,,0.75,28,291,291,1.0,1.0,1.0,,0,0,0,0,0,0,0,NOTE: x3,0,,{},{},0,20,0,
476,,,markitdown,single,0,0,,0.516,31,318,318,1.0,1.0,1.0,,0,0,0,0,0,0,0,,0,,{},{},0,8,0,
477,,,markitdown,single,0,0,,0.714,21,221,221,1.0,1.0,1.0,,0,0,0,0,0,0,0,,0,,{},{},0,2,0,
478,,,markitdown,single,0,0,,0.357,14,105,105,1.0,1.0,1.0,,0,0,0,0,0,0,0,,0,,{},{},0,29,0,
479,,,markitdown,single,0,0,,0.655,29,259,259,1.0,1.0,1.0,,0,0,0,0,0,0,0,,0,,{},{},0,43,0,
480,,,markitdown,single,0,0,,0.565,23,249,249,1.0,1.0,1.0,,0,0,0,0,0,0,0,,0,,{},{},0,8,0,
481,,,markitdown,single,0,0,,0.5,28,312,312,1.0,1.0,1.0,,0,0,0,0,0,0,0,,0,,{},{},0,8,0,
482,,,markitdown,single,0,0,,0.679,28,264,264,1.0,1.0,1.0,,0,0,0,0,0,0,0,,0,,{},{},0,17,0,
483,,,markitdown,single,0,0,,0.645,31,280,280,1.0,1.0,1.0,,0,0,0,0,0,0,0,• x4,0,,"{""•"": 6}",{},0,12,0,
484,,,markitdown,single,0,0,,0.52,25,239,250,1.0,0.956,1.0,,0,0,0,0,0,0,0,,0,,{},{},0,14,0,
485,,,markitdown,single,0,0,,0.577,26,211,211,1.0,1.0,1.0,,0,0,0,0,0,0,0,,0,,{},{},0,12,0,
486,,,markitdown,single,0,0,,0.655,29,310,310,1.0,1.0,1.0,,0,0,0,0,0,0,0,,0,,"{""–"": 1}",{},0,14,0,
487,,,markitdown,single,0,0,,0.786,28,312,312,1.0,1.0,1.0,,0,0,0,0,0,0,0,,0,,{},{},0,6,0,
488,,,markitdown,single,0,0,,0.567,30,316,316,1.0,1.0,1.0,,0,0,0,0,0,0,0,,0,,"{""•"": 4}",{},0,8,0,
489,,,markitdown,single,0,0,,0.741,27,292,292,1.0,1.0,1.0,,0,0,0,0,0,0,0,,0,,"{""’"": 1}",{},0,19,0,
490,,,markitdown,single,0,0,,0.621,29,320,320,1.0,1.0,1.0,,0,0,0,0,0,0,0,,0,,{},{},0,17,0,
491,,,markitdown,single,0,0,,0.577,26,261,261,1.0,1.0,1.0,,0,0,0,0,0,0,0,,0,,{},{},0,14,0,
492,,,markitdown,single,0,0,,0.719,32,325,325,1.0,1.0,1.0,,0,0,0,0,0,0,0,,0,,"{""’"": 1}",{},0,2,0,
493,,,markitdown,single,0,0,,0.676,34,340,340,1.0,1.0,1.0,,0,0,0,0,0,0,0,,0,,"{""’"": 1, ""•"": 2}",{},0,2,0,
494,,,markitdown,single,0,0,,0.517,29,257,257,1.0,1.0,1.0,,0,0,0,0,0,0,0,,0,,"{""•"": 4}",{},0,14,0,
495,,,markitdown,single,0,0,,0.533,15,146,146,1.0,1.0,1.0,,0,0,0,0,0,0,0,,0,,{},{},2,13,0,
496,,,markitdown,single,0,0,,0.273,11,84,84,1.0,1.0,1.0,,0,0,0,0,0,0,0,,0,,"{""°"": 2, ""•"": 2}",{},0,546,0,
497,,,pymupdf-columns,multi,1,0,304,0.421,19,132,132,1.0,1.0,1.0,,0,0,0,0,0,0,0,,0,,"{""°"": 2, ""•"": 2}",{},0,244,0,
498,,,pymupdf-columns,multi,1,0,344,0.222,18,114,114,1.0,1.0,1.0,,0,0,0,0,0,0,0,,0,,"{""°"": 2, ""•"": 2}",{},0,245,0,
499,,,pymupdf-columns,multi,1,0,302,0.435,23,160,160,1.0,1.0,1.0,,0,0,0,0,0,0,0,,0,,"{""°"": 2, ""•"": 3}",{},0,245,0,
500,,,markitdown,single,0,0,,0.591,22,207,207,1.0,1.0,1.0,,0,0,0,0,0,0,0,,0,,"{""’"": 3, ""“"": 1, ""”"": 1}",{},2,2,0,
501,,,markitdown,single,0,0,,0.654,26,228,228,1.0,1.0,1.0,,0,0,0,0,0,0,0,,0,,{},{},0,12,0,
502,,,markitdown,single,0,0,,0.556,27,251,251,1.0,1.0,1.0,,0,0,0,0,0,0,0,,0,,{},{},0,22,0,
503,,,markitdown,single,0,0,,0.68,25,229,229,1.0,1.0,1.0,,0,0,0,0,0,0,0,,0,,{},{},0,27,0,
504,,,markitdown,single,0,0,,0.759,29,289,289,1.0,1.0,1.0,,0,0,0,0,0,0,0,,0,,{},{},0,12,0,
505,,,markitdown,single,0,0,,0.741,27,281,281,1.0,1.0,1.0,,0,0,0,0,0,0,0,,0,,{},{},0,22,0,
506,,,markitdown,single,0,0,,0.778,27,282,282,1.0,1.0,1.0,,0,0,0,0,0,0,0,,0,,{},{},0,22,0,
507,,,markitdown,single,0,0,,0.806,31,332,332,1.0,1.0,1.0,,0,0,0,0,0,0,0,,0,,"{""“"": 2, ""”"": 2, ""’"": 2, ""°"": 2}",{},0,22,0,
508,,,markitdown,single,0,0,,0.618,34,395,395,1.0,1.0,1.0,,0,0,0,0,0,0,0,,0,,"{""“"": 4, ""”"": 4, ""’"": 4, ""°"": 4}",{},0,14,0,
509,,,markitdown,single,0,0,,0.767,30,347,347,1.0,1.0,1.0,,0,0,0,0,0,0,0,,0,,"{""“"": 5, ""”"": 5, ""’"": 5, ""°"": 6}",{},0,20,0,
510,,,markitdown,single,0,0,,0.73,37,428,428,1.0,1.0,1.0,,0,0,0,0,0,0,0,,0,,"{""“"": 1, ""”"": 1, ""’"": 2}",{},0,2,0,
511,,,markitdown,single,0,0,,0.562,32,357,357,1.0,1.0,1.0,,0,0,0,0,0,0,0,,0,,"{""’"": 1}",{},0,8,0,
512,,,markitdown,single,0,0,,0.757,37,431,431,1.0,1.0,1.0,,0,0,0,0,0,0,0,,0,,"{""’"": 2}",{},0,2,0,
513,,,markitdown,single,0,0,,0.733,30,305,305,1.0,1.0,1.0,,0,0,0,0,0,0,0,,0,,{},{},0,8,0,
514,,,markitdown,single,0,0,,0.792,24,257,257,1.0,1.0,1.0,,0,0,0,0,0,0,0,,0,,"{""“"": 3, ""”"": 3}",{},0,13,0,
515,,,markitdown,single,0,0,,0.652,23,256,256,1.0,1.0,1.0,,0,0,0,0,0,0,0,• x3,0,,"{""•"": 3}",{},1,11,0,
516,,,markitdown,single,0,0,,0.548,31,282,282,1.0,1.0,1.0,,0,0,0,0,0,0,0,• x3,0,,"{""•"": 7}",{},0,7,0,
517,,,markitdown,single,0,0,,0.56,25,184,184,1.0,1.0,1.0,,1,0,0,0,0,0,0,,0,,"{""•"": 1}",{},0,19,0,
518,,,markitdown,single,0,0,,0.6,25,223,223,1.0,1.0,1.0,,0,0,0,0,0,0,0,• x3,0,,"{""•"": 3, ""“"": 1, ""”"": 1}",{},0,20,0,
519,,,markitdown,single,0,0,,0.656,32,335,335,1.0,1.0,1.0,,0,0,0,0,0,0,0,,0,,"{""•"": 2}",{},0,8,0,
520,,,markitdown,single,0,0,,0.632,19,198,198,1.0,1.0,1.0,,0,0,0,0,0,0,0,,0,,{},{},4,7,0,
521,,,markitdown,single,0,0,,0.76,25,278,278,1.0,1.0,1.0,,0,0,0,0,0,0,0,• x4,0,,"{""“"": 2, ""”"": 2, ""•"": 4}",{},0,14,0,
522,,,markitdown,single,0,0,,0.5,16,136,136,1.0,1.0,1.0,,0,0,0,0,0,0,0,,0,,{},{},0,26,0,
523,,,markitdown,single,0,0,,0.688,16,157,157,1.0,1.0,1.0,,0,0,0,0,0,0,0,,0,,{},{},2,8,0,
524,,,markitdown,single,0,0,,0.429,14,102,106,1.0,0.9623,1.0,,0,1,2,0,0,0,0,,0,,{},{},0,39,0,
525,,,markitdown,single,0,0,,0.857,14,129,129,1.0,1.0,1.0,,0,0,0,0,0,0,0,,0,,{},{},0,29,0,
526,,,markitdown,single,0,0,,0.407,27,206,221,0.9854,0.9186,0.9854,,7,0,2,0,0,0,0,,0,,"{""•"": 4, ""’"": 1}",{},0,5375,1,
527,,,markitdown,single,0,0,,0.688,32,291,295,1.0,0.9864,1.0,,0,0,2,0,0,0,0,• x4,0,,"{""’"": 2, ""•"": 6}",{},0,8,0,
528,,,markitdown,single,0,0,,0.4,15,87,87,1.0,1.0,1.0,,0,0,0,0,0,0,0,,0,,{},{},2,14,0,
529,,,markitdown,single,0,0,,0.839,31,316,316,1.0,1.0,1.0,,0,1,0,0,0,0,0,• x4,0,,"{""“"": 1, ""”"": 1, ""•"": 4}",{},0,39,0,
530,,,markitdown,single,0,0,,0.793,29,323,327,1.0,0.9878,1.0,,0,0,2,0,0,0,0,,0,,"{""’"": 3}",{},0,14,0,
531,,,markitdown,single,0,0,,0.536,28,247,261,1.0,0.9464,1.0,,0,0,0,0,0,0,0,,0,,{},{},0,20,0,
532,,,markitdown,single,0,0,,0.542,24,234,245,1.0,0.9551,1.0,,0,1,0,0,0,0,0,,0,,"{""’"": 5, ""“"": 1, ""”"": 1}",{},0,14,0,
533,,,markitdown,single,0,0,,0.588,17,162,162,1.0,1.0,1.0,,0,0,0,0,0,0,0,,0,,{},{},2,10,0,
534,,,markitdown,single,0,0,,0.3,10,67,67,1.0,1.0,1.0,,0,0,0,0,0,0,0,,0,,{},{},1,14,0,
535,,,markitdown,single,0,0,,0.842,19,201,201,1.0,1.0,1.0,,0,0,0,0,0,0,0,,0,,"{""’"": 1, ""“"": 1, ""”"": 1}",{},2,2,0,
536,,,markitdown,single,0,0,,0.471,17,106,120,1.0,0.8833,1.0,,3,2,2,0,0,0,0,,0,,"{""’"": 1}",{},2,13,0,
537,,,markitdown,single,0,0,,0.581,31,254,259,0.9921,0.973,0.9921,,2,0,3,0,0,0,0,,0,,{},{},0,17,0,
538,,,markitdown,single,0,0,,0.667,12,125,125,1.0,1.0,1.0,,0,0,0,0,0,0,0,,0,,"{""“"": 1, ""”"": 1}",{},0,17,0,
539,,,markitdown,single,0,0,,0.778,9,78,78,1.0,1.0,1.0,,0,0,0,0,0,0,0,,0,,{},{},1,6,0,
540,,,markitdown,single,0,0,,0.353,17,158,158,1.0,1.0,1.0,,0,0,0,0,0,0,0,,0,,{},{},1,2,0,
541,,,markitdown,single,0,0,,0.6,5,34,38,1.0,0.8947,1.0,,0,0,2,0,0,0,0,,0,,"{""’"": 1}",{},1,3,0,
542,,,markitdown,single,0,0,,0.0,1,1,1,1.0,1.0,1.0,,0,0,0,0,0,0,0,,0,,{},{},0,2,0,
543,,,markitdown,single,0,0,,0.714,7,42,42,1.0,1.0,1.0,,0,0,0,0,0,0,0,,0,,"{""’"": 1}",{},1,3,0,
544,,,markitdown,single,0,0,,0.0,1,1,1,1.0,1.0,1.0,,0,0,0,0,0,0,0,,0,,{},{},0,2,0,
545,,,markitdown,single,0,0,,0.224,58,206,209,0.9854,0.9713,0.9854,,0,0,0,0,0,0,0,,0,,{},{},0,0,49,
546,,,markitdown,single,0,0,,0.301,73,244,253,0.9795,0.9447,0.9795,,0,0,1,0,0,0,0,,0,,{},{},0,3,58,
547,,,markitdown,single,0,0,,0.22,41,255,262,0.9843,0.958,0.9843,,0,0,1,0,0,0,0,,0,,{},{},0,3,57,
548,,,markitdown,single,0,0,,0.0,76,244,250,0.9795,0.956,0.9795,,0,0,1,0,0,0,0,,0,,{},{},0,3,66,
549,,,markitdown,single,0,0,,0.422,45,260,267,0.9885,0.9625,0.9885,,0,0,1,0,0,0,0,,0,,{},{},0,3,66,
550,,,markitdown,single,0,0,,0.0,1,1,1,1.0,1.0,1.0,,0,0,0,0,0,0,0,,0,,{},{},0,3,0,
