표제어,표제어 영타(한타),검색어1,검색어2,검색어3,검색어4,검색어5,검색어6,검색어7,검색어8,검색어9,검색어10,검색어11,검색어12,검색어13,검색어14,검색어15,검색어16,검색어17,검색어18,검색어19,검색어20,검색어21,검색어22,검색어23,검색어24,검색어25,검색어26,검색어27,검색어28,검색어29,검색어30,검색어31,검색어32,검색어33,검색어34,검색어35,검색어36,검색어37,검색어38,검색어39,검색어40,검색어41,검색어42,검색어43
산업재해율,tksdjqwogodbf,산재율,산업재해률,산재률,재해율,"산업재해율  (産業災害率 , industry accident rate)",산업안전재해율,,,,,,,,,,,,,,,,,,,,,,,,,,,,,,,,,,,,,
위험성평가시스템,dnlgjatjdvudrktltmxpa,크라스,KRAS,크라쓰,위험성평가지원시스템,안전꼼꼼이,안전꼼꼼e,위평시스템,KRAS 2.0,위평지원시스템,kras,Kras,,,,,,,,,,,,,,,,,,,,,,,,,,,,,,,,
코사가이드,zhtirkdlem,KOSHA GUIDE,kosha guide,기술지원규정,안전보건기술지침,기술지침,안전기술지침,보건기술지침,GUIDE 코샤코드,KOSHA CODE,기술규정,기술기준,KOSHA Guide(기술지침) 길라잡이,KOSHA Guide,코샤 가이드,KOSHA Guide(기술지침),kosha-guide,kosha code,안전보건기술지침(KOSHA GUIDE),기술지원규정(KOSHA GUIDE),KOSHA 가이드,,,,,,,,,,,,,,,,,,,,,,,
건설일용직,rjstjfdlfdydwlr,일용직,건설 일용근로자,건설현장 일용직 근로자,건설현장 근로자,현장 인력,건설업 일용근로자,건설근로자,,,,,,,,,,,,,,,,,,,,,,,,,,,,,,,,,,,,
픽토그램,vlrxhrmfoa,GHS 그림문자(픽토그램),그림문자,GHS,ghs,그림기호,상형기호,기호 그림,안내 그림기호,표지기호,GHS그림문자,,,,,,,,,,,,,,,,,,,,,,,,,,,,,,,,,
산안법,tksdksqjq,산업안전재해보건법,산업안전보건법,산업안전보건법령,,,,,,,,,,,,,,,,,,,,,,,,,,,,,,,,,,,,,,,,
산업안전관리비,tksdjqdkswjsrhksflql,산업안전보건관리비,안전관리비,,,,,,,,,,,,,,,,,,,,,,,,,,,,,,,,,,,,,,,,,
작업 전 안전점검 회의,wkrdjq wjs dkswjswjarja ghldml,TBM,티비엠,안전점검회의,Tool Box meeting,tbm,작업 전 안전점검,tbm 일지,TBM 일지,tbm자료,,,,,,,,,,,,,,,,,,,,,,,,,,,,,,,,,,
공정안전보고서,rhdwjddkswjsqhrhtj,PSM,피에스엠,psm,e-psm,공정안전관리제도(PSM)제도 안내 리플렛,p&id,,,,,,,,,,,,,,,,,,,,,,,,,,,,,,,,,,,,,
산재예방시설자금융자지원,tkswodPqkdtltjfwkrmadbdwkwldnjs,산재예방시설비용지원,산재예방시설융자지원,예방시설자금지원,예방시설융자지원,융자지원,융자금 지원,산업재해예방시설 융자지원,산재예방시설자금,보조 융자금,,,,,,,,,,,,,,,,,,,,,,,,,,,,,,,,,,
물질안전보건자료,anfwlfdkswjsqhrjswkfy,MSDS,엠에스디에스,Msds,msds,MSDS 검색,엠에스디에,물질안전자료,,,,,,,,,,,,,,,,,,,,,,,,,,,,,,,,,,,,
안전인증,dkswjsdlswmd,KCS,케이씨에스,인증,의무안전인증,의무안전,kcs,kcs인증,,,,,,,,,,,,,,,,,,,,,,,,,,,,,,,,,,,,
가설기자재,rktjfrlwkwo,가설재,가설,가설기자재인증,,,,,,,,,,,,,,,,,,,,,,,,,,,,,,,,,,,,,,,,
방폭기기안전인증,qkdvhrrlrldkswjsdlswmd,방폭인증,방폭안전인증,방폭,방폭안전,,,,,,,,,,,,,,,,,,,,,,,,,,,,,,,,,,,,,,,
안전관리비,dkswjsrhksflql,산업안전보건관리비,안전보건관리비,,,,,,,,,,,,,,,,,,,,,,,,,,,,,,,,,,,,,,,,,
방호장치보호구,qkdghwkdclqhghrn,방호장치,보호구,,안전장치인증,안전장치,방호장치보호구인증,안전보호구,,,,,,,,,,,,,,,,,,,,,,,,,,,,,,,,,,,,
안전보건경영시스템,dkswjsqhrjsruddudtltmxpa,KOSHA-MS ,KOSHAMS ,코샤엠에스,kosha-ms,kosha ms,안전보건경영시스템(KOSHA-MS),,,,,,,,,,,,,,,,,,,,,,,,,,,,,,,,,,,,,
코숨,zhtna,코-숨,스마트환기관리평가도구,환기관리평가도구,,,,,,,,,,,,,,,,,,,,,,,,,,,,,,,,,,,,,,,,
사업장관리번호,tkdjqwkdrhksflqjsgh,관리번호,산재보험관리번호,산재관리번호,사업장 관리번호,,,,,,,,,,,,,,,,,,,,,,,,,,,,,,,,,,,,,,,
사업개시번호,tkdjqrotlqjsgh,개시번호,사업장개시번호,사업개시번호조회,,,,,,,,,,,,,,,,,,,,,,,,,,,,,,,,,,,,,,,,
심층건강진단,tlacmdrjsrkdwlseks,심층검진,심층건강검진,뇌·심혈관질환건강진단,뇌·심혈관질환건강검진,뇌·심혈관질환검진,뇌·심혈관건강진단,뇌·심혈관건강검진,뇌·심혈관검진,뇌·심건강진단,뇌·심건강검진,뇌·심검진,뇌심혈관질환건강진단,뇌심혈관질환건강검진,뇌심혈관질환검진,뇌심혈관건강진단,뇌심혈관건강검진,뇌심혈관검진,뇌심건강진단,뇌심건강검진,뇌심검진,뇌·심혈관질환심층건강진단,뇌·심혈관질환심층건강검진,뇌·심혈관질환심층검진,뇌·심혈관심층건강진단,뇌·심혈관심층건강검진,뇌·심혈관심층검진,뇌·심심층건강진단,뇌·심심층건강검진,뇌·심심층검진,뇌심혈관질환심층건강진단,뇌심혈관질환심층건강검진,뇌심혈관질환심층검진,뇌심혈관심층건강진단,뇌심혈관심층건강검진,뇌심혈관심층검진,뇌심심층건강진단,뇌심심층건강검진,뇌심심층검진,심층건강진단 비용지원 사업안내(리플릿),뇌혈관,심혈관질환,심혈관계,혈관질환
근로복지공단,rmsfhqhrwlrhdeks,근복,,,,,,,,,,,,,,,,,,,,,,,,,,,,,,,,,,,,,,,,,,
안전투자,dkswjsxnwk,안투,안전투자혁신,안전투자혁신사업,,,,,,,,,,,,,,,,,,,,,,,,,,,,,,,,,,,,,,,,
KSIGN,케이사인,케이싸인,,,,,,,,,,,,,,,,,,,,,,,,,,,,,,,,,,,,,,,,,,
패트롤,voxmfhf,패트롤점검,패트롤현장점검,patrol,Patrol,,,,,,,,,,,,,,,,,,,,,,,,,,,,,,,,,,,,,,,
안전동행,dkswjsehdgod,안동,안전동행지원,안전동행 지원사업,안전동행지원사업,안정동행,,,,,,,,,,,,,,,,,,,,,,,,,,,,,,,,,,,,,,
연구원 근로환경조사,dusrndnjs rmsfhghksrudwhtk,KWCS,근로환경조사,,,,,,,,,,,,,,,,,,,,,,,,,,,,,,,,,,,,,,,,,
후방감지기,gnqkdrkawlrl,후진감지기,,,,,,,,,,,,,,,,,,,,,,,,,,,,,,,,,,,,,,,,,,
건강진단,rjsrkdwlseks,건강검진,건강검사,검진,일반건강진단,일반건강검진,,,,,,,,,,,,,,,,,,,,,,,,,,,,,,,,,,,,,,
비용,qldyd,자금,,,,,,,,,,,,,,,,,,,,,,,,,,,,,,,,,,,,,,,,,,
내역,sodur,이력,현황,,,,,,,,,,,,,,,,,,,,,,,,,,,,,,,,,,,,,,,,,
근로자수,rmsfhwktn,직원수,근무자수,상시근로자수,,,,,,,,,,,,,,,,,,,,,,,,,,,,,,,,,,,,,,,,
담당자,ekaekdwk,담당부서,담당직원,소관부서,,,,,,,,,,,,,,,,,,,,,,,,,,,,,,,,,,,,,,,,
비밀번호,qlalfqjsgh,비번,패스워드,password,pwd,,,,,,,,,,,,,,,,,,,,,,,,,,,,,,,,,,,,,,,
벌금,qjfrma,과태료,,,,,,,,,,,,,,,,,,,,,,,,,,,,,,,,,,,,,,,,,,
홈페이지,ghavpdlwl,사이트,누리집,웹사이트,홈피,website,web site,homepage,,,,,,,,,,,,,,,,,,,,,,,,,,,,,,,,,,,,
건설업기초안전보건교육,rjstjfdjqrlchdkswjsqhrjsrydbr,건기초,건기초 보건교육,건설업 기초교육,기초안전보건교육,건설업 기초안전보건교육,건설기초안전교육,기초안전교육,건설업 기초교육,건설업기초교육,건설기초안전,건설기초,건설업 기초안전보건교육 안내,건설기초교육,건설업 기초안전교육,건설 안전 교육,건설안전교육,기초건설안전,건설업기초안전,,,,,,,,,,,,,,,,,,,,,,,,,
제조서비스업,wpwhtjqltmdjq,제조∙서비스업,,,,,,,,,,,,,,,,,,,,,,,,,,,,,,,,,,,,,,,,,,
안전일터 조성지원,dkswjsdlfxj whtjdwldnjs,클린사업장 조성지원,클린사업장,클린사업,안전일터,클린사업장조성,안전일터조성사업,클린사업장 조성지원사업,안전일터 조성지원사업,,,,,,,,,,,,,,,,,,,,,,,,,,,,,,,,,,,
건강일터 조성지원,rjsrkddlfxj whtjdwldnjs,클린사업장 조성지원,클린사업장,건강일터,클린사업,건강일터조성지원,클린사업장조성,건강일터조성지원사업,클린사업장 조성지원사업,,,,,,,,,,,,,,,,,,,,,,,,,,,,,,,,,,,
뇌심,shltla,뇌∙심,심뇌,,,,,,,,,,,,,,,,,,,,,,,,,,,,,,,,,,,,,,,,,
양도양수,didehdidtn,양도∙양수,양수양도,,,,,,,,,,,,,,,,,,,,,,,,,,,,,,,,,,,,,,,,,
원콜,dnjszhf,원-콜,One-Call,one-call,OneCall,onecall,원콜서비스,,,,,,,,,,,,,,,,,,,,,,,,,,,,,,,,,,,,,
기계설비,rlrPtjfwl,기계∙설비,,,,,,,,,,,,,,,,,,,,,,,,,,,,,,,,,,,,,,,,,,
심사확인,tlatkghkrdls,심사∙확인,,,,,,,,,,,,,,,,,,,,,,,,,,,,,,,,,,,,,,,,,,
IoT,아이오티,i.o.t,,,,,,,,,,,,,,,,,,,,,,,,,,,,,,,,,,,,,,,,,,
유해위험방지계획서,dbgodnlgjaqkdwlrPghlrtj,유방계,유해위험,유해위험방지,방지계획서,유해방지계획서,,,,,,,,,,,,,,,,,,,,,,,,,,,,,,,,,,,,,,
작업환경측정,wkrdjqghksrudcmrwjd,작측,,,,,,,,,,,,,,,,,,,,,,,,,,,,,,,,,,,,,,,,,,
특수건강진단,xmrtnrjsrkdwlseks,특검,특수검진,특수건강검진,특수건강,특수건강검진조회,특수건강진단 결과표,,,,,,,,,,,,,,,,,,,,,,,,,,,,,,,,,,,,,
특수형태근로종사자,xmrtngudxormsfhwhdtkwk,특고,특수형태근로자,특수고용직,특수고용노동자,특수근로자,특수종사자,특수형태고용근로자,,,,,,,,,,,,,,,,,,,,,,,,,,,,,,,,,,,,
위험성평가,dnlgjatjfvudrk,위평,위험성 평가,,,,,,,,,,,,,,,,,,,,,,,,,,,,,,,,,,,,,,,,,
화학물질관리법,ghkgkranfwlfrhksflqjq,화관법,화학물질 관리요령,,,,,,,,,,,,,,,,,,,,,,,,,,,,,,,,,,,,,,,,,
CAS,카스,CAS 번호,CAS NO,,,,,,,,,,,,,,,,,,,,,,,,,,,,,,,,,,,,,,,,,
중소,wndth,중∙소,,,,,,,,,,,,,,,,,,,,,,,,,,,,,,,,,,,,,,,,,,
화재폭발,ghkwovhrqkf,화재∙폭발,화재 폭발,,,,,,,,,,,,,,,,,,,,,,,,,,,,,,,,,,,,,,,,,
해체제거,gocpwprj,해체∙제거,,,,,,,,,,,,,,,,,,,,,,,,,,,,,,,,,,,,,,,,,,
산업보건 고위험 종합관리,tksdjqqhrjs rhdnlgja whdgkqrhksfl,산고종,고위험요인,고위험,,,,,,,,,,,,,,,,,,,,,,,,,,,,,,,,,,,,,,,,
옥내외,dhrsodhl,옥∙내외,,,,,,,,,,,,,,,,,,,,,,,,,,,,,,,,,,,,,,,,,,
노사,shtk,노∙사,,,,,,,,,,,,,,,,,,,,,,,,,,,,,,,,,,,,,,,,,,
API,에이피아이,api,,,,,,,,,,,,,,,,,,,,,,,,,,,,,,,,,,,,,,,,,,
산업기계,tksdjqrlrP,S마크 인증,S마크,에스마크,S-마크,산업기계인증,,,,,,,,,,,,,,,,,,,,,,,,,,,,,,,,,,,,,,
자율안전확인신고,wkdbfdkswjsghkrdlstlsrh,자율안전확인,자율안전확인신고서,,,,,,,,,,,,,,,,,,,,,,,,,,,,,,,,,,,,,,,,,
위험기계기구,dnlgjarlrPrlrn,위험기계,miis,엠아이아이에스,유해위험기계기구,유해위험기계기구 종합정보시스템,유해위험기구,,,,,,,,,,,,,,,,,,,,,,,,,,,,,,,,,,,,,
배치전 건강진단,qoclwjs rjsrkdwlseks,배치전검사,배치전 건강진단 (配置前 健康診斷),배치전건강검진,배치전 건강검진,특수 · 배치전건강진단,배치전건강진단,배치전 건강,배치전 검진,,,,,,,,,,,,,,,,,,,,,,,,,,,,,,,,,,,
건강디딤돌,rjsrkdelelaehf,디딤돌,건강디딤돌사업,건강디딤돌 사업,디딤돌,건강 디딤돌,소규모 사업장 건강디딤돌,디딤돌 사업,디딤돌사업,elelaehf,사업장디딤돌,,,,,,,,,,,,,,,,,,,,,,,,,,,,,,,,,
지게차,wlrpck,지개차,wlrock,,지계차,,,,,,,,,,,,,,,,,,,,,,,,,,,,,,,,,,,,,,,
스티커,tmxlzj,안전스티커,,,,,,,,,,,,,,,,,,,,,,,,,,,,,,,,,,,,,,,,,,
LOTO,로토,loto,,,lock out tag out,,,,,,,,,,,,,,,,,,,,,,,,,,,,,,,,,,,,,,,
특수형태근로종사자 교육,xmrtngudxormsfhwhdtkwk rydbr,특수형태근로종사자 안전보건교육,특수형태근로종사자교육,특수형태근로종사자 안전보건교육 안내,특수형태근로자(건설장비 운전자 등) 안전보건교육 관련 안내 (2020.1.16 시행),특수형태근로자교육,,,,,,,,,,,,,,,,,,,,,,,,,,,,,,,,,,,,,,
사업장 산업재해율 조회,tkdjqwkd tksdjqwogodbf whghl,사업장 산업재해율 조회결과,사업장 산업재해율조회,산업재해율확인서발급,사업장 산업재해율 조회 결과,산업재해율확인서 발급,산업재해율확인서 발급,사업장산업재해율조회,산업재해율 조회결과,사업장 산업재해율발급,산업재해율 확인,산업재해율 조회,산업재해율조회,산업재해율조회결과,산업재해율 확인서발급,사업장산업재해율조회결과,,,,,,,,,,,,,,,,,,,,,,,,,,,,
사업장 산업재해율,tkdjqwkd tksdjqwogodbf,재해율 확인서,산업재해율확인서,산업재해율 확인서,재해율확인서,사업장 산업재해율확인서,사업장 산업재해율 확인서,산업 재해율 확인서,사업장산업재해율확인서,산업 재해율확인서,산업재해률확인서,,,,,,,,,,,,,,,,,,,,,,,,,,,,,,,,,
재해통계,wogoxhdrP,재해통계,산업재해통계,재해사례,산업재해율표,재해 사례,,,,,,,,,,,,,,,,,,,,,,,,,,,,,,,,,,,,,,
산업재해조사표,tksdjqwogowhtkvy,산업재해 조사표,,,,,,,,,,,,,,,,,,,,,,,,,,,,,,,,,,,,,,,,,,
양식,didtlr,작성 양식,서식,형식,포맷,Format,틀,템플릿,양식서,작성 양식,인정서,서식자료,,,,,,,,,,,,,,,,,,,,,,,,,,,,,,,,
소음성 난청,thdmatjd skscjd,소음성 난청,난청,,,,,,,,,,,,,,,,,,,,,,,,,,,,,,,,,,,,,,,,,
안전보건교육,dkswjsqhrjsrydbr,산업안전보건교육,안전교육,안전관리자 교육,산업안전교육,안전보건관리책임자교육,안전보건 기본교육,보건안전교육,보건교육,안전보건관리책임자보수교육,보건관리자 보수교육,안전보건교육안내서,,,,,,,,,,,,,,,,,,,,,,,,,,,,,,,,
교육시스템,rydbrtltmxpa,안전보건교육 시스템,산업안전포털 교육시스템,산업안전포털교육,안전보건교육시스템,산업안전교육시스템,,,,,,,,,,,,,,,,,,,,,,,,,,,,,,,,,,,,,,
안전교육 자료,dkswjsrydbrwkfy,안전교육자료,안전보건교육자료,안전보건교육 자료,안전보건교육기본서,안전보건교육 기본서,,,,,,,,,,,,,,,,,,,,,,,,,,,,,,,,,,,,,,
에어컨,dpdjzjs,이동식에어컨,이동식 에어컨,이동식에어콘,코끼리에어컨,,,,,,,,,,,,,,,,,,,,,,,,,,,,,,,,,,,,,,,
미디어 현장배송,aleldj guswkdqothd,미디어 현장배송 서비스,미디어 배송,미디어 택배배송,미디어현장배송서비스,,,,,,,,,,,,,,,,,,,,,,,,,,,,,,,,,,,,,,,
엘리베이터,dpfflqpdlxj,elevator,엘베,승강기,,,,,,,,,,,,,,,,,,,,,,,,,,,,,,,,,,,,,,,,
안전보건공단,dkswjsqhrjsrhdeks,안보공,코샤,kosha,한국산업안전보건공단,안전공단,산업안전보건공단,,,,,,,,,,,,,,,,,,,,,,,,,,,,,,,,,,,,,
질식,wlftlr,질식사고,질식재해,질식 사고,질식 재해,질식위험,,,,,,,,,,,,,,,,,,,,,,,,,,,,,,,,,,,,,,
표지,vywl,표지판,포스터,poster,,,,,,,,,,,,,,,,,,,,,,,,,,,,,,,,,,,,,,,,
경고표지,rudrhvywl,"경고표지 (警告標指, warning sign)",,,,,,,,,,,,,,,,,,,,,,,,,,,,,,,,,,,,,,,,,,
자료,wkfy,자료실,자료마당,자료집,알림마당,정보마당,,,,,,,,,,,,,,,,,,,,,,,,,,,,,,,,,,,,,,
안전보건자료,dkswjsqhrjswkfy,안전보건 자료실,안전보건 자료마당,안전보건 자료집,안전보건 자료,,,,,,,,,,,,,,,,,,,,,,,,,,,,,,,,,,,,,,,
매뉴얼,aosbdjf,안내서,안내집,사용설명서,지침서,설명서,가이드,운영지침,manual,메뉴얼,,,,,,,,,,,,,,,,,,,,,,,,,,,,,,,,,,
씨씨티비,TlTLxlql,폐쇄회로 TV,CCTV,영상감시장치,감시카메라,보안카메라,영상정보처리기기,,,,,,,,,,,,,,,,,,,,,,,,,,,,,,,,,,,,,
동영상,ehddudtkd,영상,영상자료,동영상자료,비디오,video,영상물,영상 콘텐츠,영상 자료,클립,clip,미디어 콘텐츠,미디어,medio,비디오 콘텐츠,,,,,,,,,,,,,,,,,,,,,,,,,,,,,
중대재해처벌법,wndeowogocjqjfqjq,중대산업재해,중처법,중대시민재해,,,,,,,,,,,,,,,,,,,,,,,,,,,,,,,,,,,,,,,,
중대재해사이렌,wndeowogotkdlfps,중대재해사이렌,중대재해 발생 알림,중대재해발생알림,,,,,,,,,,,,,,,,,,,,,,,,,,,,,,,,,,,,,,,,
중대재해,wndeowogo,중대사고,중대 사고,,,,,,,,,,,,,,,,,,,,,,,,,,,,,,,,,,,,,,,,,
사고사망만인율,tkrhtkakdaksdlsdbf,사망만인율,사망만인율  (死亡萬人率 ),사망사고만인율,,,,,,,,,,,,,,,,,,,,,,,,,,,,,,,,,,,,,,,,
특수건강진단기관,xmrtnrjsrkdwlseksrlrhks,특수건강진단 병원,특수검진기관,특수건강검진 기관,특수검진병원,특수건강검진병원,특수검진 진료병원,,,,,,,,,,,,,,,,,,,,,,,,,,,,,,,,,,,,,
흙막이지보공,gmfrakrdlwlqhrhd,흙막이 지보공,흙막이공,토류벽,흙막이 가시설,굴착 가시설,흙막이,터파기,굴착,흙막이가시설,굴착가시설,,,,,,,,,,,,,,,,,,,,,,,,,,,,,,,,,
용접작업,dydwjqwkrdjq,용접,용접 작업,,,,,,,,,,,,,,,,,,,,,,,,,,,,,,,,,,,,,,,,,
화기작업,ghkrlwkrdjq,불꽃작업,화재위험작업,스파크작업,,,,,,,,,,,,,,,,,,,,,,,,,,,,,,,,,,,,,,,,
근골격계질환,rmsrhfrurrPwlfghks,근골격계,근골격계 질환,근골격계 질환 예방,근골격계,근골계,"근골격계 부담작업 (筋骨格系 負擔作業, work related muscuroskeletal disorder)",근골격계질환,근골격계 유해요인 조사,근골격계질환 유해위험요인조사,근골격계 부담작업,근골격계부담작업,근골격계부담작업 유해요인조사,근골격계질환 예방,근골격계 질환예방,,,,,,,,,,,,,,,,,,,,,,,,,,,,,
밀폐공간작업,alfvPrhdrkswkrdjq,밀폐공간,제한공간,폐쇄공간,밀폐공간 작업,밀폐공간 내 작업,제한공간 작업,폐쇄공간 작업,,,,,,,,,,,,,,,,,,,,,,,,,,,,,,,,,,,,
안전검사,dkswjsrjatk,안전 검사,정기안전검사,안전성검사,유해위험기계 안전검사,,,,,,,,,,,,,,,,,,,,,,,,,,,,,,,,,,,,,,,
한랭질환,gksfodwlfghks,저온질환,저체온증,동상,동창,침수병,추위질환,혹한기질환,,,,,,,,,,,,,,,,,,,,,,,,,,,,,,,,,,,,
비계,qlrP,비게,아시바,아시바 작업,비계 작업,작업발판,족장,비계작업,아시바작업,,,,,,,,,,,,,,,,,,,,,,,,,,,,,,,,,,,
